         w __cxa_pure_virtual
         w __deregister_frame_info
         w __gnu_Unwind_Find_exidx
         w __register_frame_info
         w pthread_cancel
         w pthread_cond_broadcast
         w pthread_cond_wait
         w pthread_getspecific
         w pthread_key_create
         w pthread_key_delete
         w pthread_mutex_lock
         w pthread_mutex_unlock
         w pthread_once
         w pthread_setspecific
         w userAppExit
         w userAppInit
00000000 00000802 B __ctru_dev_utf16_buf
00000000 A __sync_synchronize
00000000 b _TLS_MODULE_BASE_
00000000 a shift
00000000 a shift
00000804 00000401 B __ctru_dev_path_buf
00100000 A __start__
00100000 T _start
00100008 T __service_ptr
0010000c T __apt_appid
00100010 T __heap_size
00100014 T __linear_heap_size
00100018 T __system_arglist
0010001c T __system_runflags
00100020 t startup
00100058 t ClearMem
0010006c t ClrLoop
00100094 T _init
001000ac t .udivsi3_skip_div0_test
001000ac T __aeabi_uidiv
001000ac 000001ec T __udivsi3
00100298 00000020 T __aeabi_uidivmod
001002b8 T __aeabi_idiv
001002b8 00000220 T __divsi3
001002c0 t .divsi3_skip_div0_test
001004d8 00000020 T __aeabi_idivmod
001004f8 00000004 W __aeabi_idiv0
001004f8 00000004 W __aeabi_ldiv0
001004fc T __aeabi_drsub
00100504 000002b0 T __aeabi_dsub
00100504 000002b0 T __subdf3
00100508 000002ac T __adddf3
00100508 000002ac T __aeabi_dadd
001007b4 00000024 T __aeabi_ui2d
001007b4 00000024 T __floatunsidf
001007d8 00000028 T __aeabi_i2d
001007d8 00000028 T __floatsidf
00100800 00000048 T __aeabi_f2d
00100800 00000048 T __extendsfdf2
00100848 00000074 T __aeabi_ul2d
00100848 00000074 T __floatundidf
0010085c 00000060 T __aeabi_l2d
0010085c 00000060 T __floatdidf
001008bc T __aeabi_ldivmod
00100990 T __aeabi_uldivmod
001009cc 00000014 T __restore_core_regs
001009cc 00000014 T restore_core_regs
001009e0 T __gnu_Unwind_Restore_VFP
001009e8 T __gnu_Unwind_Save_VFP
001009f0 T __gnu_Unwind_Restore_VFP_D
001009f8 T __gnu_Unwind_Save_VFP_D
00100a00 T __gnu_Unwind_Restore_VFP_D_16_to_31
00100a08 T __gnu_Unwind_Save_VFP_D_16_to_31
00100a10 T __gnu_Unwind_Restore_WMMXD
00100a54 T __gnu_Unwind_Save_WMMXD
00100a98 T __gnu_Unwind_Restore_WMMXC
00100aac T __gnu_Unwind_Save_WMMXC
00100ac0 00000024 T ___Unwind_RaiseException
00100ac0 00000024 T _Unwind_RaiseException
00100ae4 00000024 T ___Unwind_Resume
00100ae4 00000024 T _Unwind_Resume
00100b08 00000024 T ___Unwind_Resume_or_Rethrow
00100b08 00000024 T _Unwind_Resume_or_Rethrow
00100b2c 00000024 T ___Unwind_ForcedUnwind
00100b2c 00000024 T _Unwind_ForcedUnwind
00100b50 00000024 T ___Unwind_Backtrace
00100b50 00000024 T _Unwind_Backtrace
00100b88 00000390 T strcmp
00100f10 t __do_global_dtors_aux
00100f60 t frame_dummy
00100f8c 00000004 W Ground::~Ground()
00100f8c 00000004 W Ground::~Ground()
00100f90 00000020 W Ground::~Ground()
00100fb0 00000034 W Ground::draw(C3D_RenderTarget_tag*)
00100fe4 00000014 T GameManager::GameManager(int)
00100fe4 00000014 T GameManager::GameManager(int)
00100ff8 00000184 T GameManager::init()
0010117c 00000020 T GameManager::exit()
0010119c 00000090 T GameManager::draw(C3D_RenderTarget_tag*)
0010122c 00000030 T GameManager::update(int&)
0010125c 00000008 W std::ctype<char>::do_widen(char) const
00101264 00000184 T main
001013e8 00000044 t C2Di_FrameEndHook
00101430 0000036c T C2D_Init
0010179c 0000004c T C2D_Fini
001017e8 000000b8 T C2D_Prepare
001018a0 00000048 T C2D_Flush
001018e8 00000104 T C2D_SceneSize
001019ec 00000058 T C2D_CreateScreenTarget
00101a44 00000064 T C2D_TargetClear
00101aa8 00000058 T C2Di_AppendQuad
00101b00 00000550 T C2Di_Update
00102050 00000158 T C2D_DrawRectangle
001021a8 00000028 T AttrInfo_Init
001021d0 00000094 T AttrInfo_AddLoader
00102264 00000054 T C3D_SetAttrInfo
001022b8 00000080 T C3Di_AttrInfoBind
00102338 00000004 W C3Di_LightEnvUpdate
0010233c 00000004 W C3Di_LightEnvDirty
00102340 000000b4 t C3Di_AptEventHook
001023f4 00000004 W C3Di_GasUpdate
001023f8 000001d0 T C3D_Init
001025c8 00000098 T C3D_SetViewport
00102660 000004e8 T C3Di_UpdateContext
00102b48 000000e0 T C3Di_SplitFrame
00102c28 00000044 T C3D_Fini
00102c6c 00000194 T C3D_BindProgram
00102e00 00000024 T BufInfo_Init
00102e24 00000080 T BufInfo_Add
00102ea4 0000003c T C3D_SetBufInfo
00102ee0 00000048 T C3Di_BufInfoBind
00102f28 0000021c T C3D_DrawElements
00103144 00000040 T C3D_DepthMap
00103184 0000001c T C3D_CullFace
001031a0 00000040 T C3D_StencilTest
001031e0 00000024 T C3D_StencilOp
00103204 0000001c T C3D_BlendingColor
00103220 00000024 T C3D_EarlyDepthTest
00103244 0000002c T C3D_DepthTest
00103270 0000002c T C3D_AlphaTest
0010329c 00000050 T C3D_AlphaBlend
001032ec 00000030 T C3D_FragOpMode
0010331c 00000044 T C3D_FragOpShadow
00103360 000001ac T C3Di_EffectBind
0010350c 0000001c T C3D_CalcColorBufSize
00103528 0000001c T C3D_CalcDepthBufSize
00103544 00000044 T C3D_SetFrameBuf
00103588 0000016c T C3Di_FrameBufBind
001036f4 000000c8 T C3D_FrameBufClear
001037bc 00000044 T C3D_FrameBufTransfer
00103800 000000a8 T C3D_ImmSendAttrib
001038a8 00000070 T C3D_ProcTexInit
00103918 00000054 T C3D_ProcTexBind
0010396c 0000005c T C3D_ProcTexLutBind
001039c8 000000a4 T ProcTexLut_FromArray
00103a6c 00000178 T C3Di_ProcTexUpdate
00103be4 00000068 T C3Di_ProcTexDirty
00103c4c 0000004c t onVBlank0
00103c98 0000004c t onVBlank1
00103ce4 00000080 t C3Di_RenderTargetDestroy
00103d64 000000f4 t onQueueFinish
00103e58 00000038 T C3Di_RenderQueueEnableVBlank
00103e90 00000030 T C3Di_RenderQueueDisableVBlank
00103ec0 00000060 T C3Di_RenderQueueInit
00103f20 000000b4 T C3Di_RenderQueueExit
00103fd4 00000034 T C3Di_RenderQueueWaitDone
00104008 000000e8 T C3D_FrameBegin
001040f0 00000048 T C3D_FrameDrawOn
00104138 00000058 T C3D_FrameSplit
00104190 000001d0 T C3D_FrameEnd
00104360 0000001c T C3D_FrameEndHook
0010437c 00000170 T C3D_RenderTargetCreate
001044ec 000000a8 T C3D_RenderTargetSetOutput
00104594 00000034 T C3D_GetTexEnv
001045c8 00000024 T C3Di_TexEnvBind
001045ec 00000044 T C3D_TexBind
00104630 0000014c T C3Di_SetTex
0010477c 00000290 T C3D_UpdateUniforms
00104a0c 000000c0 T C3Di_DirtyUniforms
00104acc 000000d8 T C3Di_LoadShaderUniforms
00104ba4 00000028 T C3Di_ClearShaderUniforms
00104bcc 000000cc T Mtx_Ortho
00104c98 000000cc T Mtx_OrthoTilt
00104d64 00000024 t addrMapNodeComparator(rbtree_node const*, rbtree_node const*)
00104d88 00000004 t addrMapNodeDestructor(rbtree_node*)
00104d8c 0000012c T linearMemAlign
00104eb8 00000008 T linearAlloc
00104ec0 0000005c T linearFree
00104f1c 00000088 T MemPool::CoalesceRight(MemBlock*)
00104fa4 00000178 T MemPool::Allocate(MemChunk&, unsigned long, int)
0010511c 00000118 T MemPool::Deallocate(MemChunk const&)
00105234 00000030 T MemPool::GetFreeSpace()
00105264 00000024 t addrMapNodeComparator(rbtree_node const*, rbtree_node const*)
00105288 00000004 t addrMapNodeDestructor(rbtree_node*)
0010528c 00000248 T vramMemAlignAt
001054d4 0000000c T vramAlloc
001054e0 0000000c T vramAllocAt
001054ec 00000094 T vramFree
00105580 000001c8 T consoleDrawChar
00105748 00000170 T consolePrintChar
001058b8 00000c40 T con_write
001064f8 00000110 t newRow
00106608 00000180 T consoleInit
00106788 000000cc t gfxPresentFramebuffer
00106854 0000001c T gfxIsWide
00106870 000000f8 T gfxSetScreenFormat
00106968 00000010 T gfxSetDoubleBuffering
00106978 000000d8 T gfxInit
00106a50 00000010 T gfxInitDefault
00106a60 000000b8 T gfxExit
00106b18 000000a0 T gfxGetFramebuffer
00106bb8 00000100 T gfxFlushBuffers
00106cb8 00000028 T gfxScreenSwapBuffers
00106ce0 00000050 T gfxSwapBuffers
00106d30 00000050 T gfxSwapBuffersGpu
00106d80 00000074 T osConvertVirtToPhys
00106df4 00000054 T osGetTimeRef
00106e48 000000ec T osGetTime
00106f34 00000034 T __ctru_speedup_config
00106f68 00000008 t romfs_close
00106f70 000000ac t romfs_seek
0010701c 00000024 t romfs_dirreset
00107040 000000c0 t fill_dir
00107100 000002ac t romfs_dirnext
001073ac 00000074 t romfs_free
00107420 000000d0 t searchForFile.constprop.0
001074f0 000000d4 t searchForDir.constprop.0
001075c4 000001c0 t navigateToDir.constprop.0
00107784 00000114 t romfs_open
00107898 0000004c t romfs_chdir
001078e4 00000068 t romfs_diropen
0010794c 00000178 t romfs_stat
00107ac4 00000008 t romfs_dirclose
00107ad0 0000007c t romfs_fstat
00107b4c 000000d0 t romfs_read
00107c1c 0000028c T romfsMountFromFile
00107ea8 00000098 T romfsMountFromCurrentProcess
00107f40 00000258 T romfsMountSelf
00108198 000000a0 T romfsUnmount
00108238 0000013c T GPUCMD_Add
00108374 000000b0 T GPUCMD_Split
00108424 00000034 T f32tof16
00108458 00000034 T f32tof24
0010848c 00000038 T f32tof31
001084c4 00000010 T GX_BindQueue
001084d4 0000007c T GX_ProcessCommandList
00108550 00000074 T GX_MemoryFill
001085c4 00000074 T GX_DisplayTransfer
00108638 00000064 t gxCmdQueueDoCommands.part.0
0010869c 000000e4 T gxCmdQueueInterrupt
00108780 00000068 T gxCmdQueueClear
001087e8 00000108 T gxCmdQueueAdd
001088f0 00000080 T gxCmdQueueRun
00108970 00000064 T gxCmdQueueStop
001089d4 0000008c T gxCmdQueueWait
00108a60 000001e0 T shaderInstanceInit
00108c40 00000018 T shaderInstanceGetUniformLocation
00108c58 0000001c T shaderProgramInit
00108c74 00000074 T shaderProgramFree
00108ce8 00000094 T shaderProgramSetVsh
00108d7c 000008d0 T shaderProgramConfigure
0010964c 000001dc t DVLE_GenerateOutmap.part.0
00109828 000001ac T DVLB_ParseFile
001099d4 00000050 T DVLB_Free
00109a24 00000074 T DVLE_GetUniformRegister
00109a98 00000180 t aptConvertScreenForCapture
00109c18 00000008 W aptDspSleep
00109c20 00000004 W aptDspWakeup
00109c24 00000004 W aptDspCancel
00109c28 00000138 T aptSendCommand
00109d60 00000044 t aptExitProcess
00109da4 00000394 T aptExit
0010a138 000000d8 T aptHandleSleep
0010a210 00000034 T aptHook
0010a244 00000030 T aptUnhook
0010a274 00000084 T APT_SleepIfShellClosed
0010a2f8 00000078 T aptSetSleepAllowed
0010a370 00000084 T APT_UnlockTransition
0010a3f8 00000470 t aptEventHandler
0010a868 000000bc T APT_ReceiveParameter
0010a924 000000b0 t aptReceiveParameter.constprop.0
0010a9d8 00000294 t aptScreenTransfer
0010ac6c 000002d0 t aptWaitForWakeUp.isra.0
0010af3c 000000f4 T aptJumpToHomeMenu
0010b030 00000058 T aptMainLoop
0010b088 00000240 T aptInit
0010b2c8 00000090 T APT_CheckNew3DS
0010b358 00000104 T fsInit
0010b45c 0000003c T fsExit
0010b498 00000068 T fsExemptFromSession
0010b500 00000050 T fsUnexemptFromSession
0010b550 000000cc T FSUSER_OpenFile
0010b61c 000000cc T FSUSER_OpenFileDirectly
0010b6e8 000000b8 T FSUSER_DeleteFile
0010b7a0 000000f4 T FSUSER_RenameFile
0010b894 000000b8 T FSUSER_DeleteDirectory
0010b94c 000000d0 T FSUSER_CreateFile
0010ba1c 000000c0 T FSUSER_CreateDirectory
0010badc 000000f4 T FSUSER_RenameDirectory
0010bbd0 000000b4 T FSUSER_OpenDirectory
0010bc84 00000090 T FSUSER_OpenArchive
0010bd14 0000008c T FSUSER_CloseArchive
0010bda0 00000074 T FSUSER_GetSdmcArchiveResource
0010be14 00000064 T FSUSER_IsSdmcWritable
0010be78 00000064 T FSFILE_Read
0010bedc 0000006c T FSFILE_Write
0010bf48 00000044 T FSFILE_GetSize
0010bf8c 00000028 T FSFILE_SetSize
0010bfb4 0000003c T FSFILE_Close
0010bff0 00000024 T FSFILE_Flush
0010c014 00000060 T FSDIR_Read
0010c074 0000003c T FSDIR_Close
0010c0b0 00000c70 t gspHardwareInit
0010cd20 00000280 T gspInit
0010cfa0 00000110 T gspExit
0010d0b0 00000010 T gspHasGpuRight
0010d0c0 000000a4 T gspPresentBuffer
0010d164 00000030 T gspSetEventCallback
0010d194 00000050 T gspWaitForEvent
0010d1e4 0000004c T gspWaitForAnyEvent
0010d230 00000154 t gspEventThreadMain
0010d384 0000012c T gspSubmitGxCommand
0010d4b0 00000050 T GSPGPU_FlushDataCache
0010d500 00000034 T GSPGPU_SetLcdForceBlack
0010d534 00000080 T GSPGPU_AcquireRight
0010d5b4 0000005c T GSPGPU_ReleaseRight
0010d610 0000007c T GSPGPU_ImportDisplayCaptureInfo
0010d68c 0000002c T GSPGPU_SaveVramSysArea
0010d6b8 0000002c T GSPGPU_RestoreVramSysArea
0010d6e4 00000024 W hidShouldUseIrrst
0010d708 000001cc T hidInit
0010d8d4 000000e8 T hidExit
0010d9bc 000002a0 T hidScanInput
0010dc5c 00000010 T hidKeysDown
0010dc6c 000001a4 T irrstInit
0010de10 000000dc T irrstExit
0010deec 000000b4 T irrstScanInput
0010dfa0 00000024 T irrstKeysHeld
0010dfc4 00000078 T ptmSysmInit
0010e03c 0000003c T ptmSysmExit
0010e078 00000034 T PTMSYSM_ConfigureNew3DSCPU
0010e0ac 00000074 T rbtree_find
0010e120 00000010 T rbtree_init
0010e130 00000198 t do_insert
0010e2c8 00000008 T rbtree_insert
0010e2d0 00000310 T rbtree_remove
0010e5e0 00000090 T rbtree_rotate
0010e670 000000e8 T utf16_to_utf8
0010e758 000000c0 T utf8_to_utf16
0010e818 000001e8 W __system_allocateHeaps
0010ea00 00000038 W __libctru_init
0010ea38 0000016c W __system_initArgv
0010eba4 00000030 T __syscall_getreent
0010ebd4 00000064 T __syscall_gettod_r
0010ec38 00000004 T __syscall_lock_acquire
0010ec3c 00000004 T __syscall_lock_release
0010ec40 00000004 T __syscall_lock_acquire_recursive
0010ec44 00000004 T __syscall_lock_release_recursive
0010ec48 00000004 T __syscall_exit
0010ec4c 00000054 T initThreadVars
0010eca0 00000080 T __system_initSyscalls
0010ed20 T svcControlMemory
0010ed40 T svcQueryMemory
0010ed70 T svcExitProcess
0010ed78 T svcCreateThread
0010ed98 T svcExitThread
0010eda0 T svcSleepThread
0010eda8 T svcReleaseMutex
0010edb0 T svcCreateEvent
0010edc4 T svcSignalEvent
0010edcc T svcClearEvent
0010edd4 T svcMapMemoryBlock
0010eddc T svcUnmapMemoryBlock
0010ede4 T svcCreateAddressArbiter
0010edf8 T svcArbitrateAddressNoTimeout
0010ee00 T svcCloseHandle
0010ee08 T svcWaitSynchronization
0010ee10 T svcWaitSynchronizationN
0010ee38 T svcDuplicateHandle
0010ee4c T svcGetSystemTick
0010ee54 T svcConnectToPort
0010ee68 T svcSendSyncRequest
0010ee70 T svcGetResourceLimit
0010ee84 T svcGetResourceLimitLimitValues
0010ee8c T svcGetResourceLimitCurrentValues
0010ee94 T svcBreak
0010ee9c T __aeabi_read_tp
0010eea8 W initSystem
0010eef8 W __ctru_exit
0010ef0c 0000008c W envGetHandle
0010ef98 00000050 W envDestroyHandles
0010efe8 00000164 T srvInit
0010f14c 00000064 T srvExit
0010f1b0 00000060 T srvEnableNotification
0010f210 000000a0 T srvGetServiceHandleDirect
0010f2b0 00000048 T srvGetServiceHandle
0010f2f8 00000034 T srvSubscribe
0010f32c 00000060 T srvReceiveNotification
0010f38c 00000038 T srvPublishToSubscriber
0010f3c4 0000000c T __sync_init
0010f3d0 00000018 T __sync_fini
0010f3e8 00000028 T syncArbitrateAddress
0010f410 000000ac T LightLock_Lock
0010f4bc 00000040 T LightLock_Unlock
0010f4fc 00000054 T RecursiveLock_Lock
0010f550 00000054 T RecursiveLock_Unlock
0010f5a4 00000044 T LightEvent_Init
0010f5e8 000000b8 T LightEvent_Clear
0010f6a0 000000dc T LightEvent_Signal
0010f77c 00000050 T LightEvent_TryWait
0010f7cc 000000ac T LightEvent_Wait
0010f878 000001fc T threadCreate
0010fa74 00000038 T threadFree
0010faac 00000024 T threadJoin
0010fad0 00000030 T threadGetCurrent
0010fb00 00000040 T threadExit
0010fb40 00000020 t _thread_begin
0010fb60 00000090 t mappableFindAddressWithin
0010fbf0 00000028 T mappableInit
0010fc18 0000007c T mappableAlloc
0010fc94 00000004 T mappableFree
0010fc98 0000000c T srvPmGetSessionHandle
0010fca4 00000060 T rbtree_node_next
0010fd04 00000054 T decode_utf16
0010fd58 00000140 T decode_utf8
0010fe98 00000054 T encode_utf16
0010feec 000000e0 T encode_utf8
0010ffcc 00000030 W __appExit
0010fffc 00000030 W __appInit
0011002c 00000090 W __libctru_exit
001100bc 00000014 t archive_link
001100d0 00000014 t archive_dirreset
001100e4 00000014 t archive_chmod
001100f8 00000024 t error_cmp
0011011c 00000050 t archive_translate_error
0011016c 000000c0 t archive_seek
0011022c 00000078 t _archiveInit.part.0
001102a4 000000d4 t archiveFindDevice.part.0
00110378 00000298 t archive_utf16path
00110610 00000098 t _archiveUnmountDeviceStruct.part.0
001106a8 00000014 t archive_statvfs
001106bc 00000014 t archive_fchmod
001106d0 00000178 t _archiveMountDevice
00110848 000000f8 t archive_diropen
00110940 000000ac t archive_fstat
001109ec 00000074 t archive_fsync
00110a60 00000074 t archive_close
00110ad4 00000078 t archive_dirclose
00110b4c 000000ec t sdmc_statvfs
00110c38 000000f8 t archive_chdir
00110d30 0000008c t archive_ftruncate
00110dbc 000000bc t archive_read
00110e78 000000a8 t archive_unlink
00110f20 000000c0 t archive_rmdir
00110fe0 000000d8 t archive_mkdir
001110b8 000001a0 t archive_stat
00111258 00000164 t archive_dirnext
001113bc 0000013c t archive_write
001114f8 00000254 t archive_open
0011174c 00000270 t archive_rename
001119bc 000001c8 T archiveMountSdmc
00111b84 00000054 T archiveUnmountAll
00111bd8 00000004 T operator delete(void*, unsigned int)
00111bdc 0000005c T operator new(unsigned int)
00111c38 0000000c t _GLOBAL__sub_I.00090__ZSt3cin
00111c44 0000000c t _GLOBAL__sub_D.00090__ZSt3cin
00111c50 00000530 t std::ios_base::Init::Init() [clone .part.0]
00112180 00000070 T std::ios_base::Init::Init()
00112180 00000070 T std::ios_base::Init::Init()
001121f0 000000bc T std::ios_base::Init::~Init()
001121f0 000000bc T std::ios_base::Init::~Init()
001122ac 0000000c W __gnu_cxx::__concurrence_lock_error::what() const
001122b8 0000000c W __gnu_cxx::__concurrence_unlock_error::what() const
001122c4 00000004 T std::locale::facet::~facet()
001122c4 00000004 T std::locale::facet::~facet()
001122c8 0000001c T std::locale::facet::~facet()
001122e4 00000020 W __gnu_cxx::__concurrence_lock_error::~__concurrence_lock_error()
001122e4 00000020 W __gnu_cxx::__concurrence_lock_error::~__concurrence_lock_error()
00112304 00000028 W __gnu_cxx::__concurrence_lock_error::~__concurrence_lock_error()
0011232c 00000020 W __gnu_cxx::__concurrence_unlock_error::~__concurrence_unlock_error()
0011232c 00000020 W __gnu_cxx::__concurrence_unlock_error::~__concurrence_unlock_error()
0011234c 00000028 W __gnu_cxx::__concurrence_unlock_error::~__concurrence_unlock_error()
00112374 00000020 T std::locale::facet::_S_initialize_once()
00112394 0000002c W __gnu_cxx::__throw_concurrence_unlock_error()
001123c0 0000005c T std::locale::locale(std::locale const&)
001123c0 0000005c T std::locale::locale(std::locale const&)
0011241c 00000008 T std::locale::locale(std::locale::_Impl*)
0011241c 00000008 T std::locale::locale(std::locale::_Impl*)
00112424 0000005c T std::locale::facet::_S_get_c_locale()
00112480 0000000c T std::locale::facet::_S_get_c_name()
0011248c 00000214 T std::locale::_Impl::~_Impl()
0011248c 00000214 T std::locale::_Impl::~_Impl()
001126a0 000000f0 T std::locale::operator=(std::locale const&)
00112790 0000009c T std::locale::~locale()
00112790 0000009c T std::locale::~locale()
0011282c 000006f0 T std::locale::_Impl::_M_install_facet(std::locale::id const*, std::locale::facet const*)
00112f20 00000414 T std::locale::_Impl::_M_install_cache(std::locale::facet const*, unsigned int)
00113334 0000008c T std::locale::id::_M_id() const
001133c0 00000038 t std::__facet_shims::(anonymous namespace)::collate_shim<char>::do_compare(char const*, char const*, char const*, char const*) const
001133f8 00000060 t std::__facet_shims::(anonymous namespace)::time_get_shim<char>::do_get_year(std::istreambuf_iterator<char, std::char_traits<char> >, std::istreambuf_iterator<char, std::char_traits<char> >, std::ios_base&, std::_Ios_Iostate&, tm*) const
00113458 00000060 t std::__facet_shims::(anonymous namespace)::time_get_shim<char>::do_get_monthname(std::istreambuf_iterator<char, std::char_traits<char> >, std::istreambuf_iterator<char, std::char_traits<char> >, std::ios_base&, std::_Ios_Iostate&, tm*) const
001134b8 00000060 t std::__facet_shims::(anonymous namespace)::time_get_shim<char>::do_get_weekday(std::istreambuf_iterator<char, std::char_traits<char> >, std::istreambuf_iterator<char, std::char_traits<char> >, std::ios_base&, std::_Ios_Iostate&, tm*) const
00113518 00000060 t std::__facet_shims::(anonymous namespace)::time_get_shim<char>::do_get_date(std::istreambuf_iterator<char, std::char_traits<char> >, std::istreambuf_iterator<char, std::char_traits<char> >, std::ios_base&, std::_Ios_Iostate&, tm*) const
00113578 00000060 t std::__facet_shims::(anonymous namespace)::time_get_shim<char>::do_get_time(std::istreambuf_iterator<char, std::char_traits<char> >, std::istreambuf_iterator<char, std::char_traits<char> >, std::ios_base&, std::_Ios_Iostate&, tm*) const
001135d8 00000010 t std::__facet_shims::(anonymous namespace)::time_get_shim<char>::do_date_order() const
001135e8 00000098 t std::__facet_shims::(anonymous namespace)::money_get_shim<char>::do_get(std::istreambuf_iterator<char, std::char_traits<char> >, std::istreambuf_iterator<char, std::char_traits<char> >, bool, std::ios_base&, std::_Ios_Iostate&, long double&) const
00113680 00000054 t std::__facet_shims::(anonymous namespace)::money_put_shim<char>::do_put(std::ostreambuf_iterator<char, std::char_traits<char> >, bool, std::ios_base&, char, long double) const
001136d4 00000014 t std::__facet_shims::(anonymous namespace)::messages_shim<char>::do_close(int) const
001136e8 00000030 t std::__facet_shims::(anonymous namespace)::messages_shim<char>::do_open(std::string const&, std::locale const&) const
00113718 00000038 t std::__facet_shims::(anonymous namespace)::collate_shim<wchar_t>::do_compare(wchar_t const*, wchar_t const*, wchar_t const*, wchar_t const*) const
00113750 00000060 t std::__facet_shims::(anonymous namespace)::time_get_shim<wchar_t>::do_get_year(std::istreambuf_iterator<wchar_t, std::char_traits<wchar_t> >, std::istreambuf_iterator<wchar_t, std::char_traits<wchar_t> >, std::ios_base&, std::_Ios_Iostate&, tm*) const
001137b0 00000060 t std::__facet_shims::(anonymous namespace)::time_get_shim<wchar_t>::do_get_monthname(std::istreambuf_iterator<wchar_t, std::char_traits<wchar_t> >, std::istreambuf_iterator<wchar_t, std::char_traits<wchar_t> >, std::ios_base&, std::_Ios_Iostate&, tm*) const
00113810 00000060 t std::__facet_shims::(anonymous namespace)::time_get_shim<wchar_t>::do_get_weekday(std::istreambuf_iterator<wchar_t, std::char_traits<wchar_t> >, std::istreambuf_iterator<wchar_t, std::char_traits<wchar_t> >, std::ios_base&, std::_Ios_Iostate&, tm*) const
00113870 00000060 t std::__facet_shims::(anonymous namespace)::time_get_shim<wchar_t>::do_get_date(std::istreambuf_iterator<wchar_t, std::char_traits<wchar_t> >, std::istreambuf_iterator<wchar_t, std::char_traits<wchar_t> >, std::ios_base&, std::_Ios_Iostate&, tm*) const
001138d0 00000060 t std::__facet_shims::(anonymous namespace)::time_get_shim<wchar_t>::do_get_time(std::istreambuf_iterator<wchar_t, std::char_traits<wchar_t> >, std::istreambuf_iterator<wchar_t, std::char_traits<wchar_t> >, std::ios_base&, std::_Ios_Iostate&, tm*) const
00113930 00000010 t std::__facet_shims::(anonymous namespace)::time_get_shim<wchar_t>::do_date_order() const
00113940 00000098 t std::__facet_shims::(anonymous namespace)::money_get_shim<wchar_t>::do_get(std::istreambuf_iterator<wchar_t, std::char_traits<wchar_t> >, std::istreambuf_iterator<wchar_t, std::char_traits<wchar_t> >, bool, std::ios_base&, std::_Ios_Iostate&, long double&) const
001139d8 00000054 t std::__facet_shims::(anonymous namespace)::money_put_shim<wchar_t>::do_put(std::ostreambuf_iterator<wchar_t, std::char_traits<wchar_t> >, bool, std::ios_base&, wchar_t, long double) const
00113a2c 00000014 t std::__facet_shims::(anonymous namespace)::messages_shim<wchar_t>::do_close(int) const
00113a40 00000030 t std::__facet_shims::(anonymous namespace)::messages_shim<wchar_t>::do_open(std::string const&, std::locale const&) const
00113a70 000000c0 t wchar_t* std::basic_string<wchar_t, std::char_traits<wchar_t>, std::allocator<wchar_t> >::_S_construct<wchar_t const*>(wchar_t const*, wchar_t const*, std::allocator<wchar_t> const&, std::forward_iterator_tag) [clone .isra.0]
00113b30 000000b0 t char* std::string::_S_construct<char const*>(char const*, char const*, std::allocator<char> const&, std::forward_iterator_tag) [clone .isra.0]
00113be0 00000074 t std::basic_string<wchar_t, std::char_traits<wchar_t>, std::allocator<wchar_t> >::~basic_string() [clone .isra.0]
00113c54 00000074 t std::basic_string<char, std::char_traits<char>, std::allocator<char> >::~basic_string() [clone .isra.0]
00113cc8 00000090 t std::__facet_shims::(anonymous namespace)::collate_shim<wchar_t>::do_transform(wchar_t const*, wchar_t const*) const
00113d58 000000ac t std::__facet_shims::(anonymous namespace)::messages_shim<wchar_t>::do_get(int, int, int, std::basic_string<wchar_t, std::char_traits<wchar_t>, std::allocator<wchar_t> > const&) const
00113e08 00000134 t std::__facet_shims::(anonymous namespace)::money_put_shim<wchar_t>::do_put(std::ostreambuf_iterator<wchar_t, std::char_traits<wchar_t> >, bool, std::ios_base&, wchar_t, std::basic_string<wchar_t, std::char_traits<wchar_t>, std::allocator<wchar_t> > const&) const
00113f40 00000134 t std::__facet_shims::(anonymous namespace)::money_put_shim<char>::do_put(std::ostreambuf_iterator<char, std::char_traits<char> >, bool, std::ios_base&, char, std::string const&) const
00114074 00000090 t std::__facet_shims::(anonymous namespace)::collate_shim<char>::do_transform(char const*, char const*) const
00114104 000000ac t std::__facet_shims::(anonymous namespace)::messages_shim<char>::do_get(int, int, int, std::string const&) const
001141b0 00000078 t void std::__facet_shims::(anonymous namespace)::__destroy_string<wchar_t>(void*)
00114228 00000078 t void std::__facet_shims::(anonymous namespace)::__destroy_string<char>(void*)
001142a0 0000007c t std::__facet_shims::(anonymous namespace)::messages_shim<char>::~messages_shim()
001142a0 0000007c t std::__facet_shims::(anonymous namespace)::messages_shim<char>::~messages_shim()
0011431c 0000007c t std::__facet_shims::(anonymous namespace)::messages_shim<wchar_t>::~messages_shim()
0011431c 0000007c t std::__facet_shims::(anonymous namespace)::messages_shim<wchar_t>::~messages_shim()
00114398 00000088 t std::__facet_shims::(anonymous namespace)::money_get_shim<char>::~money_get_shim()
00114398 00000088 t std::__facet_shims::(anonymous namespace)::money_get_shim<char>::~money_get_shim()
00114420 00000088 t std::__facet_shims::(anonymous namespace)::money_put_shim<char>::~money_put_shim()
00114420 00000088 t std::__facet_shims::(anonymous namespace)::money_put_shim<char>::~money_put_shim()
001144a8 00000088 t std::__facet_shims::(anonymous namespace)::money_get_shim<wchar_t>::~money_get_shim()
001144a8 00000088 t std::__facet_shims::(anonymous namespace)::money_get_shim<wchar_t>::~money_get_shim()
00114530 00000088 t std::__facet_shims::(anonymous namespace)::money_put_shim<wchar_t>::~money_put_shim()
00114530 00000088 t std::__facet_shims::(anonymous namespace)::money_put_shim<wchar_t>::~money_put_shim()
001145b8 00000088 t std::__facet_shims::(anonymous namespace)::time_get_shim<char>::~time_get_shim()
001145b8 00000088 t std::__facet_shims::(anonymous namespace)::time_get_shim<char>::~time_get_shim()
00114640 00000088 t std::__facet_shims::(anonymous namespace)::time_get_shim<wchar_t>::~time_get_shim()
00114640 00000088 t std::__facet_shims::(anonymous namespace)::time_get_shim<wchar_t>::~time_get_shim()
001146c8 00000084 t std::__facet_shims::(anonymous namespace)::messages_shim<char>::~messages_shim()
0011474c 00000084 t std::__facet_shims::(anonymous namespace)::messages_shim<wchar_t>::~messages_shim()
001147d0 00000088 t std::__facet_shims::(anonymous namespace)::numpunct_shim<char>::~numpunct_shim()
001147d0 00000088 t std::__facet_shims::(anonymous namespace)::numpunct_shim<char>::~numpunct_shim()
00114858 00000088 t std::__facet_shims::(anonymous namespace)::numpunct_shim<wchar_t>::~numpunct_shim()
00114858 00000088 t std::__facet_shims::(anonymous namespace)::numpunct_shim<wchar_t>::~numpunct_shim()
001148e0 00000090 t std::__facet_shims::(anonymous namespace)::money_get_shim<char>::~money_get_shim()
00114970 00000090 t std::__facet_shims::(anonymous namespace)::money_put_shim<char>::~money_put_shim()
00114a00 00000090 t std::__facet_shims::(anonymous namespace)::money_get_shim<wchar_t>::~money_get_shim()
00114a90 00000090 t std::__facet_shims::(anonymous namespace)::money_put_shim<wchar_t>::~money_put_shim()
00114b20 00000090 t std::__facet_shims::(anonymous namespace)::time_get_shim<char>::~time_get_shim()
00114bb0 00000090 t std::__facet_shims::(anonymous namespace)::time_get_shim<wchar_t>::~time_get_shim()
00114c40 00000090 t std::__facet_shims::(anonymous namespace)::collate_shim<char>::~collate_shim()
00114c40 00000090 t std::__facet_shims::(anonymous namespace)::collate_shim<char>::~collate_shim()
00114cd0 00000090 t std::__facet_shims::(anonymous namespace)::collate_shim<wchar_t>::~collate_shim()
00114cd0 00000090 t std::__facet_shims::(anonymous namespace)::collate_shim<wchar_t>::~collate_shim()
00114d60 00000090 t std::__facet_shims::(anonymous namespace)::numpunct_shim<char>::~numpunct_shim()
00114df0 00000090 t std::__facet_shims::(anonymous namespace)::numpunct_shim<wchar_t>::~numpunct_shim()
00114e80 00000098 t std::__facet_shims::(anonymous namespace)::collate_shim<char>::~collate_shim()
00114f18 00000098 t std::__facet_shims::(anonymous namespace)::collate_shim<wchar_t>::~collate_shim()
00114fb0 00000094 t std::__facet_shims::(anonymous namespace)::moneypunct_shim<char, true>::~moneypunct_shim()
00114fb0 00000094 t std::__facet_shims::(anonymous namespace)::moneypunct_shim<char, true>::~moneypunct_shim()
00115044 00000094 t std::__facet_shims::(anonymous namespace)::moneypunct_shim<char, false>::~moneypunct_shim()
00115044 00000094 t std::__facet_shims::(anonymous namespace)::moneypunct_shim<char, false>::~moneypunct_shim()
001150d8 00000094 t std::__facet_shims::(anonymous namespace)::moneypunct_shim<wchar_t, true>::~moneypunct_shim()
001150d8 00000094 t std::__facet_shims::(anonymous namespace)::moneypunct_shim<wchar_t, true>::~moneypunct_shim()
0011516c 00000094 t std::__facet_shims::(anonymous namespace)::moneypunct_shim<wchar_t, false>::~moneypunct_shim()
0011516c 00000094 t std::__facet_shims::(anonymous namespace)::moneypunct_shim<wchar_t, false>::~moneypunct_shim()
00115200 0000009c t std::__facet_shims::(anonymous namespace)::moneypunct_shim<char, true>::~moneypunct_shim()
0011529c 0000009c t std::__facet_shims::(anonymous namespace)::moneypunct_shim<char, false>::~moneypunct_shim()
00115338 0000009c t std::__facet_shims::(anonymous namespace)::moneypunct_shim<wchar_t, true>::~moneypunct_shim()
001153d4 0000009c t std::__facet_shims::(anonymous namespace)::moneypunct_shim<wchar_t, false>::~moneypunct_shim()
00115470 00000168 t std::__facet_shims::(anonymous namespace)::money_get_shim<wchar_t>::do_get(std::istreambuf_iterator<wchar_t, std::char_traits<wchar_t> >, std::istreambuf_iterator<wchar_t, std::char_traits<wchar_t> >, bool, std::ios_base&, std::_Ios_Iostate&, std::basic_string<wchar_t, std::char_traits<wchar_t>, std::allocator<wchar_t> >&) const
001155d8 00000168 t std::__facet_shims::(anonymous namespace)::money_get_shim<char>::do_get(std::istreambuf_iterator<char, std::char_traits<char> >, std::istreambuf_iterator<char, std::char_traits<char> >, bool, std::ios_base&, std::_Ios_Iostate&, std::string&) const
00115740 0000005c W std::locale::facet::_M_remove_reference() const
0011579c 00000284 W void std::__facet_shims::__numpunct_fill_cache<char>(std::integral_constant<bool, false>, std::locale::facet const*, std::__numpunct_cache<char>*)
00115a20 000002b0 W void std::__facet_shims::__numpunct_fill_cache<wchar_t>(std::integral_constant<bool, false>, std::locale::facet const*, std::__numpunct_cache<wchar_t>*)
00115cd0 0000002c W int std::__facet_shims::__collate_compare<char>(std::integral_constant<bool, false>, std::locale::facet const*, char const*, char const*, char const*, char const*)
00115cfc 0000002c W int std::__facet_shims::__collate_compare<wchar_t>(std::integral_constant<bool, false>, std::locale::facet const*, wchar_t const*, wchar_t const*, wchar_t const*, wchar_t const*)
00115d28 00000144 W void std::__facet_shims::__collate_transform<char>(std::integral_constant<bool, false>, std::locale::facet const*, std::__facet_shims::__any_string&, char const*, char const*)
00115e6c 00000144 W void std::__facet_shims::__collate_transform<wchar_t>(std::integral_constant<bool, false>, std::locale::facet const*, std::__facet_shims::__any_string&, wchar_t const*, wchar_t const*)
00115fb0 0000038c W void std::__facet_shims::__moneypunct_fill_cache<char, true>(std::integral_constant<bool, false>, std::locale::facet const*, std::__moneypunct_cache<char, true>*)
0011633c 0000038c W void std::__facet_shims::__moneypunct_fill_cache<char, false>(std::integral_constant<bool, false>, std::locale::facet const*, std::__moneypunct_cache<char, false>*)
001166c8 000003c8 W void std::__facet_shims::__moneypunct_fill_cache<wchar_t, true>(std::integral_constant<bool, false>, std::locale::facet const*, std::__moneypunct_cache<wchar_t, true>*)
00116a90 000003c8 W void std::__facet_shims::__moneypunct_fill_cache<wchar_t, false>(std::integral_constant<bool, false>, std::locale::facet const*, std::__moneypunct_cache<wchar_t, false>*)
00116e58 000000c4 W int std::__facet_shims::__messages_open<char>(std::integral_constant<bool, false>, std::locale::facet const*, char const*, unsigned int, std::locale const&)
00116f1c 000000c4 W int std::__facet_shims::__messages_open<wchar_t>(std::integral_constant<bool, false>, std::locale::facet const*, char const*, unsigned int, std::locale const&)
00116fe0 000001e4 W void std::__facet_shims::__messages_get<char>(std::integral_constant<bool, false>, std::locale::facet const*, std::__facet_shims::__any_string&, int, int, int, char const*, unsigned int)
001171c4 000001e4 W void std::__facet_shims::__messages_get<wchar_t>(std::integral_constant<bool, false>, std::locale::facet const*, std::__facet_shims::__any_string&, int, int, int, wchar_t const*, unsigned int)
001173a8 00000014 W void std::__facet_shims::__messages_close<char>(std::integral_constant<bool, false>, std::locale::facet const*, int)
001173bc 00000014 W void std::__facet_shims::__messages_close<wchar_t>(std::integral_constant<bool, false>, std::locale::facet const*, int)
001173d0 00000010 W std::time_base::dateorder std::__facet_shims::__time_get_dateorder<char>(std::integral_constant<bool, false>, std::locale::facet const*)
001173e0 00000010 W std::time_base::dateorder std::__facet_shims::__time_get_dateorder<wchar_t>(std::integral_constant<bool, false>, std::locale::facet const*)
001173f0 0000013c W std::istreambuf_iterator<char, std::char_traits<char> > std::__facet_shims::__time_get<char>(std::integral_constant<bool, false>, std::locale::facet const*, std::istreambuf_iterator<char, std::char_traits<char> >, std::istreambuf_iterator<char, std::char_traits<char> >, std::ios_base&, std::_Ios_Iostate&, tm*, char)
0011752c 0000013c W std::istreambuf_iterator<wchar_t, std::char_traits<wchar_t> > std::__facet_shims::__time_get<wchar_t>(std::integral_constant<bool, false>, std::locale::facet const*, std::istreambuf_iterator<wchar_t, std::char_traits<wchar_t> >, std::istreambuf_iterator<wchar_t, std::char_traits<wchar_t> >, std::ios_base&, std::_Ios_Iostate&, tm*, char)
00117668 00000230 W std::istreambuf_iterator<char, std::char_traits<char> > std::__facet_shims::__money_get<char>(std::integral_constant<bool, false>, std::locale::facet const*, std::istreambuf_iterator<char, std::char_traits<char> >, std::istreambuf_iterator<char, std::char_traits<char> >, bool, std::ios_base&, std::_Ios_Iostate&, long double*, std::__facet_shims::__any_string*)
00117898 00000230 W std::istreambuf_iterator<wchar_t, std::char_traits<wchar_t> > std::__facet_shims::__money_get<wchar_t>(std::integral_constant<bool, false>, std::locale::facet const*, std::istreambuf_iterator<wchar_t, std::char_traits<wchar_t> >, std::istreambuf_iterator<wchar_t, std::char_traits<wchar_t> >, bool, std::ios_base&, std::_Ios_Iostate&, long double*, std::__facet_shims::__any_string*)
00117ac8 00000158 W std::ostreambuf_iterator<char, std::char_traits<char> > std::__facet_shims::__money_put<char>(std::integral_constant<bool, false>, std::locale::facet const*, std::ostreambuf_iterator<char, std::char_traits<char> >, bool, std::ios_base&, char, long double, std::__facet_shims::__any_string const*)
00117c20 00000154 W std::ostreambuf_iterator<wchar_t, std::char_traits<wchar_t> > std::__facet_shims::__money_put<wchar_t>(std::integral_constant<bool, false>, std::locale::facet const*, std::ostreambuf_iterator<wchar_t, std::char_traits<wchar_t> >, bool, std::ios_base&, wchar_t, long double, std::__facet_shims::__any_string const*)
00117d74 00000b70 T std::locale::facet::_M_cow_shim(std::locale::id const*) const
001188e4 00000088 W std::string::copy(char*, unsigned int, unsigned int) const
0011896c 00000034 W std::string::swap(std::string&)
001189a0 0000003c W std::string::find_first_not_of(char, unsigned int) const
001189dc 00000088 W std::string::_Rep::_S_create(unsigned int, unsigned int, std::allocator<char> const&)
00118a64 0000008c W std::string::_S_construct(unsigned int, char, std::allocator<char> const&)
00118af0 00000004 W std::string::_Rep::_M_destroy(std::allocator<char> const&)
00118af4 000001ec W std::string::_M_mutate(unsigned int, unsigned int, unsigned int)
00118ce0 00000080 W std::string::_M_leak_hard()
00118d60 0000006c W std::string::_M_replace_aux(unsigned int, unsigned int, unsigned int, char)
00118dcc 0000005c W std::string::_M_replace_safe(unsigned int, unsigned int, char const*, unsigned int)
00118e28 00000110 W std::string::assign(char const*, unsigned int)
00118f38 00000090 W std::string::_Rep::_M_clone(std::allocator<char> const&, unsigned int)
00118fc8 000000ec W std::string::reserve(unsigned int)
001190b4 000000f8 W std::string::append(std::string const&)
001191ac 0000014c W std::string::append(char const*, unsigned int)
001192f8 000000e4 W std::string::append(unsigned int, char)
001193dc 00000048 W std::string::resize(unsigned int, char)
00119424 000000a4 W std::string::push_back(char)
001194c8 00000088 W std::basic_string<wchar_t, std::char_traits<wchar_t>, std::allocator<wchar_t> >::copy(wchar_t*, unsigned int, unsigned int) const
00119550 00000034 W std::basic_string<wchar_t, std::char_traits<wchar_t>, std::allocator<wchar_t> >::swap(std::basic_string<wchar_t, std::char_traits<wchar_t>, std::allocator<wchar_t> >&)
00119584 0000008c W std::basic_string<wchar_t, std::char_traits<wchar_t>, std::allocator<wchar_t> >::_Rep::_S_create(unsigned int, unsigned int, std::allocator<wchar_t> const&)
00119610 0000008c W std::basic_string<wchar_t, std::char_traits<wchar_t>, std::allocator<wchar_t> >::_S_construct(unsigned int, wchar_t, std::allocator<wchar_t> const&)
0011969c 00000004 W std::basic_string<wchar_t, std::char_traits<wchar_t>, std::allocator<wchar_t> >::_Rep::_M_destroy(std::allocator<wchar_t> const&)
001196a0 000001fc W std::basic_string<wchar_t, std::char_traits<wchar_t>, std::allocator<wchar_t> >::_M_mutate(unsigned int, unsigned int, unsigned int)
0011989c 00000080 W std::basic_string<wchar_t, std::char_traits<wchar_t>, std::allocator<wchar_t> >::_M_leak_hard()
0011991c 00000074 W std::basic_string<wchar_t, std::char_traits<wchar_t>, std::allocator<wchar_t> >::_M_replace_aux(unsigned int, unsigned int, unsigned int, wchar_t)
00119990 0000005c W std::basic_string<wchar_t, std::char_traits<wchar_t>, std::allocator<wchar_t> >::_M_replace_safe(unsigned int, unsigned int, wchar_t const*, unsigned int)
001199ec 00000110 W std::basic_string<wchar_t, std::char_traits<wchar_t>, std::allocator<wchar_t> >::assign(wchar_t const*, unsigned int)
00119afc 00000090 W std::basic_string<wchar_t, std::char_traits<wchar_t>, std::allocator<wchar_t> >::_Rep::_M_clone(std::allocator<wchar_t> const&, unsigned int)
00119b8c 000000ec W std::basic_string<wchar_t, std::char_traits<wchar_t>, std::allocator<wchar_t> >::reserve(unsigned int)
00119c78 000000e8 W std::basic_string<wchar_t, std::char_traits<wchar_t>, std::allocator<wchar_t> >::append(std::basic_string<wchar_t, std::char_traits<wchar_t>, std::allocator<wchar_t> > const&)
00119d60 0000013c W std::basic_string<wchar_t, std::char_traits<wchar_t>, std::allocator<wchar_t> >::append(wchar_t const*, unsigned int)
00119e9c 000000e4 W std::basic_string<wchar_t, std::char_traits<wchar_t>, std::allocator<wchar_t> >::append(unsigned int, wchar_t)
00119f80 00000048 W std::basic_string<wchar_t, std::char_traits<wchar_t>, std::allocator<wchar_t> >::resize(unsigned int, wchar_t)
00119fc8 00000098 W std::basic_string<wchar_t, std::char_traits<wchar_t>, std::allocator<wchar_t> >::push_back(wchar_t)
0011a060 00000008 W std::ctype<char>::do_narrow(char, char) const
0011a068 00000044 T std::ctype<char>::~ctype()
0011a068 00000044 T std::ctype<char>::~ctype()
0011a0ac 00000034 T std::ctype<wchar_t>::~ctype()
0011a0ac 00000034 T std::ctype<wchar_t>::~ctype()
0011a0e0 0000003c W std::ctype<char>::do_narrow(char const*, char const*, char, char*) const
0011a11c 00000024 W std::ctype<char>::do_widen(char const*, char const*, char*) const
0011a140 0000003c T std::ctype<wchar_t>::~ctype()
0011a17c 0000004c T std::ctype<char>::~ctype()
0011a1c8 00000094 T std::ctype<char>::_M_widen_init() const
0011a25c 0000005c T std::ctype<wchar_t>::ctype(unsigned int)
0011a25c 0000005c T std::ctype<wchar_t>::ctype(unsigned int)
0011a2b8 0000001c T std::ctype<char>::do_toupper(char) const
0011a2d4 00000018 T std::ctype<char>::do_tolower(char) const
0011a2ec 00000080 T std::ctype<char>::ctype(char const*, bool, unsigned int)
0011a2ec 00000080 T std::ctype<char>::ctype(char const*, bool, unsigned int)
0011a36c 0000007c T std::ctype<char>::do_toupper(char*, char const*) const
0011a3e8 00000078 T std::ctype<char>::do_tolower(char*, char const*) const
0011a460 00000060 T std::ctype<wchar_t>::do_is(char, wchar_t) const
0011a4c0 000000d4 T std::ctype<wchar_t>::_M_convert_to_wmask(char) const
0011a594 00000008 T std::ctype<wchar_t>::do_toupper(wchar_t) const
0011a59c 00000044 T std::ctype<wchar_t>::do_toupper(wchar_t*, wchar_t const*) const
0011a5e0 00000008 T std::ctype<wchar_t>::do_tolower(wchar_t) const
0011a5e8 00000044 T std::ctype<wchar_t>::do_tolower(wchar_t*, wchar_t const*) const
0011a62c 00000088 T std::ctype<wchar_t>::do_is(wchar_t const*, wchar_t const*, char*) const
0011a6b4 000000d8 T std::ctype<wchar_t>::do_scan_is(char, wchar_t const*, wchar_t const*) const
0011a78c 000000d0 T std::ctype<wchar_t>::do_scan_not(char, wchar_t const*, wchar_t const*) const
0011a85c 0000000c T std::ctype<wchar_t>::do_widen(char) const
0011a868 0000003c T std::ctype<wchar_t>::do_widen(char const*, char const*, wchar_t*) const
0011a8a4 00000040 T std::ctype<wchar_t>::do_narrow(wchar_t, char) const
0011a8e4 000000b4 T std::ctype<wchar_t>::do_narrow(wchar_t const*, wchar_t const*, char, char*) const
0011a998 000000b0 T std::ctype<wchar_t>::_M_initialize_ctype()
0011aa48 00000038 t std::__facet_shims::(anonymous namespace)::collate_shim<char>::do_compare(char const*, char const*, char const*, char const*) const
0011aa80 00000060 t std::__facet_shims::(anonymous namespace)::time_get_shim<char>::do_get_year(std::istreambuf_iterator<char, std::char_traits<char> >, std::istreambuf_iterator<char, std::char_traits<char> >, std::ios_base&, std::_Ios_Iostate&, tm*) const
0011aae0 00000060 t std::__facet_shims::(anonymous namespace)::time_get_shim<char>::do_get_monthname(std::istreambuf_iterator<char, std::char_traits<char> >, std::istreambuf_iterator<char, std::char_traits<char> >, std::ios_base&, std::_Ios_Iostate&, tm*) const
0011ab40 00000060 t std::__facet_shims::(anonymous namespace)::time_get_shim<char>::do_get_weekday(std::istreambuf_iterator<char, std::char_traits<char> >, std::istreambuf_iterator<char, std::char_traits<char> >, std::ios_base&, std::_Ios_Iostate&, tm*) const
0011aba0 00000060 t std::__facet_shims::(anonymous namespace)::time_get_shim<char>::do_get_date(std::istreambuf_iterator<char, std::char_traits<char> >, std::istreambuf_iterator<char, std::char_traits<char> >, std::ios_base&, std::_Ios_Iostate&, tm*) const
0011ac00 00000060 t std::__facet_shims::(anonymous namespace)::time_get_shim<char>::do_get_time(std::istreambuf_iterator<char, std::char_traits<char> >, std::istreambuf_iterator<char, std::char_traits<char> >, std::ios_base&, std::_Ios_Iostate&, tm*) const
0011ac60 00000010 t std::__facet_shims::(anonymous namespace)::time_get_shim<char>::do_date_order() const
0011ac70 00000098 t std::__facet_shims::(anonymous namespace)::money_get_shim<char>::do_get(std::istreambuf_iterator<char, std::char_traits<char> >, std::istreambuf_iterator<char, std::char_traits<char> >, bool, std::ios_base&, std::_Ios_Iostate&, long double&) const
0011ad08 00000054 t std::__facet_shims::(anonymous namespace)::money_put_shim<char>::do_put(std::ostreambuf_iterator<char, std::char_traits<char> >, bool, std::ios_base&, char, long double) const
0011ad5c 00000014 t std::__facet_shims::(anonymous namespace)::messages_shim<char>::do_close(int) const
0011ad70 00000030 t std::__facet_shims::(anonymous namespace)::messages_shim<char>::do_open(std::__cxx11::basic_string<char, std::char_traits<char>, std::allocator<char> > const&, std::locale const&) const
0011ada0 00000038 t std::__facet_shims::(anonymous namespace)::collate_shim<wchar_t>::do_compare(wchar_t const*, wchar_t const*, wchar_t const*, wchar_t const*) const
0011add8 00000060 t std::__facet_shims::(anonymous namespace)::time_get_shim<wchar_t>::do_get_year(std::istreambuf_iterator<wchar_t, std::char_traits<wchar_t> >, std::istreambuf_iterator<wchar_t, std::char_traits<wchar_t> >, std::ios_base&, std::_Ios_Iostate&, tm*) const
0011ae38 00000060 t std::__facet_shims::(anonymous namespace)::time_get_shim<wchar_t>::do_get_monthname(std::istreambuf_iterator<wchar_t, std::char_traits<wchar_t> >, std::istreambuf_iterator<wchar_t, std::char_traits<wchar_t> >, std::ios_base&, std::_Ios_Iostate&, tm*) const
0011ae98 00000060 t std::__facet_shims::(anonymous namespace)::time_get_shim<wchar_t>::do_get_weekday(std::istreambuf_iterator<wchar_t, std::char_traits<wchar_t> >, std::istreambuf_iterator<wchar_t, std::char_traits<wchar_t> >, std::ios_base&, std::_Ios_Iostate&, tm*) const
0011aef8 00000060 t std::__facet_shims::(anonymous namespace)::time_get_shim<wchar_t>::do_get_date(std::istreambuf_iterator<wchar_t, std::char_traits<wchar_t> >, std::istreambuf_iterator<wchar_t, std::char_traits<wchar_t> >, std::ios_base&, std::_Ios_Iostate&, tm*) const
0011af58 00000060 t std::__facet_shims::(anonymous namespace)::time_get_shim<wchar_t>::do_get_time(std::istreambuf_iterator<wchar_t, std::char_traits<wchar_t> >, std::istreambuf_iterator<wchar_t, std::char_traits<wchar_t> >, std::ios_base&, std::_Ios_Iostate&, tm*) const
0011afb8 00000010 t std::__facet_shims::(anonymous namespace)::time_get_shim<wchar_t>::do_date_order() const
0011afc8 00000098 t std::__facet_shims::(anonymous namespace)::money_get_shim<wchar_t>::do_get(std::istreambuf_iterator<wchar_t, std::char_traits<wchar_t> >, std::istreambuf_iterator<wchar_t, std::char_traits<wchar_t> >, bool, std::ios_base&, std::_Ios_Iostate&, long double&) const
0011b060 00000054 t std::__facet_shims::(anonymous namespace)::money_put_shim<wchar_t>::do_put(std::ostreambuf_iterator<wchar_t, std::char_traits<wchar_t> >, bool, std::ios_base&, wchar_t, long double) const
0011b0b4 00000014 t std::__facet_shims::(anonymous namespace)::messages_shim<wchar_t>::do_close(int) const
0011b0c8 00000030 t std::__facet_shims::(anonymous namespace)::messages_shim<wchar_t>::do_open(std::__cxx11::basic_string<char, std::char_traits<char>, std::allocator<char> > const&, std::locale const&) const
0011b0f8 00000094 t void std::__cxx11::basic_string<char, std::char_traits<char>, std::allocator<char> >::_M_construct<char const*>(char const*, char const*, std::forward_iterator_tag) [clone .isra.0]
0011b18c 00000098 t void std::__cxx11::basic_string<wchar_t, std::char_traits<wchar_t>, std::allocator<wchar_t> >::_M_construct<wchar_t const*>(wchar_t const*, wchar_t const*, std::forward_iterator_tag) [clone .isra.0]
0011b224 000000bc t std::__facet_shims::(anonymous namespace)::collate_shim<wchar_t>::do_transform(wchar_t const*, wchar_t const*) const
0011b2e0 000000d4 t std::__facet_shims::(anonymous namespace)::messages_shim<wchar_t>::do_get(int, int, int, std::__cxx11::basic_string<wchar_t, std::char_traits<wchar_t>, std::allocator<wchar_t> > const&) const
0011b3b8 000000bc t std::__facet_shims::(anonymous namespace)::money_put_shim<char>::do_put(std::ostreambuf_iterator<char, std::char_traits<char> >, bool, std::ios_base&, char, std::__cxx11::basic_string<char, std::char_traits<char>, std::allocator<char> > const&) const
0011b478 000000bc t std::__facet_shims::(anonymous namespace)::money_put_shim<wchar_t>::do_put(std::ostreambuf_iterator<wchar_t, std::char_traits<wchar_t> >, bool, std::ios_base&, wchar_t, std::__cxx11::basic_string<wchar_t, std::char_traits<wchar_t>, std::allocator<wchar_t> > const&) const
0011b534 000000bc t std::__facet_shims::(anonymous namespace)::collate_shim<char>::do_transform(char const*, char const*) const
0011b5f0 000000d4 t std::__facet_shims::(anonymous namespace)::messages_shim<char>::do_get(int, int, int, std::__cxx11::basic_string<char, std::char_traits<char>, std::allocator<char> > const&) const
0011b6c4 00000014 t void std::__facet_shims::(anonymous namespace)::__destroy_string<wchar_t>(void*)
0011b6d8 00000014 t void std::__facet_shims::(anonymous namespace)::__destroy_string<char>(void*)
0011b6ec 000001e0 t std::__facet_shims::(anonymous namespace)::money_get_shim<wchar_t>::do_get(std::istreambuf_iterator<wchar_t, std::char_traits<wchar_t> >, std::istreambuf_iterator<wchar_t, std::char_traits<wchar_t> >, bool, std::ios_base&, std::_Ios_Iostate&, std::__cxx11::basic_string<wchar_t, std::char_traits<wchar_t>, std::allocator<wchar_t> >&) const
0011b8cc 0000007c t std::__facet_shims::(anonymous namespace)::messages_shim<char>::~messages_shim()
0011b8cc 0000007c t std::__facet_shims::(anonymous namespace)::messages_shim<char>::~messages_shim()
0011b948 0000007c t std::__facet_shims::(anonymous namespace)::messages_shim<wchar_t>::~messages_shim()
0011b948 0000007c t std::__facet_shims::(anonymous namespace)::messages_shim<wchar_t>::~messages_shim()
0011b9c4 00000088 t std::__facet_shims::(anonymous namespace)::money_get_shim<char>::~money_get_shim()
0011b9c4 00000088 t std::__facet_shims::(anonymous namespace)::money_get_shim<char>::~money_get_shim()
0011ba4c 00000088 t std::__facet_shims::(anonymous namespace)::money_put_shim<char>::~money_put_shim()
0011ba4c 00000088 t std::__facet_shims::(anonymous namespace)::money_put_shim<char>::~money_put_shim()
0011bad4 00000088 t std::__facet_shims::(anonymous namespace)::money_get_shim<wchar_t>::~money_get_shim()
0011bad4 00000088 t std::__facet_shims::(anonymous namespace)::money_get_shim<wchar_t>::~money_get_shim()
0011bb5c 00000088 t std::__facet_shims::(anonymous namespace)::money_put_shim<wchar_t>::~money_put_shim()
0011bb5c 00000088 t std::__facet_shims::(anonymous namespace)::money_put_shim<wchar_t>::~money_put_shim()
0011bbe4 00000088 t std::__facet_shims::(anonymous namespace)::time_get_shim<char>::~time_get_shim()
0011bbe4 00000088 t std::__facet_shims::(anonymous namespace)::time_get_shim<char>::~time_get_shim()
0011bc6c 00000088 t std::__facet_shims::(anonymous namespace)::time_get_shim<wchar_t>::~time_get_shim()
0011bc6c 00000088 t std::__facet_shims::(anonymous namespace)::time_get_shim<wchar_t>::~time_get_shim()
0011bcf4 00000084 t std::__facet_shims::(anonymous namespace)::messages_shim<char>::~messages_shim()
0011bd78 00000084 t std::__facet_shims::(anonymous namespace)::messages_shim<wchar_t>::~messages_shim()
0011bdfc 00000088 t std::__facet_shims::(anonymous namespace)::numpunct_shim<char>::~numpunct_shim()
0011bdfc 00000088 t std::__facet_shims::(anonymous namespace)::numpunct_shim<char>::~numpunct_shim()
0011be84 00000088 t std::__facet_shims::(anonymous namespace)::numpunct_shim<wchar_t>::~numpunct_shim()
0011be84 00000088 t std::__facet_shims::(anonymous namespace)::numpunct_shim<wchar_t>::~numpunct_shim()
0011bf0c 00000090 t std::__facet_shims::(anonymous namespace)::money_get_shim<char>::~money_get_shim()
0011bf9c 00000090 t std::__facet_shims::(anonymous namespace)::money_put_shim<char>::~money_put_shim()
0011c02c 00000090 t std::__facet_shims::(anonymous namespace)::money_get_shim<wchar_t>::~money_get_shim()
0011c0bc 00000090 t std::__facet_shims::(anonymous namespace)::money_put_shim<wchar_t>::~money_put_shim()
0011c14c 00000090 t std::__facet_shims::(anonymous namespace)::time_get_shim<char>::~time_get_shim()
0011c1dc 00000090 t std::__facet_shims::(anonymous namespace)::time_get_shim<wchar_t>::~time_get_shim()
0011c26c 00000090 t std::__facet_shims::(anonymous namespace)::collate_shim<char>::~collate_shim()
0011c26c 00000090 t std::__facet_shims::(anonymous namespace)::collate_shim<char>::~collate_shim()
0011c2fc 00000090 t std::__facet_shims::(anonymous namespace)::collate_shim<wchar_t>::~collate_shim()
0011c2fc 00000090 t std::__facet_shims::(anonymous namespace)::collate_shim<wchar_t>::~collate_shim()
0011c38c 00000090 t std::__facet_shims::(anonymous namespace)::numpunct_shim<char>::~numpunct_shim()
0011c41c 00000090 t std::__facet_shims::(anonymous namespace)::numpunct_shim<wchar_t>::~numpunct_shim()
0011c4ac 00000098 t std::__facet_shims::(anonymous namespace)::collate_shim<char>::~collate_shim()
0011c544 00000098 t std::__facet_shims::(anonymous namespace)::collate_shim<wchar_t>::~collate_shim()
0011c5dc 00000094 t std::__facet_shims::(anonymous namespace)::moneypunct_shim<char, true>::~moneypunct_shim()
0011c5dc 00000094 t std::__facet_shims::(anonymous namespace)::moneypunct_shim<char, true>::~moneypunct_shim()
0011c670 00000094 t std::__facet_shims::(anonymous namespace)::moneypunct_shim<char, false>::~moneypunct_shim()
0011c670 00000094 t std::__facet_shims::(anonymous namespace)::moneypunct_shim<char, false>::~moneypunct_shim()
0011c704 00000094 t std::__facet_shims::(anonymous namespace)::moneypunct_shim<wchar_t, true>::~moneypunct_shim()
0011c704 00000094 t std::__facet_shims::(anonymous namespace)::moneypunct_shim<wchar_t, true>::~moneypunct_shim()
0011c798 00000094 t std::__facet_shims::(anonymous namespace)::moneypunct_shim<wchar_t, false>::~moneypunct_shim()
0011c798 00000094 t std::__facet_shims::(anonymous namespace)::moneypunct_shim<wchar_t, false>::~moneypunct_shim()
0011c82c 0000009c t std::__facet_shims::(anonymous namespace)::moneypunct_shim<char, true>::~moneypunct_shim()
0011c8c8 0000009c t std::__facet_shims::(anonymous namespace)::moneypunct_shim<char, false>::~moneypunct_shim()
0011c964 0000009c t std::__facet_shims::(anonymous namespace)::moneypunct_shim<wchar_t, true>::~moneypunct_shim()
0011ca00 0000009c t std::__facet_shims::(anonymous namespace)::moneypunct_shim<wchar_t, false>::~moneypunct_shim()
0011ca9c 00000268 t std::__facet_shims::(anonymous namespace)::money_get_shim<char>::do_get(std::istreambuf_iterator<char, std::char_traits<char> >, std::istreambuf_iterator<char, std::char_traits<char> >, bool, std::ios_base&, std::_Ios_Iostate&, std::__cxx11::basic_string<char, std::char_traits<char>, std::allocator<char> >&) const
0011cd04 00000180 W void std::__facet_shims::__numpunct_fill_cache<char>(std::integral_constant<bool, true>, std::locale::facet const*, std::__numpunct_cache<char>*)
0011ce84 000001a8 W void std::__facet_shims::__numpunct_fill_cache<wchar_t>(std::integral_constant<bool, true>, std::locale::facet const*, std::__numpunct_cache<wchar_t>*)
0011d02c 0000002c W int std::__facet_shims::__collate_compare<char>(std::integral_constant<bool, true>, std::locale::facet const*, char const*, char const*, char const*, char const*)
0011d058 0000002c W int std::__facet_shims::__collate_compare<wchar_t>(std::integral_constant<bool, true>, std::locale::facet const*, wchar_t const*, wchar_t const*, wchar_t const*, wchar_t const*)
0011d084 00000080 W void std::__facet_shims::__collate_transform<char>(std::integral_constant<bool, true>, std::locale::facet const*, std::__facet_shims::__any_string&, char const*, char const*)
0011d104 00000080 W void std::__facet_shims::__collate_transform<wchar_t>(std::integral_constant<bool, true>, std::locale::facet const*, std::__facet_shims::__any_string&, wchar_t const*, wchar_t const*)
0011d184 00000234 W void std::__facet_shims::__moneypunct_fill_cache<char, true>(std::integral_constant<bool, true>, std::locale::facet const*, std::__moneypunct_cache<char, true>*)
0011d3b8 00000234 W void std::__facet_shims::__moneypunct_fill_cache<char, false>(std::integral_constant<bool, true>, std::locale::facet const*, std::__moneypunct_cache<char, false>*)
0011d5ec 0000026c W void std::__facet_shims::__moneypunct_fill_cache<wchar_t, true>(std::integral_constant<bool, true>, std::locale::facet const*, std::__moneypunct_cache<wchar_t, true>*)
0011d858 0000026c W void std::__facet_shims::__moneypunct_fill_cache<wchar_t, false>(std::integral_constant<bool, true>, std::locale::facet const*, std::__moneypunct_cache<wchar_t, false>*)
0011dac4 00000090 W int std::__facet_shims::__messages_open<char>(std::integral_constant<bool, true>, std::locale::facet const*, char const*, unsigned int, std::locale const&)
0011db54 00000090 W int std::__facet_shims::__messages_open<wchar_t>(std::integral_constant<bool, true>, std::locale::facet const*, char const*, unsigned int, std::locale const&)
0011dbe4 000000fc W void std::__facet_shims::__messages_get<char>(std::integral_constant<bool, true>, std::locale::facet const*, std::__facet_shims::__any_string&, int, int, int, char const*, unsigned int)
0011dce0 000000fc W void std::__facet_shims::__messages_get<wchar_t>(std::integral_constant<bool, true>, std::locale::facet const*, std::__facet_shims::__any_string&, int, int, int, wchar_t const*, unsigned int)
0011dddc 00000014 W void std::__facet_shims::__messages_close<char>(std::integral_constant<bool, true>, std::locale::facet const*, int)
0011ddf0 00000014 W void std::__facet_shims::__messages_close<wchar_t>(std::integral_constant<bool, true>, std::locale::facet const*, int)
0011de04 00000010 W std::time_base::dateorder std::__facet_shims::__time_get_dateorder<char>(std::integral_constant<bool, true>, std::locale::facet const*)
0011de14 00000010 W std::time_base::dateorder std::__facet_shims::__time_get_dateorder<wchar_t>(std::integral_constant<bool, true>, std::locale::facet const*)
0011de24 0000013c W std::istreambuf_iterator<char, std::char_traits<char> > std::__facet_shims::__time_get<char>(std::integral_constant<bool, true>, std::locale::facet const*, std::istreambuf_iterator<char, std::char_traits<char> >, std::istreambuf_iterator<char, std::char_traits<char> >, std::ios_base&, std::_Ios_Iostate&, tm*, char)
0011df60 0000013c W std::istreambuf_iterator<wchar_t, std::char_traits<wchar_t> > std::__facet_shims::__time_get<wchar_t>(std::integral_constant<bool, true>, std::locale::facet const*, std::istreambuf_iterator<wchar_t, std::char_traits<wchar_t> >, std::istreambuf_iterator<wchar_t, std::char_traits<wchar_t> >, std::ios_base&, std::_Ios_Iostate&, tm*, char)
0011e09c 00000160 W std::istreambuf_iterator<char, std::char_traits<char> > std::__facet_shims::__money_get<char>(std::integral_constant<bool, true>, std::locale::facet const*, std::istreambuf_iterator<char, std::char_traits<char> >, std::istreambuf_iterator<char, std::char_traits<char> >, bool, std::ios_base&, std::_Ios_Iostate&, long double*, std::__facet_shims::__any_string*)
0011e1fc 00000160 W std::istreambuf_iterator<wchar_t, std::char_traits<wchar_t> > std::__facet_shims::__money_get<wchar_t>(std::integral_constant<bool, true>, std::locale::facet const*, std::istreambuf_iterator<wchar_t, std::char_traits<wchar_t> >, std::istreambuf_iterator<wchar_t, std::char_traits<wchar_t> >, bool, std::ios_base&, std::_Ios_Iostate&, long double*, std::__facet_shims::__any_string*)
0011e35c 000001a0 W std::ostreambuf_iterator<char, std::char_traits<char> > std::__facet_shims::__money_put<char>(std::integral_constant<bool, true>, std::locale::facet const*, std::ostreambuf_iterator<char, std::char_traits<char> >, bool, std::ios_base&, char, long double, std::__facet_shims::__any_string const*)
0011e4fc 00000124 W std::ostreambuf_iterator<wchar_t, std::char_traits<wchar_t> > std::__facet_shims::__money_put<wchar_t>(std::integral_constant<bool, true>, std::locale::facet const*, std::ostreambuf_iterator<wchar_t, std::char_traits<wchar_t> >, bool, std::ios_base&, wchar_t, long double, std::__facet_shims::__any_string const*)
0011e620 00000b70 T std::locale::facet::_M_sso_shim(std::locale::id const*) const
0011f190 0000000c W std::__cxx11::moneypunct<wchar_t, false>::do_decimal_point() const
0011f19c 0000000c W std::__cxx11::moneypunct<wchar_t, false>::do_thousands_sep() const
0011f1a8 0000000c W std::__cxx11::moneypunct<wchar_t, false>::do_frac_digits() const
0011f1b4 00000014 W std::__cxx11::moneypunct<wchar_t, false>::do_pos_format() const
0011f1c8 00000014 W std::__cxx11::moneypunct<wchar_t, false>::do_neg_format() const
0011f1dc 0000000c W std::__cxx11::moneypunct<wchar_t, true>::do_decimal_point() const
0011f1e8 0000000c W std::__cxx11::moneypunct<wchar_t, true>::do_thousands_sep() const
0011f1f4 0000000c W std::__cxx11::moneypunct<wchar_t, true>::do_frac_digits() const
0011f200 00000014 W std::__cxx11::moneypunct<wchar_t, true>::do_pos_format() const
0011f214 00000014 W std::__cxx11::moneypunct<wchar_t, true>::do_neg_format() const
0011f228 0000000c W std::__cxx11::numpunct<wchar_t>::do_decimal_point() const
0011f234 0000000c W std::__cxx11::numpunct<wchar_t>::do_thousands_sep() const
0011f240 00000008 W std::__cxx11::time_get<wchar_t, std::istreambuf_iterator<wchar_t, std::char_traits<wchar_t> > >::do_date_order() const
0011f248 00000008 W std::__cxx11::messages<wchar_t>::do_open(std::__cxx11::basic_string<char, std::char_traits<char>, std::allocator<char> > const&, std::locale const&) const
0011f250 00000004 W std::__cxx11::messages<wchar_t>::do_close(int) const
0011f254 00000020 W std::__cxx11::collate<wchar_t>::do_hash(wchar_t const*, wchar_t const*) const
0011f274 00000020 W std::__cxx11::money_get<wchar_t, std::istreambuf_iterator<wchar_t, std::char_traits<wchar_t> > >::~money_get()
0011f274 00000020 W std::__cxx11::money_get<wchar_t, std::istreambuf_iterator<wchar_t, std::char_traits<wchar_t> > >::~money_get()
0011f294 00000028 W std::__cxx11::money_get<wchar_t, std::istreambuf_iterator<wchar_t, std::char_traits<wchar_t> > >::~money_get()
0011f2bc 00000020 W std::__cxx11::money_put<wchar_t, std::ostreambuf_iterator<wchar_t, std::char_traits<wchar_t> > >::~money_put()
0011f2bc 00000020 W std::__cxx11::money_put<wchar_t, std::ostreambuf_iterator<wchar_t, std::char_traits<wchar_t> > >::~money_put()
0011f2dc 00000028 W std::__cxx11::money_put<wchar_t, std::ostreambuf_iterator<wchar_t, std::char_traits<wchar_t> > >::~money_put()
0011f304 00000020 W std::__cxx11::time_get<wchar_t, std::istreambuf_iterator<wchar_t, std::char_traits<wchar_t> > >::~time_get()
0011f304 00000020 W std::__cxx11::time_get<wchar_t, std::istreambuf_iterator<wchar_t, std::char_traits<wchar_t> > >::~time_get()
0011f324 00000028 W std::__cxx11::time_get<wchar_t, std::istreambuf_iterator<wchar_t, std::char_traits<wchar_t> > >::~time_get()
0011f34c 00000028 W std::__cxx11::messages<wchar_t>::~messages()
0011f34c 00000028 W std::__cxx11::messages<wchar_t>::~messages()
0011f374 0000001c W std::__cxx11::messages<wchar_t>::~messages()
0011f390 00000028 W std::__cxx11::collate<wchar_t>::~collate()
0011f390 00000028 W std::__cxx11::collate<wchar_t>::~collate()
0011f3b8 00000098 t void std::__cxx11::basic_string<wchar_t, std::char_traits<wchar_t>, std::allocator<wchar_t> >::_M_construct<wchar_t const*>(wchar_t const*, wchar_t const*, std::forward_iterator_tag) [clone .isra.0]
0011f450 00000030 W std::__cxx11::collate<wchar_t>::~collate()
0011f480 000000c0 W std::__cxx11::moneypunct<wchar_t, false>::do_grouping() const
0011f540 000000c0 W std::__cxx11::moneypunct<wchar_t, true>::do_grouping() const
0011f600 000000c0 W std::__cxx11::numpunct<wchar_t>::do_grouping() const
0011f6c0 00000058 W std::__cxx11::moneypunct<wchar_t, false>::do_curr_symbol() const
0011f718 00000058 W std::__cxx11::moneypunct<wchar_t, false>::do_positive_sign() const
0011f770 00000058 W std::__cxx11::moneypunct<wchar_t, false>::do_negative_sign() const
0011f7c8 00000058 W std::__cxx11::moneypunct<wchar_t, true>::do_curr_symbol() const
0011f820 00000058 W std::__cxx11::moneypunct<wchar_t, true>::do_positive_sign() const
0011f878 00000058 W std::__cxx11::moneypunct<wchar_t, true>::do_negative_sign() const
0011f8d0 00000058 W std::__cxx11::numpunct<wchar_t>::do_truename() const
0011f928 00000058 W std::__cxx11::numpunct<wchar_t>::do_falsename() const
0011f980 000000f8 W std::__cxx11::collate<wchar_t>::do_compare(wchar_t const*, wchar_t const*, wchar_t const*, wchar_t const*) const
0011fa78 000002d8 W std::__cxx11::collate<wchar_t>::do_transform(wchar_t const*, wchar_t const*) const
0011fd50 000000d4 W std::__convert_from_v(int* const&, char*, int, char const*, ...)
0011fe24 000012b4 W std::istreambuf_iterator<wchar_t, std::char_traits<wchar_t> > std::__cxx11::money_get<wchar_t, std::istreambuf_iterator<wchar_t, std::char_traits<wchar_t> > >::_M_extract<true>(std::istreambuf_iterator<wchar_t, std::char_traits<wchar_t> >, std::istreambuf_iterator<wchar_t, std::char_traits<wchar_t> >, std::ios_base&, std::_Ios_Iostate&, std::__cxx11::basic_string<char, std::char_traits<char>, std::allocator<char> >&) const
001210d8 000012b4 W std::istreambuf_iterator<wchar_t, std::char_traits<wchar_t> > std::__cxx11::money_get<wchar_t, std::istreambuf_iterator<wchar_t, std::char_traits<wchar_t> > >::_M_extract<false>(std::istreambuf_iterator<wchar_t, std::char_traits<wchar_t> >, std::istreambuf_iterator<wchar_t, std::char_traits<wchar_t> >, std::ios_base&, std::_Ios_Iostate&, std::__cxx11::basic_string<char, std::char_traits<char>, std::allocator<char> >&) const
0012238c 000000cc W std::__cxx11::money_get<wchar_t, std::istreambuf_iterator<wchar_t, std::char_traits<wchar_t> > >::do_get(std::istreambuf_iterator<wchar_t, std::char_traits<wchar_t> >, std::istreambuf_iterator<wchar_t, std::char_traits<wchar_t> >, bool, std::ios_base&, std::_Ios_Iostate&, long double&) const
00122458 0000013c W std::__cxx11::money_get<wchar_t, std::istreambuf_iterator<wchar_t, std::char_traits<wchar_t> > >::do_get(std::istreambuf_iterator<wchar_t, std::char_traits<wchar_t> >, std::istreambuf_iterator<wchar_t, std::char_traits<wchar_t> >, bool, std::ios_base&, std::_Ios_Iostate&, std::__cxx11::basic_string<wchar_t, std::char_traits<wchar_t>, std::allocator<wchar_t> >&) const
00122594 00000740 W std::ostreambuf_iterator<wchar_t, std::char_traits<wchar_t> > std::__cxx11::money_put<wchar_t, std::ostreambuf_iterator<wchar_t, std::char_traits<wchar_t> > >::_M_insert<true>(std::ostreambuf_iterator<wchar_t, std::char_traits<wchar_t> >, std::ios_base&, wchar_t, std::__cxx11::basic_string<wchar_t, std::char_traits<wchar_t>, std::allocator<wchar_t> > const&) const
00122cd4 00000740 W std::ostreambuf_iterator<wchar_t, std::char_traits<wchar_t> > std::__cxx11::money_put<wchar_t, std::ostreambuf_iterator<wchar_t, std::char_traits<wchar_t> > >::_M_insert<false>(std::ostreambuf_iterator<wchar_t, std::char_traits<wchar_t> >, std::ios_base&, wchar_t, std::__cxx11::basic_string<wchar_t, std::char_traits<wchar_t>, std::allocator<wchar_t> > const&) const
00123414 00000188 W std::__cxx11::money_put<wchar_t, std::ostreambuf_iterator<wchar_t, std::char_traits<wchar_t> > >::do_put(std::ostreambuf_iterator<wchar_t, std::char_traits<wchar_t> >, bool, std::ios_base&, wchar_t, long double) const
0012359c 00000054 W std::__cxx11::money_put<wchar_t, std::ostreambuf_iterator<wchar_t, std::char_traits<wchar_t> > >::do_put(std::ostreambuf_iterator<wchar_t, std::char_traits<wchar_t> >, bool, std::ios_base&, wchar_t, std::__cxx11::basic_string<wchar_t, std::char_traits<wchar_t>, std::allocator<wchar_t> > const&) const
001235f0 00000280 W std::__cxx11::time_get<wchar_t, std::istreambuf_iterator<wchar_t, std::char_traits<wchar_t> > >::_M_extract_num(std::istreambuf_iterator<wchar_t, std::char_traits<wchar_t> >, std::istreambuf_iterator<wchar_t, std::char_traits<wchar_t> >, int&, int, int, unsigned int, std::ios_base&, std::_Ios_Iostate&) const
00123870 0000066c W std::__cxx11::time_get<wchar_t, std::istreambuf_iterator<wchar_t, std::char_traits<wchar_t> > >::do_get_year(std::istreambuf_iterator<wchar_t, std::char_traits<wchar_t> >, std::istreambuf_iterator<wchar_t, std::char_traits<wchar_t> >, std::ios_base&, std::_Ios_Iostate&, tm*) const
00123edc 00000db8 W std::__cxx11::time_get<wchar_t, std::istreambuf_iterator<wchar_t, std::char_traits<wchar_t> > >::_M_extract_name(std::istreambuf_iterator<wchar_t, std::char_traits<wchar_t> >, std::istreambuf_iterator<wchar_t, std::char_traits<wchar_t> >, int&, wchar_t const**, unsigned int, std::ios_base&, std::_Ios_Iostate&) const
00124c94 00000608 W std::__cxx11::time_get<wchar_t, std::istreambuf_iterator<wchar_t, std::char_traits<wchar_t> > >::_M_extract_wday_or_month(std::istreambuf_iterator<wchar_t, std::char_traits<wchar_t> >, std::istreambuf_iterator<wchar_t, std::char_traits<wchar_t> >, int&, wchar_t const**, unsigned int, std::ios_base&, std::_Ios_Iostate&) const
0012529c 00000250 W std::__cxx11::time_get<wchar_t, std::istreambuf_iterator<wchar_t, std::char_traits<wchar_t> > >::do_get_weekday(std::istreambuf_iterator<wchar_t, std::char_traits<wchar_t> >, std::istreambuf_iterator<wchar_t, std::char_traits<wchar_t> >, std::ios_base&, std::_Ios_Iostate&, tm*) const
001254ec 000002c8 W std::__cxx11::time_get<wchar_t, std::istreambuf_iterator<wchar_t, std::char_traits<wchar_t> > >::do_get_monthname(std::istreambuf_iterator<wchar_t, std::char_traits<wchar_t> >, std::istreambuf_iterator<wchar_t, std::char_traits<wchar_t> >, std::ios_base&, std::_Ios_Iostate&, tm*) const
001257b4 0000003c W std::__cxx11::messages<wchar_t>::messages(unsigned int)
001257b4 0000003c W std::__cxx11::messages<wchar_t>::messages(unsigned int)
001257f0 0000007c W std::istreambuf_iterator<wchar_t, std::char_traits<wchar_t> >::_M_get() const
0012586c 00001e40 W std::__cxx11::time_get<wchar_t, std::istreambuf_iterator<wchar_t, std::char_traits<wchar_t> > >::_M_extract_via_format(std::istreambuf_iterator<wchar_t, std::char_traits<wchar_t> >, std::istreambuf_iterator<wchar_t, std::char_traits<wchar_t> >, std::ios_base&, std::_Ios_Iostate&, tm*, wchar_t const*, std::__time_get_state&) const
0012586c 00001e40 t std::__cxx11::time_get<wchar_t, std::istreambuf_iterator<wchar_t, std::char_traits<wchar_t> > >::_M_extract_via_format(std::istreambuf_iterator<wchar_t, std::char_traits<wchar_t> >, std::istreambuf_iterator<wchar_t, std::char_traits<wchar_t> >, std::ios_base&, std::_Ios_Iostate&, tm*, wchar_t const*, std::__time_get_state&) const [clone .localalias]
001276ac 000001c8 W std::__cxx11::time_get<wchar_t, std::istreambuf_iterator<wchar_t, std::char_traits<wchar_t> > >::do_get_time(std::istreambuf_iterator<wchar_t, std::char_traits<wchar_t> >, std::istreambuf_iterator<wchar_t, std::char_traits<wchar_t> >, std::ios_base&, std::_Ios_Iostate&, tm*) const
00127874 000001c8 W std::__cxx11::time_get<wchar_t, std::istreambuf_iterator<wchar_t, std::char_traits<wchar_t> > >::do_get_date(std::istreambuf_iterator<wchar_t, std::char_traits<wchar_t> >, std::istreambuf_iterator<wchar_t, std::char_traits<wchar_t> >, std::ios_base&, std::_Ios_Iostate&, tm*) const
00127a3c 000001c8 W std::__cxx11::time_get<wchar_t, std::istreambuf_iterator<wchar_t, std::char_traits<wchar_t> > >::do_get(std::istreambuf_iterator<wchar_t, std::char_traits<wchar_t> >, std::istreambuf_iterator<wchar_t, std::char_traits<wchar_t> >, std::ios_base&, std::_Ios_Iostate&, tm*, char, char) const
00127c04 000000a4 t _GLOBAL__sub_I__ZNSt12ctype_bynameIwEC2ERKNSt7__cxx1112basic_stringIcSt11char_traitsIcESaIcEEEj
00127ca8 00000020 W __gnu_cxx::stdio_sync_filebuf<char, std::char_traits<char> >::~stdio_sync_filebuf()
00127ca8 00000020 W __gnu_cxx::stdio_sync_filebuf<char, std::char_traits<char> >::~stdio_sync_filebuf()
00127cc8 00000028 W __gnu_cxx::stdio_sync_filebuf<char, std::char_traits<char> >::~stdio_sync_filebuf()
00127cf0 00000020 W __gnu_cxx::stdio_sync_filebuf<wchar_t, std::char_traits<wchar_t> >::~stdio_sync_filebuf()
00127cf0 00000020 W __gnu_cxx::stdio_sync_filebuf<wchar_t, std::char_traits<wchar_t> >::~stdio_sync_filebuf()
00127d10 00000028 W __gnu_cxx::stdio_sync_filebuf<wchar_t, std::char_traits<wchar_t> >::~stdio_sync_filebuf()
00127d38 00000018 W __gnu_cxx::stdio_sync_filebuf<char, std::char_traits<char> >::uflow()
00127d50 0000001c W __gnu_cxx::stdio_sync_filebuf<char, std::char_traits<char> >::underflow()
00127d6c 00000038 W __gnu_cxx::stdio_sync_filebuf<char, std::char_traits<char> >::pbackfail(int)
00127da4 00000008 W __gnu_cxx::stdio_sync_filebuf<char, std::char_traits<char> >::sync()
00127dac 00000008 W __gnu_cxx::stdio_sync_filebuf<wchar_t, std::char_traits<wchar_t> >::sync()
00127db8 00000078 W __gnu_cxx::stdio_sync_filebuf<char, std::char_traits<char> >::seekoff(long long, std::_Ios_Seekdir, std::_Ios_Openmode)
00127e30 00000078 W __gnu_cxx::stdio_sync_filebuf<wchar_t, std::char_traits<wchar_t> >::seekoff(long long, std::_Ios_Seekdir, std::_Ios_Openmode)
00127ea8 00000018 W __gnu_cxx::stdio_sync_filebuf<wchar_t, std::char_traits<wchar_t> >::uflow()
00127ec0 00000068 W __gnu_cxx::stdio_sync_filebuf<wchar_t, std::char_traits<wchar_t> >::xsgetn(wchar_t*, int)
00127f28 0000001c W __gnu_cxx::stdio_sync_filebuf<wchar_t, std::char_traits<wchar_t> >::underflow()
00127f44 00000048 W __gnu_cxx::stdio_sync_filebuf<wchar_t, std::char_traits<wchar_t> >::pbackfail(unsigned int)
00127f8c 0000004c W __gnu_cxx::stdio_sync_filebuf<wchar_t, std::char_traits<wchar_t> >::xsputn(wchar_t const*, int)
00127fd8 00000014 W __gnu_cxx::stdio_sync_filebuf<char, std::char_traits<char> >::xsputn(char const*, int)
00127fec 00000034 W __gnu_cxx::stdio_sync_filebuf<char, std::char_traits<char> >::xsgetn(char*, int)
00128020 00000034 W __gnu_cxx::stdio_sync_filebuf<wchar_t, std::char_traits<wchar_t> >::overflow(unsigned int)
00128054 00000034 W __gnu_cxx::stdio_sync_filebuf<char, std::char_traits<char> >::overflow(int)
00128088 000000ac W __gnu_cxx::stdio_sync_filebuf<wchar_t, std::char_traits<wchar_t> >::seekpos(std::fpos<_mbstate_t>, std::_Ios_Openmode)
00128138 000000ac W __gnu_cxx::stdio_sync_filebuf<char, std::char_traits<char> >::seekpos(std::fpos<_mbstate_t>, std::_Ios_Openmode)
001281e4 0000002c T std::__throw_bad_cast()
00128210 00000040 T std::__throw_logic_error(char const*)
00128250 00000040 T std::__throw_length_error(char const*)
00128290 00000040 T std::__throw_out_of_range(char const*)
001282d0 00000010 T std::__throw_out_of_range_fmt(char const*, ...)
001282e0 00000040 T std::__throw_runtime_error(char const*)
00128320 00000020 W std::basic_ios<char, std::char_traits<char> >::~basic_ios()
00128320 00000020 W std::basic_ios<char, std::char_traits<char> >::~basic_ios()
00128340 00000020 W std::basic_ios<wchar_t, std::char_traits<wchar_t> >::~basic_ios()
00128340 00000020 W std::basic_ios<wchar_t, std::char_traits<wchar_t> >::~basic_ios()
00128360 00000028 W std::basic_ios<char, std::char_traits<char> >::~basic_ios()
00128388 00000028 W std::basic_ios<wchar_t, std::char_traits<wchar_t> >::~basic_ios()
001283b0 0000002c W std::basic_ios<char, std::char_traits<char> >::clear(std::_Ios_Iostate)
001283dc 0000001c W std::basic_ios<char, std::char_traits<char> >::_M_setstate(std::_Ios_Iostate)
001283f8 0000006c W std::basic_ios<char, std::char_traits<char> >::_M_cache_locale(std::locale const&)
00128464 000000a0 W std::basic_ios<char, std::char_traits<char> >::init(std::basic_streambuf<char, std::char_traits<char> >*)
00128504 0000002c W std::basic_ios<wchar_t, std::char_traits<wchar_t> >::clear(std::_Ios_Iostate)
00128530 0000001c W std::basic_ios<wchar_t, std::char_traits<wchar_t> >::_M_setstate(std::_Ios_Iostate)
0012854c 0000006c W std::basic_ios<wchar_t, std::char_traits<wchar_t> >::_M_cache_locale(std::locale const&)
001285b8 00000068 W std::basic_ios<wchar_t, std::char_traits<wchar_t> >::init(std::basic_streambuf<wchar_t, std::char_traits<wchar_t> >*)
00128620 00000070 T std::ios_base::ios_base()
00128620 00000070 T std::ios_base::ios_base()
00128690 00000058 T std::ios_base::_M_call_callbacks(std::ios_base::event)
001286e8 000000c8 T std::ios_base::~ios_base()
001286e8 000000c8 T std::ios_base::~ios_base()
001287b0 0000001c T std::ios_base::~ios_base()
001287cc 00000030 W std::basic_istream<char, std::char_traits<char> >::~basic_istream()
001287fc 00000040 W virtual thunk to std::basic_istream<char, std::char_traits<char> >::~basic_istream()
0012883c 00000038 W std::basic_istream<char, std::char_traits<char> >::~basic_istream()
00128874 00000048 W virtual thunk to std::basic_istream<char, std::char_traits<char> >::~basic_istream()
001288bc 00000030 W std::basic_istream<wchar_t, std::char_traits<wchar_t> >::~basic_istream()
001288ec 00000040 W virtual thunk to std::basic_istream<wchar_t, std::char_traits<wchar_t> >::~basic_istream()
0012892c 00000038 W std::basic_istream<wchar_t, std::char_traits<wchar_t> >::~basic_istream()
00128964 00000048 W virtual thunk to std::basic_istream<wchar_t, std::char_traits<wchar_t> >::~basic_istream()
001289ac 0000000c W std::moneypunct<char, false>::do_decimal_point() const
001289b8 0000000c W std::moneypunct<char, false>::do_thousands_sep() const
001289c4 0000000c W std::moneypunct<char, false>::do_frac_digits() const
001289d0 00000014 W std::moneypunct<char, false>::do_pos_format() const
001289e4 00000014 W std::moneypunct<char, false>::do_neg_format() const
001289f8 0000000c W std::moneypunct<char, true>::do_decimal_point() const
00128a04 0000000c W std::moneypunct<char, true>::do_thousands_sep() const
00128a10 0000000c W std::moneypunct<char, true>::do_frac_digits() const
00128a1c 00000014 W std::moneypunct<char, true>::do_pos_format() const
00128a30 00000014 W std::moneypunct<char, true>::do_neg_format() const
00128a44 0000000c W std::numpunct<char>::do_decimal_point() const
00128a50 0000000c W std::numpunct<char>::do_thousands_sep() const
00128a5c 00000008 W std::time_get<char, std::istreambuf_iterator<char, std::char_traits<char> > >::do_date_order() const
00128a64 00000008 W std::messages<char>::do_open(std::string const&, std::locale const&) const
00128a6c 00000004 W std::messages<char>::do_close(int) const
00128a70 00000020 W std::collate<char>::do_hash(char const*, char const*) const
00128a90 00000020 W std::num_get<char, std::istreambuf_iterator<char, std::char_traits<char> > >::~num_get()
00128a90 00000020 W std::num_get<char, std::istreambuf_iterator<char, std::char_traits<char> > >::~num_get()
00128ab0 00000020 W std::num_put<char, std::ostreambuf_iterator<char, std::char_traits<char> > >::~num_put()
00128ab0 00000020 W std::num_put<char, std::ostreambuf_iterator<char, std::char_traits<char> > >::~num_put()
00128ad0 00000020 W std::money_get<char, std::istreambuf_iterator<char, std::char_traits<char> > >::~money_get()
00128ad0 00000020 W std::money_get<char, std::istreambuf_iterator<char, std::char_traits<char> > >::~money_get()
00128af0 00000020 W std::money_put<char, std::ostreambuf_iterator<char, std::char_traits<char> > >::~money_put()
00128af0 00000020 W std::money_put<char, std::ostreambuf_iterator<char, std::char_traits<char> > >::~money_put()
00128b10 00000020 W std::__timepunct_cache<char>::~__timepunct_cache()
00128b10 00000020 W std::__timepunct_cache<char>::~__timepunct_cache()
00128b30 00000020 W std::time_put<char, std::ostreambuf_iterator<char, std::char_traits<char> > >::~time_put()
00128b30 00000020 W std::time_put<char, std::ostreambuf_iterator<char, std::char_traits<char> > >::~time_put()
00128b50 00000020 W std::time_get<char, std::istreambuf_iterator<char, std::char_traits<char> > >::~time_get()
00128b50 00000020 W std::time_get<char, std::istreambuf_iterator<char, std::char_traits<char> > >::~time_get()
00128b70 00000028 W std::num_get<char, std::istreambuf_iterator<char, std::char_traits<char> > >::~num_get()
00128b98 00000028 W std::num_put<char, std::ostreambuf_iterator<char, std::char_traits<char> > >::~num_put()
00128bc0 00000028 W std::money_get<char, std::istreambuf_iterator<char, std::char_traits<char> > >::~money_get()
00128be8 00000028 W std::money_put<char, std::ostreambuf_iterator<char, std::char_traits<char> > >::~money_put()
00128c10 0000001c W std::__timepunct_cache<char>::~__timepunct_cache()
00128c2c 00000028 W std::time_put<char, std::ostreambuf_iterator<char, std::char_traits<char> > >::~time_put()
00128c54 00000028 W std::time_get<char, std::istreambuf_iterator<char, std::char_traits<char> > >::~time_get()
00128c7c 00000070 W std::__moneypunct_cache<char, false>::~__moneypunct_cache()
00128c7c 00000070 W std::__moneypunct_cache<char, false>::~__moneypunct_cache()
00128cec 0000001c W std::__moneypunct_cache<char, false>::~__moneypunct_cache()
00128d08 00000070 W std::__moneypunct_cache<char, true>::~__moneypunct_cache()
00128d08 00000070 W std::__moneypunct_cache<char, true>::~__moneypunct_cache()
00128d78 0000001c W std::__moneypunct_cache<char, true>::~__moneypunct_cache()
00128d94 00000060 W std::__numpunct_cache<char>::~__numpunct_cache()
00128d94 00000060 W std::__numpunct_cache<char>::~__numpunct_cache()
00128df4 0000001c W std::__numpunct_cache<char>::~__numpunct_cache()
00128e10 00000028 W std::messages<char>::~messages()
00128e10 00000028 W std::messages<char>::~messages()
00128e38 0000001c W std::messages<char>::~messages()
00128e54 00000028 W std::collate<char>::~collate()
00128e54 00000028 W std::collate<char>::~collate()
00128e7c 00000060 W std::__timepunct<char>::~__timepunct()
00128e7c 00000060 W std::__timepunct<char>::~__timepunct()
00128edc 0000001c W std::__timepunct<char>::~__timepunct()
00128ef8 00000028 t std::basic_streambuf<char, std::char_traits<char> >::sbumpc() [clone .isra.0]
00128f20 0000004c t std::ctype<char>::widen(char) const [clone .part.0]
00128f6c 0000009c t std::ctype<char>::widen(char const*, char const*, char*) const [clone .isra.0]
00129008 000000b0 t char* std::string::_S_construct<char const*>(char const*, char const*, std::allocator<char> const&, std::forward_iterator_tag) [clone .isra.0]
001290b8 00000030 W std::collate<char>::~collate()
001290e8 00000078 t std::basic_string<char, std::char_traits<char>, std::allocator<char> >::~basic_string() [clone .isra.0]
00129160 00000160 W std::time_put<char, std::ostreambuf_iterator<char, std::char_traits<char> > >::do_put(std::ostreambuf_iterator<char, std::char_traits<char> >, std::ios_base&, char, tm const*, char, char) const
001292c0 000000c8 W std::moneypunct<char, false>::do_grouping() const
00129388 000000c8 W std::moneypunct<char, false>::do_curr_symbol() const
00129450 000000c8 W std::moneypunct<char, false>::do_positive_sign() const
00129518 000000c8 W std::moneypunct<char, false>::do_negative_sign() const
001295e0 000000c8 W std::moneypunct<char, true>::do_grouping() const
001296a8 000000c8 W std::moneypunct<char, true>::do_curr_symbol() const
00129770 000000c8 W std::moneypunct<char, true>::do_positive_sign() const
00129838 000000c8 W std::moneypunct<char, true>::do_negative_sign() const
00129900 000000c8 W std::numpunct<char>::do_grouping() const
001299c8 000000c8 W std::numpunct<char>::do_truename() const
00129a90 000000c8 W std::numpunct<char>::do_falsename() const
00129b58 000001a4 W std::collate<char>::do_compare(char const*, char const*, char const*, char const*) const
00129cfc 0000031c W std::collate<char>::do_transform(char const*, char const*) const
0012a018 00000068 W std::ctype<char>::narrow(char, char) const
0012a080 00000648 W std::__moneypunct_cache<char, false>::_M_cache(std::locale const&)
0012a6c8 00000648 W std::__moneypunct_cache<char, true>::_M_cache(std::locale const&)
0012ad10 000005e4 W std::__numpunct_cache<char>::_M_cache(std::locale const&)
0012b2f4 000000b4 t std::__use_cache<std::__numpunct_cache<char> >::operator()(std::locale const&) const [clone .isra.0]
0012b3a8 00000050 W std::__timepunct<char>::__timepunct(std::__timepunct_cache<char>*, unsigned int)
0012b3a8 00000050 W std::__timepunct<char>::__timepunct(std::__timepunct_cache<char>*, unsigned int)
0012b3f8 000002b0 W std::time_get<char, std::istreambuf_iterator<char, std::char_traits<char> > >::_M_extract_num(std::istreambuf_iterator<char, std::char_traits<char> >, std::istreambuf_iterator<char, std::char_traits<char> >, int&, int, int, unsigned int, std::ios_base&, std::_Ios_Iostate&) const
0012b6a8 0000003c W std::messages<char>::messages(unsigned int)
0012b6a8 0000003c W std::messages<char>::messages(unsigned int)
0012b6e4 00000170 W char* std::__add_grouping<char>(char*, char, char const*, unsigned int, char const*, char const*)
0012b854 000000ac W std::num_put<char, std::ostreambuf_iterator<char, std::char_traits<char> > >::_M_group_float(char const*, unsigned int, char, char const*, char*, char*, int&) const
0012b900 00000050 W std::num_put<char, std::ostreambuf_iterator<char, std::char_traits<char> > >::_M_group_int(char const*, unsigned int, char, std::ios_base&, char*, char*, int&) const
0012b950 00000570 W std::ostreambuf_iterator<char, std::char_traits<char> > std::money_put<char, std::ostreambuf_iterator<char, std::char_traits<char> > >::_M_insert<true>(std::ostreambuf_iterator<char, std::char_traits<char> >, std::ios_base&, char, std::string const&) const
0012bec0 00000570 W std::ostreambuf_iterator<char, std::char_traits<char> > std::money_put<char, std::ostreambuf_iterator<char, std::char_traits<char> > >::_M_insert<false>(std::ostreambuf_iterator<char, std::char_traits<char> >, std::ios_base&, char, std::string const&) const
0012c430 0000025c W std::money_put<char, std::ostreambuf_iterator<char, std::char_traits<char> > >::do_put(std::ostreambuf_iterator<char, std::char_traits<char> >, bool, std::ios_base&, char, long double) const
0012c68c 00000054 W std::money_put<char, std::ostreambuf_iterator<char, std::char_traits<char> > >::do_put(std::ostreambuf_iterator<char, std::char_traits<char> >, bool, std::ios_base&, char, std::string const&) const
0012c6e0 00000308 W std::__pad<char, std::char_traits<char> >::_S_pad(std::ios_base&, char, char*, char const*, int, int)
0012c9e8 00000034 W std::num_put<char, std::ostreambuf_iterator<char, std::char_traits<char> > >::_M_pad(char, int, std::ios_base&, char*, char const*, int&) const
0012ca1c 000003ec W std::ostreambuf_iterator<char, std::char_traits<char> > std::num_put<char, std::ostreambuf_iterator<char, std::char_traits<char> > >::_M_insert_float<double>(std::ostreambuf_iterator<char, std::char_traits<char> >, std::ios_base&, char, char, double) const
0012ce08 0000003c W std::num_put<char, std::ostreambuf_iterator<char, std::char_traits<char> > >::do_put(std::ostreambuf_iterator<char, std::char_traits<char> >, std::ios_base&, char, double) const
0012ce44 000003ec W std::ostreambuf_iterator<char, std::char_traits<char> > std::num_put<char, std::ostreambuf_iterator<char, std::char_traits<char> > >::_M_insert_float<long double>(std::ostreambuf_iterator<char, std::char_traits<char> >, std::ios_base&, char, char, long double) const
0012d230 0000003c W std::num_put<char, std::ostreambuf_iterator<char, std::char_traits<char> > >::do_put(std::ostreambuf_iterator<char, std::char_traits<char> >, std::ios_base&, char, long double) const
0012d26c 000000ac W int std::__int_to_char<char, unsigned long>(char*, unsigned long, char const*, std::_Ios_Fmtflags, bool)
0012d318 0000023c W std::ostreambuf_iterator<char, std::char_traits<char> > std::num_put<char, std::ostreambuf_iterator<char, std::char_traits<char> > >::_M_insert_int<long>(std::ostreambuf_iterator<char, std::char_traits<char> >, std::ios_base&, char, long) const
0012d554 0000003c W std::num_put<char, std::ostreambuf_iterator<char, std::char_traits<char> > >::do_put(std::ostreambuf_iterator<char, std::char_traits<char> >, std::ios_base&, char, long) const
0012d590 000001b0 W std::num_put<char, std::ostreambuf_iterator<char, std::char_traits<char> > >::do_put(std::ostreambuf_iterator<char, std::char_traits<char> >, std::ios_base&, char, bool) const
0012d740 000001dc W std::ostreambuf_iterator<char, std::char_traits<char> > std::num_put<char, std::ostreambuf_iterator<char, std::char_traits<char> > >::_M_insert_int<unsigned long>(std::ostreambuf_iterator<char, std::char_traits<char> >, std::ios_base&, char, unsigned long) const
0012d91c 0000003c W std::num_put<char, std::ostreambuf_iterator<char, std::char_traits<char> > >::do_put(std::ostreambuf_iterator<char, std::char_traits<char> >, std::ios_base&, char, unsigned long) const
0012d958 0000006c W std::num_put<char, std::ostreambuf_iterator<char, std::char_traits<char> > >::do_put(std::ostreambuf_iterator<char, std::char_traits<char> >, std::ios_base&, char, void const*) const
0012d9c4 00000114 W int std::__int_to_char<char, unsigned long long>(char*, unsigned long long, char const*, std::_Ios_Fmtflags, bool)
0012dad8 0000025c W std::ostreambuf_iterator<char, std::char_traits<char> > std::num_put<char, std::ostreambuf_iterator<char, std::char_traits<char> > >::_M_insert_int<long long>(std::ostreambuf_iterator<char, std::char_traits<char> >, std::ios_base&, char, long long) const
0012dd34 0000003c W std::num_put<char, std::ostreambuf_iterator<char, std::char_traits<char> > >::do_put(std::ostreambuf_iterator<char, std::char_traits<char> >, std::ios_base&, char, long long) const
0012dd70 000001fc W std::ostreambuf_iterator<char, std::char_traits<char> > std::num_put<char, std::ostreambuf_iterator<char, std::char_traits<char> > >::_M_insert_int<unsigned long long>(std::ostreambuf_iterator<char, std::char_traits<char> >, std::ios_base&, char, unsigned long long) const
0012df6c 0000003c W std::num_put<char, std::ostreambuf_iterator<char, std::char_traits<char> > >::do_put(std::ostreambuf_iterator<char, std::char_traits<char> >, std::ios_base&, char, unsigned long long) const
0012dfa8 00000100 W std::istreambuf_iterator<char, std::char_traits<char> >::equal(std::istreambuf_iterator<char, std::char_traits<char> > const&) const
0012e0a8 00000068 W std::istreambuf_iterator<char, std::char_traits<char> >::_M_get() const
0012e110 00000c14 W std::num_get<char, std::istreambuf_iterator<char, std::char_traits<char> > >::_M_extract_float(std::istreambuf_iterator<char, std::char_traits<char> >, std::istreambuf_iterator<char, std::char_traits<char> >, std::ios_base&, std::_Ios_Iostate&, std::string&) const
0012ed24 000001e8 W std::num_get<char, std::istreambuf_iterator<char, std::char_traits<char> > >::do_get(std::istreambuf_iterator<char, std::char_traits<char> >, std::istreambuf_iterator<char, std::char_traits<char> >, std::ios_base&, std::_Ios_Iostate&, float&) const
0012ef0c 000001e8 W std::num_get<char, std::istreambuf_iterator<char, std::char_traits<char> > >::do_get(std::istreambuf_iterator<char, std::char_traits<char> >, std::istreambuf_iterator<char, std::char_traits<char> >, std::ios_base&, std::_Ios_Iostate&, double&) const
0012f0f4 000001e8 W std::num_get<char, std::istreambuf_iterator<char, std::char_traits<char> > >::do_get(std::istreambuf_iterator<char, std::char_traits<char> >, std::istreambuf_iterator<char, std::char_traits<char> >, std::ios_base&, std::_Ios_Iostate&, long double&) const
0012f2dc 000009ec W std::istreambuf_iterator<char, std::char_traits<char> > std::num_get<char, std::istreambuf_iterator<char, std::char_traits<char> > >::_M_extract_int<long>(std::istreambuf_iterator<char, std::char_traits<char> >, std::istreambuf_iterator<char, std::char_traits<char> >, std::ios_base&, std::_Ios_Iostate&, long&) const
0012fcc8 000004f4 W std::num_get<char, std::istreambuf_iterator<char, std::char_traits<char> > >::do_get(std::istreambuf_iterator<char, std::char_traits<char> >, std::istreambuf_iterator<char, std::char_traits<char> >, std::ios_base&, std::_Ios_Iostate&, bool&) const
001301bc 00000048 W std::num_get<char, std::istreambuf_iterator<char, std::char_traits<char> > >::do_get(std::istreambuf_iterator<char, std::char_traits<char> >, std::istreambuf_iterator<char, std::char_traits<char> >, std::ios_base&, std::_Ios_Iostate&, long&) const
00130204 00000a98 W std::istreambuf_iterator<char, std::char_traits<char> > std::num_get<char, std::istreambuf_iterator<char, std::char_traits<char> > >::_M_extract_int<unsigned short>(std::istreambuf_iterator<char, std::char_traits<char> >, std::istreambuf_iterator<char, std::char_traits<char> >, std::ios_base&, std::_Ios_Iostate&, unsigned short&) const
00130c9c 00000048 W std::num_get<char, std::istreambuf_iterator<char, std::char_traits<char> > >::do_get(std::istreambuf_iterator<char, std::char_traits<char> >, std::istreambuf_iterator<char, std::char_traits<char> >, std::ios_base&, std::_Ios_Iostate&, unsigned short&) const
00130ce4 00000a60 W std::istreambuf_iterator<char, std::char_traits<char> > std::num_get<char, std::istreambuf_iterator<char, std::char_traits<char> > >::_M_extract_int<unsigned int>(std::istreambuf_iterator<char, std::char_traits<char> >, std::istreambuf_iterator<char, std::char_traits<char> >, std::ios_base&, std::_Ios_Iostate&, unsigned int&) const
00131744 00000048 W std::num_get<char, std::istreambuf_iterator<char, std::char_traits<char> > >::do_get(std::istreambuf_iterator<char, std::char_traits<char> >, std::istreambuf_iterator<char, std::char_traits<char> >, std::ios_base&, std::_Ios_Iostate&, unsigned int&) const
0013178c 00000a04 W std::istreambuf_iterator<char, std::char_traits<char> > std::num_get<char, std::istreambuf_iterator<char, std::char_traits<char> > >::_M_extract_int<unsigned long>(std::istreambuf_iterator<char, std::char_traits<char> >, std::istreambuf_iterator<char, std::char_traits<char> >, std::ios_base&, std::_Ios_Iostate&, unsigned long&) const
00132190 00000048 W std::num_get<char, std::istreambuf_iterator<char, std::char_traits<char> > >::do_get(std::istreambuf_iterator<char, std::char_traits<char> >, std::istreambuf_iterator<char, std::char_traits<char> >, std::ios_base&, std::_Ios_Iostate&, unsigned long&) const
001321d8 0000007c W std::num_get<char, std::istreambuf_iterator<char, std::char_traits<char> > >::do_get(std::istreambuf_iterator<char, std::char_traits<char> >, std::istreambuf_iterator<char, std::char_traits<char> >, std::ios_base&, std::_Ios_Iostate&, void*&) const
00132254 00000a80 W std::istreambuf_iterator<char, std::char_traits<char> > std::num_get<char, std::istreambuf_iterator<char, std::char_traits<char> > >::_M_extract_int<long long>(std::istreambuf_iterator<char, std::char_traits<char> >, std::istreambuf_iterator<char, std::char_traits<char> >, std::ios_base&, std::_Ios_Iostate&, long long&) const
00132cd4 00000048 W std::num_get<char, std::istreambuf_iterator<char, std::char_traits<char> > >::do_get(std::istreambuf_iterator<char, std::char_traits<char> >, std::istreambuf_iterator<char, std::char_traits<char> >, std::ios_base&, std::_Ios_Iostate&, long long&) const
00132d1c 00000ad4 W std::istreambuf_iterator<char, std::char_traits<char> > std::num_get<char, std::istreambuf_iterator<char, std::char_traits<char> > >::_M_extract_int<unsigned long long>(std::istreambuf_iterator<char, std::char_traits<char> >, std::istreambuf_iterator<char, std::char_traits<char> >, std::ios_base&, std::_Ios_Iostate&, unsigned long long&) const
001337f0 00000048 W std::num_get<char, std::istreambuf_iterator<char, std::char_traits<char> > >::do_get(std::istreambuf_iterator<char, std::char_traits<char> >, std::istreambuf_iterator<char, std::char_traits<char> >, std::ios_base&, std::_Ios_Iostate&, unsigned long long&) const
00133838 000002c4 W std::time_get<char, std::istreambuf_iterator<char, std::char_traits<char> > >::do_get_year(std::istreambuf_iterator<char, std::char_traits<char> >, std::istreambuf_iterator<char, std::char_traits<char> >, std::ios_base&, std::_Ios_Iostate&, tm*) const
00133afc 00000a7c W std::time_get<char, std::istreambuf_iterator<char, std::char_traits<char> > >::_M_extract_name(std::istreambuf_iterator<char, std::char_traits<char> >, std::istreambuf_iterator<char, std::char_traits<char> >, int&, char const**, unsigned int, std::ios_base&, std::_Ios_Iostate&) const
00134578 0000040c W std::time_get<char, std::istreambuf_iterator<char, std::char_traits<char> > >::_M_extract_wday_or_month(std::istreambuf_iterator<char, std::char_traits<char> >, std::istreambuf_iterator<char, std::char_traits<char> >, int&, char const**, unsigned int, std::ios_base&, std::_Ios_Iostate&) const
00134984 00000244 W std::time_get<char, std::istreambuf_iterator<char, std::char_traits<char> > >::do_get_weekday(std::istreambuf_iterator<char, std::char_traits<char> >, std::istreambuf_iterator<char, std::char_traits<char> >, std::ios_base&, std::_Ios_Iostate&, tm*) const
00134bc8 000002b4 W std::time_get<char, std::istreambuf_iterator<char, std::char_traits<char> > >::do_get_monthname(std::istreambuf_iterator<char, std::char_traits<char> >, std::istreambuf_iterator<char, std::char_traits<char> >, std::ios_base&, std::_Ios_Iostate&, tm*) const
00134e7c 00001450 W std::time_get<char, std::istreambuf_iterator<char, std::char_traits<char> > >::_M_extract_via_format(std::istreambuf_iterator<char, std::char_traits<char> >, std::istreambuf_iterator<char, std::char_traits<char> >, std::ios_base&, std::_Ios_Iostate&, tm*, char const*, std::__time_get_state&) const
00134e7c 00001450 t std::time_get<char, std::istreambuf_iterator<char, std::char_traits<char> > >::_M_extract_via_format(std::istreambuf_iterator<char, std::char_traits<char> >, std::istreambuf_iterator<char, std::char_traits<char> >, std::ios_base&, std::_Ios_Iostate&, tm*, char const*, std::__time_get_state&) const [clone .localalias]
001362cc 000001b8 W std::time_get<char, std::istreambuf_iterator<char, std::char_traits<char> > >::do_get_time(std::istreambuf_iterator<char, std::char_traits<char> >, std::istreambuf_iterator<char, std::char_traits<char> >, std::ios_base&, std::_Ios_Iostate&, tm*) const
00136484 000001b8 W std::time_get<char, std::istreambuf_iterator<char, std::char_traits<char> > >::do_get_date(std::istreambuf_iterator<char, std::char_traits<char> >, std::istreambuf_iterator<char, std::char_traits<char> >, std::ios_base&, std::_Ios_Iostate&, tm*) const
0013663c 00000f64 W std::istreambuf_iterator<char, std::char_traits<char> > std::money_get<char, std::istreambuf_iterator<char, std::char_traits<char> > >::_M_extract<true>(std::istreambuf_iterator<char, std::char_traits<char> >, std::istreambuf_iterator<char, std::char_traits<char> >, std::ios_base&, std::_Ios_Iostate&, std::string&) const
001375a0 00000f64 W std::istreambuf_iterator<char, std::char_traits<char> > std::money_get<char, std::istreambuf_iterator<char, std::char_traits<char> > >::_M_extract<false>(std::istreambuf_iterator<char, std::char_traits<char> >, std::istreambuf_iterator<char, std::char_traits<char> >, std::ios_base&, std::_Ios_Iostate&, std::string&) const
00138504 0000011c W std::money_get<char, std::istreambuf_iterator<char, std::char_traits<char> > >::do_get(std::istreambuf_iterator<char, std::char_traits<char> >, std::istreambuf_iterator<char, std::char_traits<char> >, bool, std::ios_base&, std::_Ios_Iostate&, long double&) const
00138620 00000220 W std::money_get<char, std::istreambuf_iterator<char, std::char_traits<char> > >::do_get(std::istreambuf_iterator<char, std::char_traits<char> >, std::istreambuf_iterator<char, std::char_traits<char> >, bool, std::ios_base&, std::_Ios_Iostate&, std::string&) const
00138840 000000f4 t _GLOBAL__sub_I__ZNSt12ctype_bynameIcEC2ERKSsj
00138934 0000002c W __gnu_cxx::__throw_concurrence_lock_error()
00138960 00000b88 T std::locale::_Impl::_Impl(unsigned int)
00138960 00000b88 T std::locale::_Impl::_Impl(unsigned int)
001394e8 00000054 T std::locale::_S_initialize_once()
00139540 00000184 T std::locale::locale()
00139540 00000184 T std::locale::locale()
001396c4 0000002c W std::basic_ostream<char, std::char_traits<char> >::~basic_ostream()
001396f0 00000038 W virtual thunk to std::basic_ostream<char, std::char_traits<char> >::~basic_ostream()
00139728 00000034 W std::basic_ostream<char, std::char_traits<char> >::~basic_ostream()
0013975c 00000040 W virtual thunk to std::basic_ostream<char, std::char_traits<char> >::~basic_ostream()
0013979c 0000002c W std::basic_ostream<wchar_t, std::char_traits<wchar_t> >::~basic_ostream()
001397c8 00000038 W virtual thunk to std::basic_ostream<wchar_t, std::char_traits<wchar_t> >::~basic_ostream()
00139800 00000034 W std::basic_ostream<wchar_t, std::char_traits<wchar_t> >::~basic_ostream()
00139834 00000040 W virtual thunk to std::basic_ostream<wchar_t, std::char_traits<wchar_t> >::~basic_ostream()
00139874 000000e4 W std::ostream::sentry::~sentry()
00139874 000000e4 W std::ostream::sentry::~sentry()
00139958 000001b8 W std::ostream::flush()
00139b10 000000b0 W std::ostream::sentry::sentry(std::ostream&)
00139b10 000000b0 W std::ostream::sentry::sentry(std::ostream&)
00139bc0 000001c8 W std::ostream::put(char)
00139d88 00000468 W std::basic_ostream<char, std::char_traits<char> >& std::__ostream_insert<char, std::char_traits<char> >(std::basic_ostream<char, std::char_traits<char> >&, char const*, int)
0013a1f0 000000e4 W std::basic_ostream<wchar_t, std::char_traits<wchar_t> >::sentry::~sentry()
0013a1f0 000000e4 W std::basic_ostream<wchar_t, std::char_traits<wchar_t> >::sentry::~sentry()
0013a2d4 000001b8 W std::basic_ostream<wchar_t, std::char_traits<wchar_t> >::flush()
0013a48c 000000b0 W std::basic_ostream<wchar_t, std::char_traits<wchar_t> >::sentry::sentry(std::basic_ostream<wchar_t, std::char_traits<wchar_t> >&)
0013a48c 000000b0 W std::basic_ostream<wchar_t, std::char_traits<wchar_t> >::sentry::sentry(std::basic_ostream<wchar_t, std::char_traits<wchar_t> >&)
0013a53c 000001c0 W std::system_error::system_error(std::error_code, char const*)
0013a53c 000001c0 W std::system_error::system_error(std::error_code, char const*)
0013a6fc 00000004 W std::basic_streambuf<char, std::char_traits<char> >::imbue(std::locale const&)
0013a700 00000004 W std::basic_streambuf<char, std::char_traits<char> >::setbuf(char*, int)
0013a708 00000020 W std::basic_streambuf<char, std::char_traits<char> >::seekoff(long long, std::_Ios_Seekdir, std::_Ios_Openmode)
0013a728 00000028 W std::basic_streambuf<char, std::char_traits<char> >::seekpos(std::fpos<_mbstate_t>, std::_Ios_Openmode)
0013a750 00000008 W std::basic_streambuf<char, std::char_traits<char> >::sync()
0013a758 00000008 W std::basic_streambuf<char, std::char_traits<char> >::showmanyc()
0013a760 00000008 W std::basic_streambuf<char, std::char_traits<char> >::underflow()
0013a768 00000008 W std::basic_streambuf<char, std::char_traits<char> >::pbackfail(int)
0013a770 00000008 W std::basic_streambuf<char, std::char_traits<char> >::overflow(int)
0013a778 00000004 W std::basic_streambuf<wchar_t, std::char_traits<wchar_t> >::imbue(std::locale const&)
0013a77c 00000004 W std::basic_streambuf<wchar_t, std::char_traits<wchar_t> >::setbuf(wchar_t*, int)
0013a780 00000020 W std::basic_streambuf<wchar_t, std::char_traits<wchar_t> >::seekoff(long long, std::_Ios_Seekdir, std::_Ios_Openmode)
0013a7a0 00000028 W std::basic_streambuf<wchar_t, std::char_traits<wchar_t> >::seekpos(std::fpos<_mbstate_t>, std::_Ios_Openmode)
0013a7c8 00000008 W std::basic_streambuf<wchar_t, std::char_traits<wchar_t> >::sync()
0013a7d0 00000008 W std::basic_streambuf<wchar_t, std::char_traits<wchar_t> >::showmanyc()
0013a7d8 00000008 W std::basic_streambuf<wchar_t, std::char_traits<wchar_t> >::underflow()
0013a7e0 00000008 W std::basic_streambuf<wchar_t, std::char_traits<wchar_t> >::pbackfail(unsigned int)
0013a7e8 00000008 W std::basic_streambuf<wchar_t, std::char_traits<wchar_t> >::overflow(unsigned int)
0013a7f0 00000020 W std::basic_streambuf<char, std::char_traits<char> >::~basic_streambuf()
0013a7f0 00000020 W std::basic_streambuf<char, std::char_traits<char> >::~basic_streambuf()
0013a810 00000020 W std::basic_streambuf<wchar_t, std::char_traits<wchar_t> >::~basic_streambuf()
0013a810 00000020 W std::basic_streambuf<wchar_t, std::char_traits<wchar_t> >::~basic_streambuf()
0013a830 00000028 W std::basic_streambuf<char, std::char_traits<char> >::~basic_streambuf()
0013a858 00000028 W std::basic_streambuf<wchar_t, std::char_traits<wchar_t> >::~basic_streambuf()
0013a880 000000c0 W std::basic_streambuf<wchar_t, std::char_traits<wchar_t> >::xsputn(wchar_t const*, int)
0013a940 000000a0 W std::basic_streambuf<char, std::char_traits<char> >::xsputn(char const*, int)
0013a9e0 0000005c W std::basic_streambuf<wchar_t, std::char_traits<wchar_t> >::uflow()
0013aa3c 0000005c W std::basic_streambuf<char, std::char_traits<char> >::uflow()
0013aa98 000000d4 W std::basic_streambuf<char, std::char_traits<char> >::xsgetn(char*, int)
0013ab6c 000000ec W std::basic_streambuf<wchar_t, std::char_traits<wchar_t> >::xsgetn(wchar_t*, int)
0013ac58 00000054 W std::__cxx11::basic_string<char, std::char_traits<char>, std::allocator<char> >::_M_create(unsigned int&, unsigned int)
0013acac 00000014 W std::__cxx11::basic_string<char, std::char_traits<char>, std::allocator<char> >::_M_dispose()
0013acc0 00000094 W std::__cxx11::basic_string<char, std::char_traits<char>, std::allocator<char> >::_M_construct(unsigned int, char)
0013ad54 00000104 W std::__cxx11::basic_string<char, std::char_traits<char>, std::allocator<char> >::_M_mutate(unsigned int, unsigned int, char const*, unsigned int)
0013ae58 00000074 W std::__cxx11::basic_string<char, std::char_traits<char>, std::allocator<char> >::_M_erase(unsigned int, unsigned int)
0013aecc 00000098 W std::__cxx11::basic_string<char, std::char_traits<char>, std::allocator<char> >::reserve(unsigned int)
0013af64 00000110 W std::__cxx11::basic_string<char, std::char_traits<char>, std::allocator<char> >::_M_replace_aux(unsigned int, unsigned int, unsigned int, char)
0013b074 00000044 W std::__cxx11::basic_string<char, std::char_traits<char>, std::allocator<char> >::resize(unsigned int, char)
0013b0b8 00000140 W std::__cxx11::basic_string<char, std::char_traits<char>, std::allocator<char> >::_M_replace_cold(char*, unsigned int, char const*, unsigned int, unsigned int)
0013b1f8 00000130 W std::__cxx11::basic_string<char, std::char_traits<char>, std::allocator<char> >::_M_replace(unsigned int, unsigned int, char const*, unsigned int)
0013b328 00000090 W std::__cxx11::basic_string<char, std::char_traits<char>, std::allocator<char> >::_M_append(char const*, unsigned int)
0013b3b8 00000088 W std::__cxx11::basic_string<char, std::char_traits<char>, std::allocator<char> >::copy(char*, unsigned int, unsigned int) const
0013b440 00000194 W std::__cxx11::basic_string<char, std::char_traits<char>, std::allocator<char> >::swap(std::__cxx11::basic_string<char, std::char_traits<char>, std::allocator<char> >&)
0013b5d4 00000034 W std::__cxx11::basic_string<char, std::char_traits<char>, std::allocator<char> >::find_first_not_of(char, unsigned int) const
0013b608 000000a8 W void std::__cxx11::basic_string<char, std::char_traits<char>, std::allocator<char> >::_M_construct<true>(char const*, unsigned int)
0013b6b0 0000000c t (anonymous namespace)::generic_error_category::name() const
0013b6bc 00000020 t (anonymous namespace)::generic_error_category::equivalent(int, std::error_condition const&) const
0013b6dc 00000004 t (anonymous namespace)::generic_error_category::~generic_error_category()
0013b6dc 00000004 t (anonymous namespace)::generic_error_category::~generic_error_category()
0013b6e0 0000000c T std::_V2::error_category::default_error_condition(int) const
0013b6ec 00000054 T std::_V2::error_category::equivalent(int, std::error_condition const&) const
0013b740 00000020 T std::_V2::error_category::equivalent(std::error_code const&, int) const
0013b760 000000f4 t (anonymous namespace)::system_error_category::message[abi:cxx11](int) const
0013b760 000000f4 t (anonymous namespace)::generic_error_category::message[abi:cxx11](int) const
0013b854 0000001c t (anonymous namespace)::generic_error_category::~generic_error_category()
0013b870 00000020 T std::system_error::~system_error()
0013b870 00000020 T std::system_error::~system_error()
0013b890 00000028 T std::system_error::~system_error()
0013b8b8 00000054 T std::_V2::error_category::_M_message[abi:cxx11](int) const
0013b90c 0000009c T std::__throw_system_error(int)
0013b9a8 00000004 T std::_V2::error_category::~error_category()
0013b9a8 00000004 T std::_V2::error_category::~error_category()
0013b9ac 0000000c W std::moneypunct<wchar_t, false>::do_decimal_point() const
0013b9b8 0000000c W std::moneypunct<wchar_t, false>::do_thousands_sep() const
0013b9c4 0000000c W std::moneypunct<wchar_t, false>::do_frac_digits() const
0013b9d0 00000014 W std::moneypunct<wchar_t, false>::do_pos_format() const
0013b9e4 00000014 W std::moneypunct<wchar_t, false>::do_neg_format() const
0013b9f8 0000000c W std::moneypunct<wchar_t, true>::do_decimal_point() const
0013ba04 0000000c W std::moneypunct<wchar_t, true>::do_thousands_sep() const
0013ba10 0000000c W std::moneypunct<wchar_t, true>::do_frac_digits() const
0013ba1c 00000014 W std::moneypunct<wchar_t, true>::do_pos_format() const
0013ba30 00000014 W std::moneypunct<wchar_t, true>::do_neg_format() const
0013ba44 0000000c W std::numpunct<wchar_t>::do_decimal_point() const
0013ba50 0000000c W std::numpunct<wchar_t>::do_thousands_sep() const
0013ba5c 00000008 W std::time_get<wchar_t, std::istreambuf_iterator<wchar_t, std::char_traits<wchar_t> > >::do_date_order() const
0013ba64 00000008 W std::messages<wchar_t>::do_open(std::string const&, std::locale const&) const
0013ba6c 00000004 W std::messages<wchar_t>::do_close(int) const
0013ba70 00000020 W std::collate<wchar_t>::do_hash(wchar_t const*, wchar_t const*) const
0013ba90 00000020 W std::num_get<wchar_t, std::istreambuf_iterator<wchar_t, std::char_traits<wchar_t> > >::~num_get()
0013ba90 00000020 W std::num_get<wchar_t, std::istreambuf_iterator<wchar_t, std::char_traits<wchar_t> > >::~num_get()
0013bab0 00000020 W std::num_put<wchar_t, std::ostreambuf_iterator<wchar_t, std::char_traits<wchar_t> > >::~num_put()
0013bab0 00000020 W std::num_put<wchar_t, std::ostreambuf_iterator<wchar_t, std::char_traits<wchar_t> > >::~num_put()
0013bad0 00000020 W std::money_get<wchar_t, std::istreambuf_iterator<wchar_t, std::char_traits<wchar_t> > >::~money_get()
0013bad0 00000020 W std::money_get<wchar_t, std::istreambuf_iterator<wchar_t, std::char_traits<wchar_t> > >::~money_get()
0013baf0 00000020 W std::money_put<wchar_t, std::ostreambuf_iterator<wchar_t, std::char_traits<wchar_t> > >::~money_put()
0013baf0 00000020 W std::money_put<wchar_t, std::ostreambuf_iterator<wchar_t, std::char_traits<wchar_t> > >::~money_put()
0013bb10 00000020 W std::__timepunct_cache<wchar_t>::~__timepunct_cache()
0013bb10 00000020 W std::__timepunct_cache<wchar_t>::~__timepunct_cache()
0013bb30 00000020 W std::time_put<wchar_t, std::ostreambuf_iterator<wchar_t, std::char_traits<wchar_t> > >::~time_put()
0013bb30 00000020 W std::time_put<wchar_t, std::ostreambuf_iterator<wchar_t, std::char_traits<wchar_t> > >::~time_put()
0013bb50 00000020 W std::time_get<wchar_t, std::istreambuf_iterator<wchar_t, std::char_traits<wchar_t> > >::~time_get()
0013bb50 00000020 W std::time_get<wchar_t, std::istreambuf_iterator<wchar_t, std::char_traits<wchar_t> > >::~time_get()
0013bb70 00000028 W std::num_get<wchar_t, std::istreambuf_iterator<wchar_t, std::char_traits<wchar_t> > >::~num_get()
0013bb98 00000028 W std::num_put<wchar_t, std::ostreambuf_iterator<wchar_t, std::char_traits<wchar_t> > >::~num_put()
0013bbc0 00000028 W std::money_get<wchar_t, std::istreambuf_iterator<wchar_t, std::char_traits<wchar_t> > >::~money_get()
0013bbe8 00000028 W std::money_put<wchar_t, std::ostreambuf_iterator<wchar_t, std::char_traits<wchar_t> > >::~money_put()
0013bc10 0000001c W std::__timepunct_cache<wchar_t>::~__timepunct_cache()
0013bc2c 00000028 W std::time_put<wchar_t, std::ostreambuf_iterator<wchar_t, std::char_traits<wchar_t> > >::~time_put()
0013bc54 00000028 W std::time_get<wchar_t, std::istreambuf_iterator<wchar_t, std::char_traits<wchar_t> > >::~time_get()
0013bc7c 00000070 W std::__moneypunct_cache<wchar_t, false>::~__moneypunct_cache()
0013bc7c 00000070 W std::__moneypunct_cache<wchar_t, false>::~__moneypunct_cache()
0013bcec 0000001c W std::__moneypunct_cache<wchar_t, false>::~__moneypunct_cache()
0013bd08 00000070 W std::__moneypunct_cache<wchar_t, true>::~__moneypunct_cache()
0013bd08 00000070 W std::__moneypunct_cache<wchar_t, true>::~__moneypunct_cache()
0013bd78 0000001c W std::__moneypunct_cache<wchar_t, true>::~__moneypunct_cache()
0013bd94 00000060 W std::__numpunct_cache<wchar_t>::~__numpunct_cache()
0013bd94 00000060 W std::__numpunct_cache<wchar_t>::~__numpunct_cache()
0013bdf4 0000001c W std::__numpunct_cache<wchar_t>::~__numpunct_cache()
0013be10 00000028 W std::messages<wchar_t>::~messages()
0013be10 00000028 W std::messages<wchar_t>::~messages()
0013be38 0000001c W std::messages<wchar_t>::~messages()
0013be54 00000028 W std::collate<wchar_t>::~collate()
0013be54 00000028 W std::collate<wchar_t>::~collate()
0013be7c 00000060 W std::__timepunct<wchar_t>::~__timepunct()
0013be7c 00000060 W std::__timepunct<wchar_t>::~__timepunct()
0013bedc 0000001c W std::__timepunct<wchar_t>::~__timepunct()
0013bef8 00000028 t std::basic_streambuf<wchar_t, std::char_traits<wchar_t> >::sbumpc() [clone .isra.0]
0013bf20 00000074 t std::basic_string<wchar_t, std::char_traits<wchar_t>, std::allocator<wchar_t> >::~basic_string() [clone .isra.0]
0013bf94 000000c0 t wchar_t* std::basic_string<wchar_t, std::char_traits<wchar_t>, std::allocator<wchar_t> >::_S_construct<wchar_t const*>(wchar_t const*, wchar_t const*, std::allocator<wchar_t> const&, std::forward_iterator_tag) [clone .isra.0]
0013c054 00000030 W std::collate<wchar_t>::~collate()
0013c084 00000074 t std::basic_string<char, std::char_traits<char>, std::allocator<char> >::~basic_string() [clone .isra.0]
0013c0f8 000000c8 W std::moneypunct<wchar_t, false>::do_grouping() const
0013c1c0 000000c8 W std::moneypunct<wchar_t, true>::do_grouping() const
0013c288 000000c8 W std::numpunct<wchar_t>::do_grouping() const
0013c350 000001a4 W std::collate<wchar_t>::do_compare(wchar_t const*, wchar_t const*, wchar_t const*, wchar_t const*) const
0013c4f4 00000130 W std::time_put<wchar_t, std::ostreambuf_iterator<wchar_t, std::char_traits<wchar_t> > >::do_put(std::ostreambuf_iterator<wchar_t, std::char_traits<wchar_t> >, std::ios_base&, wchar_t, tm const*, char, char) const
0013c624 000000e4 W std::moneypunct<wchar_t, false>::do_curr_symbol() const
0013c708 000000e4 W std::moneypunct<wchar_t, false>::do_positive_sign() const
0013c7ec 000000e4 W std::moneypunct<wchar_t, false>::do_negative_sign() const
0013c8d0 000000e4 W std::moneypunct<wchar_t, true>::do_curr_symbol() const
0013c9b4 000000e4 W std::moneypunct<wchar_t, true>::do_positive_sign() const
0013ca98 000000e4 W std::moneypunct<wchar_t, true>::do_negative_sign() const
0013cb7c 000000e4 W std::numpunct<wchar_t>::do_truename() const
0013cc60 000000e4 W std::numpunct<wchar_t>::do_falsename() const
0013cd44 00000330 W std::collate<wchar_t>::do_transform(wchar_t const*, wchar_t const*) const
0013d074 00000854 W std::__moneypunct_cache<wchar_t, false>::_M_cache(std::locale const&)
0013d8c8 00000854 W std::__moneypunct_cache<wchar_t, true>::_M_cache(std::locale const&)
0013e11c 0000054c W std::__numpunct_cache<wchar_t>::_M_cache(std::locale const&)
0013e668 000000b8 t std::__use_cache<std::__numpunct_cache<wchar_t> >::operator()(std::locale const&) const [clone .isra.0]
0013e720 00000050 W std::__timepunct<wchar_t>::__timepunct(std::__timepunct_cache<wchar_t>*, unsigned int)
0013e720 00000050 W std::__timepunct<wchar_t>::__timepunct(std::__timepunct_cache<wchar_t>*, unsigned int)
0013e770 00000280 W std::time_get<wchar_t, std::istreambuf_iterator<wchar_t, std::char_traits<wchar_t> > >::_M_extract_num(std::istreambuf_iterator<wchar_t, std::char_traits<wchar_t> >, std::istreambuf_iterator<wchar_t, std::char_traits<wchar_t> >, int&, int, int, unsigned int, std::ios_base&, std::_Ios_Iostate&) const
0013e9f0 0000003c W std::messages<wchar_t>::messages(unsigned int)
0013e9f0 0000003c W std::messages<wchar_t>::messages(unsigned int)
0013ea2c 00000178 W wchar_t* std::__add_grouping<wchar_t>(wchar_t*, wchar_t, char const*, unsigned int, wchar_t const*, wchar_t const*)
0013eba4 000000b0 W std::num_put<wchar_t, std::ostreambuf_iterator<wchar_t, std::char_traits<wchar_t> > >::_M_group_float(char const*, unsigned int, wchar_t, wchar_t const*, wchar_t*, wchar_t*, int&) const
0013ec54 00000054 W std::num_put<wchar_t, std::ostreambuf_iterator<wchar_t, std::char_traits<wchar_t> > >::_M_group_int(char const*, unsigned int, wchar_t, std::ios_base&, wchar_t*, wchar_t*, int&) const
0013eca8 00000690 W std::ostreambuf_iterator<wchar_t, std::char_traits<wchar_t> > std::money_put<wchar_t, std::ostreambuf_iterator<wchar_t, std::char_traits<wchar_t> > >::_M_insert<true>(std::ostreambuf_iterator<wchar_t, std::char_traits<wchar_t> >, std::ios_base&, wchar_t, std::basic_string<wchar_t, std::char_traits<wchar_t>, std::allocator<wchar_t> > const&) const
0013f338 00000614 W std::ostreambuf_iterator<wchar_t, std::char_traits<wchar_t> > std::money_put<wchar_t, std::ostreambuf_iterator<wchar_t, std::char_traits<wchar_t> > >::_M_insert<false>(std::ostreambuf_iterator<wchar_t, std::char_traits<wchar_t> >, std::ios_base&, wchar_t, std::basic_string<wchar_t, std::char_traits<wchar_t>, std::allocator<wchar_t> > const&) const
0013f94c 000001f0 W std::money_put<wchar_t, std::ostreambuf_iterator<wchar_t, std::char_traits<wchar_t> > >::do_put(std::ostreambuf_iterator<wchar_t, std::char_traits<wchar_t> >, bool, std::ios_base&, wchar_t, long double) const
0013fb3c 00000054 W std::money_put<wchar_t, std::ostreambuf_iterator<wchar_t, std::char_traits<wchar_t> > >::do_put(std::ostreambuf_iterator<wchar_t, std::char_traits<wchar_t> >, bool, std::ios_base&, wchar_t, std::basic_string<wchar_t, std::char_traits<wchar_t>, std::allocator<wchar_t> > const&) const
0013fb90 00000220 W std::__pad<wchar_t, std::char_traits<wchar_t> >::_S_pad(std::ios_base&, wchar_t, wchar_t*, wchar_t const*, int, int)
0013fdb0 00000034 W std::num_put<wchar_t, std::ostreambuf_iterator<wchar_t, std::char_traits<wchar_t> > >::_M_pad(wchar_t, int, std::ios_base&, wchar_t*, wchar_t const*, int&) const
0013fde4 0000034c W std::ostreambuf_iterator<wchar_t, std::char_traits<wchar_t> > std::num_put<wchar_t, std::ostreambuf_iterator<wchar_t, std::char_traits<wchar_t> > >::_M_insert_float<double>(std::ostreambuf_iterator<wchar_t, std::char_traits<wchar_t> >, std::ios_base&, wchar_t, char, double) const
00140130 0000003c W std::num_put<wchar_t, std::ostreambuf_iterator<wchar_t, std::char_traits<wchar_t> > >::do_put(std::ostreambuf_iterator<wchar_t, std::char_traits<wchar_t> >, std::ios_base&, wchar_t, double) const
0014016c 0000034c W std::ostreambuf_iterator<wchar_t, std::char_traits<wchar_t> > std::num_put<wchar_t, std::ostreambuf_iterator<wchar_t, std::char_traits<wchar_t> > >::_M_insert_float<long double>(std::ostreambuf_iterator<wchar_t, std::char_traits<wchar_t> >, std::ios_base&, wchar_t, char, long double) const
001404b8 0000003c W std::num_put<wchar_t, std::ostreambuf_iterator<wchar_t, std::char_traits<wchar_t> > >::do_put(std::ostreambuf_iterator<wchar_t, std::char_traits<wchar_t> >, std::ios_base&, wchar_t, long double) const
001404f4 000000b4 W int std::__int_to_char<wchar_t, unsigned long>(wchar_t*, unsigned long, wchar_t const*, std::_Ios_Fmtflags, bool)
001405a8 00000238 W std::ostreambuf_iterator<wchar_t, std::char_traits<wchar_t> > std::num_put<wchar_t, std::ostreambuf_iterator<wchar_t, std::char_traits<wchar_t> > >::_M_insert_int<long>(std::ostreambuf_iterator<wchar_t, std::char_traits<wchar_t> >, std::ios_base&, wchar_t, long) const
001407e0 0000003c W std::num_put<wchar_t, std::ostreambuf_iterator<wchar_t, std::char_traits<wchar_t> > >::do_put(std::ostreambuf_iterator<wchar_t, std::char_traits<wchar_t> >, std::ios_base&, wchar_t, long) const
0014081c 000001b8 W std::num_put<wchar_t, std::ostreambuf_iterator<wchar_t, std::char_traits<wchar_t> > >::do_put(std::ostreambuf_iterator<wchar_t, std::char_traits<wchar_t> >, std::ios_base&, wchar_t, bool) const
001409d4 000001d4 W std::ostreambuf_iterator<wchar_t, std::char_traits<wchar_t> > std::num_put<wchar_t, std::ostreambuf_iterator<wchar_t, std::char_traits<wchar_t> > >::_M_insert_int<unsigned long>(std::ostreambuf_iterator<wchar_t, std::char_traits<wchar_t> >, std::ios_base&, wchar_t, unsigned long) const
00140ba8 0000003c W std::num_put<wchar_t, std::ostreambuf_iterator<wchar_t, std::char_traits<wchar_t> > >::do_put(std::ostreambuf_iterator<wchar_t, std::char_traits<wchar_t> >, std::ios_base&, wchar_t, unsigned long) const
00140be4 0000006c W std::num_put<wchar_t, std::ostreambuf_iterator<wchar_t, std::char_traits<wchar_t> > >::do_put(std::ostreambuf_iterator<wchar_t, std::char_traits<wchar_t> >, std::ios_base&, wchar_t, void const*) const
00140c50 00000118 W int std::__int_to_char<wchar_t, unsigned long long>(wchar_t*, unsigned long long, wchar_t const*, std::_Ios_Fmtflags, bool)
00140d68 00000258 W std::ostreambuf_iterator<wchar_t, std::char_traits<wchar_t> > std::num_put<wchar_t, std::ostreambuf_iterator<wchar_t, std::char_traits<wchar_t> > >::_M_insert_int<long long>(std::ostreambuf_iterator<wchar_t, std::char_traits<wchar_t> >, std::ios_base&, wchar_t, long long) const
00140fc0 0000003c W std::num_put<wchar_t, std::ostreambuf_iterator<wchar_t, std::char_traits<wchar_t> > >::do_put(std::ostreambuf_iterator<wchar_t, std::char_traits<wchar_t> >, std::ios_base&, wchar_t, long long) const
00140ffc 000001f8 W std::ostreambuf_iterator<wchar_t, std::char_traits<wchar_t> > std::num_put<wchar_t, std::ostreambuf_iterator<wchar_t, std::char_traits<wchar_t> > >::_M_insert_int<unsigned long long>(std::ostreambuf_iterator<wchar_t, std::char_traits<wchar_t> >, std::ios_base&, wchar_t, unsigned long long) const
001411f4 0000003c W std::num_put<wchar_t, std::ostreambuf_iterator<wchar_t, std::char_traits<wchar_t> > >::do_put(std::ostreambuf_iterator<wchar_t, std::char_traits<wchar_t> >, std::ios_base&, wchar_t, unsigned long long) const
00141230 000000fc W std::istreambuf_iterator<wchar_t, std::char_traits<wchar_t> >::equal(std::istreambuf_iterator<wchar_t, std::char_traits<wchar_t> > const&) const
0014132c 00000ccc W std::num_get<wchar_t, std::istreambuf_iterator<wchar_t, std::char_traits<wchar_t> > >::_M_extract_float(std::istreambuf_iterator<wchar_t, std::char_traits<wchar_t> >, std::istreambuf_iterator<wchar_t, std::char_traits<wchar_t> >, std::ios_base&, std::_Ios_Iostate&, std::string&) const
00141ff8 000001f4 W std::num_get<wchar_t, std::istreambuf_iterator<wchar_t, std::char_traits<wchar_t> > >::do_get(std::istreambuf_iterator<wchar_t, std::char_traits<wchar_t> >, std::istreambuf_iterator<wchar_t, std::char_traits<wchar_t> >, std::ios_base&, std::_Ios_Iostate&, float&) const
001421ec 000001f4 W std::num_get<wchar_t, std::istreambuf_iterator<wchar_t, std::char_traits<wchar_t> > >::do_get(std::istreambuf_iterator<wchar_t, std::char_traits<wchar_t> >, std::istreambuf_iterator<wchar_t, std::char_traits<wchar_t> >, std::ios_base&, std::_Ios_Iostate&, double&) const
001423e0 000001f4 W std::num_get<wchar_t, std::istreambuf_iterator<wchar_t, std::char_traits<wchar_t> > >::do_get(std::istreambuf_iterator<wchar_t, std::char_traits<wchar_t> >, std::istreambuf_iterator<wchar_t, std::char_traits<wchar_t> >, std::ios_base&, std::_Ios_Iostate&, long double&) const
001425d4 00000a1c W std::istreambuf_iterator<wchar_t, std::char_traits<wchar_t> > std::num_get<wchar_t, std::istreambuf_iterator<wchar_t, std::char_traits<wchar_t> > >::_M_extract_int<long>(std::istreambuf_iterator<wchar_t, std::char_traits<wchar_t> >, std::istreambuf_iterator<wchar_t, std::char_traits<wchar_t> >, std::ios_base&, std::_Ios_Iostate&, long&) const
00142ff0 000004f8 W std::num_get<wchar_t, std::istreambuf_iterator<wchar_t, std::char_traits<wchar_t> > >::do_get(std::istreambuf_iterator<wchar_t, std::char_traits<wchar_t> >, std::istreambuf_iterator<wchar_t, std::char_traits<wchar_t> >, std::ios_base&, std::_Ios_Iostate&, bool&) const
001434e8 00000048 W std::num_get<wchar_t, std::istreambuf_iterator<wchar_t, std::char_traits<wchar_t> > >::do_get(std::istreambuf_iterator<wchar_t, std::char_traits<wchar_t> >, std::istreambuf_iterator<wchar_t, std::char_traits<wchar_t> >, std::ios_base&, std::_Ios_Iostate&, long&) const
00143530 00000a18 W std::istreambuf_iterator<wchar_t, std::char_traits<wchar_t> > std::num_get<wchar_t, std::istreambuf_iterator<wchar_t, std::char_traits<wchar_t> > >::_M_extract_int<unsigned short>(std::istreambuf_iterator<wchar_t, std::char_traits<wchar_t> >, std::istreambuf_iterator<wchar_t, std::char_traits<wchar_t> >, std::ios_base&, std::_Ios_Iostate&, unsigned short&) const
00143f48 00000048 W std::num_get<wchar_t, std::istreambuf_iterator<wchar_t, std::char_traits<wchar_t> > >::do_get(std::istreambuf_iterator<wchar_t, std::char_traits<wchar_t> >, std::istreambuf_iterator<wchar_t, std::char_traits<wchar_t> >, std::ios_base&, std::_Ios_Iostate&, unsigned short&) const
00143f90 000009fc W std::istreambuf_iterator<wchar_t, std::char_traits<wchar_t> > std::num_get<wchar_t, std::istreambuf_iterator<wchar_t, std::char_traits<wchar_t> > >::_M_extract_int<unsigned int>(std::istreambuf_iterator<wchar_t, std::char_traits<wchar_t> >, std::istreambuf_iterator<wchar_t, std::char_traits<wchar_t> >, std::ios_base&, std::_Ios_Iostate&, unsigned int&) const
0014498c 00000048 W std::num_get<wchar_t, std::istreambuf_iterator<wchar_t, std::char_traits<wchar_t> > >::do_get(std::istreambuf_iterator<wchar_t, std::char_traits<wchar_t> >, std::istreambuf_iterator<wchar_t, std::char_traits<wchar_t> >, std::ios_base&, std::_Ios_Iostate&, unsigned int&) const
001449d4 000009fc W std::istreambuf_iterator<wchar_t, std::char_traits<wchar_t> > std::num_get<wchar_t, std::istreambuf_iterator<wchar_t, std::char_traits<wchar_t> > >::_M_extract_int<unsigned long>(std::istreambuf_iterator<wchar_t, std::char_traits<wchar_t> >, std::istreambuf_iterator<wchar_t, std::char_traits<wchar_t> >, std::ios_base&, std::_Ios_Iostate&, unsigned long&) const
001453d0 00000048 W std::num_get<wchar_t, std::istreambuf_iterator<wchar_t, std::char_traits<wchar_t> > >::do_get(std::istreambuf_iterator<wchar_t, std::char_traits<wchar_t> >, std::istreambuf_iterator<wchar_t, std::char_traits<wchar_t> >, std::ios_base&, std::_Ios_Iostate&, unsigned long&) const
00145418 0000007c W std::num_get<wchar_t, std::istreambuf_iterator<wchar_t, std::char_traits<wchar_t> > >::do_get(std::istreambuf_iterator<wchar_t, std::char_traits<wchar_t> >, std::istreambuf_iterator<wchar_t, std::char_traits<wchar_t> >, std::ios_base&, std::_Ios_Iostate&, void*&) const
00145494 00000aa8 W std::istreambuf_iterator<wchar_t, std::char_traits<wchar_t> > std::num_get<wchar_t, std::istreambuf_iterator<wchar_t, std::char_traits<wchar_t> > >::_M_extract_int<long long>(std::istreambuf_iterator<wchar_t, std::char_traits<wchar_t> >, std::istreambuf_iterator<wchar_t, std::char_traits<wchar_t> >, std::ios_base&, std::_Ios_Iostate&, long long&) const
00145f3c 00000048 W std::num_get<wchar_t, std::istreambuf_iterator<wchar_t, std::char_traits<wchar_t> > >::do_get(std::istreambuf_iterator<wchar_t, std::char_traits<wchar_t> >, std::istreambuf_iterator<wchar_t, std::char_traits<wchar_t> >, std::ios_base&, std::_Ios_Iostate&, long long&) const
00145f84 00000b10 W std::istreambuf_iterator<wchar_t, std::char_traits<wchar_t> > std::num_get<wchar_t, std::istreambuf_iterator<wchar_t, std::char_traits<wchar_t> > >::_M_extract_int<unsigned long long>(std::istreambuf_iterator<wchar_t, std::char_traits<wchar_t> >, std::istreambuf_iterator<wchar_t, std::char_traits<wchar_t> >, std::ios_base&, std::_Ios_Iostate&, unsigned long long&) const
00146a94 00000048 W std::num_get<wchar_t, std::istreambuf_iterator<wchar_t, std::char_traits<wchar_t> > >::do_get(std::istreambuf_iterator<wchar_t, std::char_traits<wchar_t> >, std::istreambuf_iterator<wchar_t, std::char_traits<wchar_t> >, std::ios_base&, std::_Ios_Iostate&, unsigned long long&) const
00146adc 000002e4 W std::time_get<wchar_t, std::istreambuf_iterator<wchar_t, std::char_traits<wchar_t> > >::do_get_year(std::istreambuf_iterator<wchar_t, std::char_traits<wchar_t> >, std::istreambuf_iterator<wchar_t, std::char_traits<wchar_t> >, std::ios_base&, std::_Ios_Iostate&, tm*) const
00146dc0 00000aa8 W std::time_get<wchar_t, std::istreambuf_iterator<wchar_t, std::char_traits<wchar_t> > >::_M_extract_name(std::istreambuf_iterator<wchar_t, std::char_traits<wchar_t> >, std::istreambuf_iterator<wchar_t, std::char_traits<wchar_t> >, int&, wchar_t const**, unsigned int, std::ios_base&, std::_Ios_Iostate&) const
00147868 00000418 W std::time_get<wchar_t, std::istreambuf_iterator<wchar_t, std::char_traits<wchar_t> > >::_M_extract_wday_or_month(std::istreambuf_iterator<wchar_t, std::char_traits<wchar_t> >, std::istreambuf_iterator<wchar_t, std::char_traits<wchar_t> >, int&, wchar_t const**, unsigned int, std::ios_base&, std::_Ios_Iostate&) const
00147c80 00000250 W std::time_get<wchar_t, std::istreambuf_iterator<wchar_t, std::char_traits<wchar_t> > >::do_get_weekday(std::istreambuf_iterator<wchar_t, std::char_traits<wchar_t> >, std::istreambuf_iterator<wchar_t, std::char_traits<wchar_t> >, std::ios_base&, std::_Ios_Iostate&, tm*) const
00147ed0 000002c8 W std::time_get<wchar_t, std::istreambuf_iterator<wchar_t, std::char_traits<wchar_t> > >::do_get_monthname(std::istreambuf_iterator<wchar_t, std::char_traits<wchar_t> >, std::istreambuf_iterator<wchar_t, std::char_traits<wchar_t> >, std::ios_base&, std::_Ios_Iostate&, tm*) const
00148198 00001418 W std::time_get<wchar_t, std::istreambuf_iterator<wchar_t, std::char_traits<wchar_t> > >::_M_extract_via_format(std::istreambuf_iterator<wchar_t, std::char_traits<wchar_t> >, std::istreambuf_iterator<wchar_t, std::char_traits<wchar_t> >, std::ios_base&, std::_Ios_Iostate&, tm*, wchar_t const*, std::__time_get_state&) const
00148198 00001418 t std::time_get<wchar_t, std::istreambuf_iterator<wchar_t, std::char_traits<wchar_t> > >::_M_extract_via_format(std::istreambuf_iterator<wchar_t, std::char_traits<wchar_t> >, std::istreambuf_iterator<wchar_t, std::char_traits<wchar_t> >, std::ios_base&, std::_Ios_Iostate&, tm*, wchar_t const*, std::__time_get_state&) const [clone .localalias]
001495b0 000001c8 W std::time_get<wchar_t, std::istreambuf_iterator<wchar_t, std::char_traits<wchar_t> > >::do_get_time(std::istreambuf_iterator<wchar_t, std::char_traits<wchar_t> >, std::istreambuf_iterator<wchar_t, std::char_traits<wchar_t> >, std::ios_base&, std::_Ios_Iostate&, tm*) const
00149778 000001c8 W std::time_get<wchar_t, std::istreambuf_iterator<wchar_t, std::char_traits<wchar_t> > >::do_get_date(std::istreambuf_iterator<wchar_t, std::char_traits<wchar_t> >, std::istreambuf_iterator<wchar_t, std::char_traits<wchar_t> >, std::ios_base&, std::_Ios_Iostate&, tm*) const
00149940 00000f30 W std::istreambuf_iterator<wchar_t, std::char_traits<wchar_t> > std::money_get<wchar_t, std::istreambuf_iterator<wchar_t, std::char_traits<wchar_t> > >::_M_extract<true>(std::istreambuf_iterator<wchar_t, std::char_traits<wchar_t> >, std::istreambuf_iterator<wchar_t, std::char_traits<wchar_t> >, std::ios_base&, std::_Ios_Iostate&, std::string&) const
0014a870 00000f30 W std::istreambuf_iterator<wchar_t, std::char_traits<wchar_t> > std::money_get<wchar_t, std::istreambuf_iterator<wchar_t, std::char_traits<wchar_t> > >::_M_extract<false>(std::istreambuf_iterator<wchar_t, std::char_traits<wchar_t> >, std::istreambuf_iterator<wchar_t, std::char_traits<wchar_t> >, std::ios_base&, std::_Ios_Iostate&, std::string&) const
0014b7a0 0000011c W std::money_get<wchar_t, std::istreambuf_iterator<wchar_t, std::char_traits<wchar_t> > >::do_get(std::istreambuf_iterator<wchar_t, std::char_traits<wchar_t> >, std::istreambuf_iterator<wchar_t, std::char_traits<wchar_t> >, bool, std::ios_base&, std::_Ios_Iostate&, long double&) const
0014b8bc 000001b0 W std::money_get<wchar_t, std::istreambuf_iterator<wchar_t, std::char_traits<wchar_t> > >::do_get(std::istreambuf_iterator<wchar_t, std::char_traits<wchar_t> >, std::istreambuf_iterator<wchar_t, std::char_traits<wchar_t> >, bool, std::ios_base&, std::_Ios_Iostate&, std::basic_string<wchar_t, std::char_traits<wchar_t>, std::allocator<wchar_t> >&) const
0014ba6c 000000f4 t _GLOBAL__sub_I__ZNSt12ctype_bynameIwEC2ERKSsj
0014bb60 0000005c W std::__cxx11::basic_string<wchar_t, std::char_traits<wchar_t>, std::allocator<wchar_t> >::_M_create(unsigned int&, unsigned int)
0014bbbc 00000014 W std::__cxx11::basic_string<wchar_t, std::char_traits<wchar_t>, std::allocator<wchar_t> >::_M_dispose()
0014bbd0 00000090 W std::__cxx11::basic_string<wchar_t, std::char_traits<wchar_t>, std::allocator<wchar_t> >::_M_construct(unsigned int, wchar_t)
0014bc60 00000104 W std::__cxx11::basic_string<wchar_t, std::char_traits<wchar_t>, std::allocator<wchar_t> >::_M_mutate(unsigned int, unsigned int, wchar_t const*, unsigned int)
0014bd64 0000009c W std::__cxx11::basic_string<wchar_t, std::char_traits<wchar_t>, std::allocator<wchar_t> >::reserve(unsigned int)
0014be00 00000108 W std::__cxx11::basic_string<wchar_t, std::char_traits<wchar_t>, std::allocator<wchar_t> >::_M_replace_aux(unsigned int, unsigned int, unsigned int, wchar_t)
0014bf08 00000044 W std::__cxx11::basic_string<wchar_t, std::char_traits<wchar_t>, std::allocator<wchar_t> >::resize(unsigned int, wchar_t)
0014bf4c 00000144 W std::__cxx11::basic_string<wchar_t, std::char_traits<wchar_t>, std::allocator<wchar_t> >::_M_replace_cold(wchar_t*, unsigned int, wchar_t const*, unsigned int, unsigned int)
0014c090 00000130 W std::__cxx11::basic_string<wchar_t, std::char_traits<wchar_t>, std::allocator<wchar_t> >::_M_replace(unsigned int, unsigned int, wchar_t const*, unsigned int)
0014c1c0 0000008c W std::__cxx11::basic_string<wchar_t, std::char_traits<wchar_t>, std::allocator<wchar_t> >::_M_append(wchar_t const*, unsigned int)
0014c24c 00000088 W std::__cxx11::basic_string<wchar_t, std::char_traits<wchar_t>, std::allocator<wchar_t> >::copy(wchar_t*, unsigned int, unsigned int) const
0014c2d4 000000a8 W void std::__cxx11::basic_string<wchar_t, std::char_traits<wchar_t>, std::allocator<wchar_t> >::_M_construct<true>(wchar_t const*, unsigned int)
0014c37c 0000000c T std::bad_alloc::what() const
0014c388 00000020 T std::bad_alloc::~bad_alloc()
0014c388 00000020 T std::bad_alloc::~bad_alloc()
0014c3a8 0000002c T std::bad_alloc::~bad_alloc()
0014c3d4 0000000c T std::bad_array_new_length::what() const
0014c3e0 00000020 T std::bad_array_new_length::~bad_array_new_length()
0014c3e0 00000020 T std::bad_array_new_length::~bad_array_new_length()
0014c400 0000002c T std::bad_array_new_length::~bad_array_new_length()
0014c42c 0000000c T std::bad_cast::what() const
0014c438 00000020 T std::bad_cast::~bad_cast()
0014c438 00000020 T std::bad_cast::~bad_cast()
0014c458 0000002c T std::bad_cast::~bad_cast()
0014c484 0000005c T __cxxabiv1::__class_type_info::__do_upcast(__cxxabiv1::__class_type_info const*, void**) const
0014c4e0 00000014 T __cxxabiv1::__class_type_info::__do_find_public_src(int, void const*, __cxxabiv1::__class_type_info const*, void const*) const
0014c4f4 00000020 T __cxxabiv1::__class_type_info::~__class_type_info()
0014c4f4 00000020 T __cxxabiv1::__class_type_info::~__class_type_info()
0014c514 0000002c T __cxxabiv1::__class_type_info::~__class_type_info()
0014c540 00000070 T __cxxabiv1::__class_type_info::__do_upcast(__cxxabiv1::__class_type_info const*, void const*, __cxxabiv1::__class_type_info::__upcast_result&) const
0014c5b0 00000090 T __cxxabiv1::__class_type_info::__do_catch(std::type_info const*, void**, unsigned int) const
0014c640 000000f8 T __cxxabiv1::__class_type_info::__do_dyncast(int, __cxxabiv1::__class_type_info::__sub_kind, __cxxabiv1::__class_type_info const*, void const*, __cxxabiv1::__class_type_info const*, void const*, __cxxabiv1::__class_type_info::__dyncast_result&) const
0014c738 00000004 T operator delete(void*)
0014c73c 00000004 T operator delete[](void*)
0014c740 00000194 T __dynamic_cast
0014c8d4 0000012c t (anonymous namespace)::pool::free(void*) [clone .constprop.0]
0014ca00 000000f0 t (anonymous namespace)::pool::allocate(unsigned int) [clone .constprop.0]
0014caf0 00000044 T __cxa_allocate_exception
0014cb34 00000028 T __cxa_free_exception
0014cb5c 000001a4 t _GLOBAL__sub_I__ZN9__gnu_cxx9__freeresEv
0014cd00 T __cxa_end_cleanup
0014cd10 00000138 T __cxa_type_match
0014ce48 000000b4 T __cxa_begin_cleanup
0014cefc 000000b4 T __gnu_end_cleanup
0014cfb0 0000002c T __cxa_throw_bad_array_new_length
0014cfdc 00000070 t __cxxabiv1::__is_gxx_exception_class(char*)
0014d04c 0000002c T __cxa_call_terminate
0014d078 00000148 T __cxa_call_unexpected
0014d1c0 000000e0 T __cxa_begin_catch
0014d2a0 000000e0 T __cxa_end_catch
0014d380 00000018 T std::uncaught_exception()
0014d398 00000004 T std::exception::~exception()
0014d398 00000004 T std::exception::~exception()
0014d39c 00000004 T std::bad_exception::~bad_exception()
0014d39c 00000004 T std::bad_exception::~bad_exception()
0014d3a0 0000000c T transaction clone for std::exception::what() const
0014d3a0 0000000c T std::exception::what() const
0014d3ac 0000000c T transaction clone for std::bad_exception::what() const
0014d3ac 0000000c T std::bad_exception::what() const
0014d3b8 00000020 T std::bad_exception::~bad_exception()
0014d3d8 00000038 t eh_globals_dtor(void*)
0014d410 00000038 T __cxa_get_globals_fast
0014d448 00000090 T __cxa_get_globals
0014d4d8 00000040 t _GLOBAL__sub_I__ZN17__eh_globals_init7_S_initE
0014d518 00000034 t _GLOBAL__sub_D__ZN17__eh_globals_init7_S_initE
0014d54c 00000150 t read_encoded_value_with_base(unsigned char, unsigned int, unsigned char const*, unsigned int*)
0014d69c 0000005c t base_of_encoded_value(unsigned char, _Unwind_Context*)
0014d6f8 000000f0 t parse_lsda_header(_Unwind_Context*, unsigned char const*, lsda_header_info*)
0014d7e8 000006c8 T __gxx_personality_v0
0014deb0 00000014 T __cxxabiv1::__terminate(void (*)())
0014dec4 00000018 T std::terminate()
0014dedc 0000000c T __cxxabiv1::__unexpected(void (*)())
0014dee8 00000018 T std::unexpected()
0014df00 00000014 T std::get_terminate()
0014df14 00000014 T std::get_unexpected()
0014df28 00000070 t __gxx_exception_cleanup(_Unwind_Reason_Code, _Unwind_Control_Block*)
0014df98 00000054 T __cxa_init_primary_exception
0014dfec 00000054 T __cxa_throw
0014e040 000000b0 T __cxa_rethrow
0014e0f0 0000000c W __gnu_cxx::__concurrence_broadcast_error::what() const
0014e0fc 0000000c W __gnu_cxx::__concurrence_wait_error::what() const
0014e108 00000038 t (anonymous namespace)::init()
0014e140 00000024 t (anonymous namespace)::init_static_cond()
0014e164 00000020 W __gnu_cxx::__concurrence_wait_error::~__concurrence_wait_error()
0014e164 00000020 W __gnu_cxx::__concurrence_wait_error::~__concurrence_wait_error()
0014e184 0000002c W __gnu_cxx::__concurrence_wait_error::~__concurrence_wait_error()
0014e1b0 00000020 W __gnu_cxx::__concurrence_broadcast_error::~__concurrence_broadcast_error()
0014e1b0 00000020 W __gnu_cxx::__concurrence_broadcast_error::~__concurrence_broadcast_error()
0014e1d0 0000002c W __gnu_cxx::__concurrence_broadcast_error::~__concurrence_broadcast_error()
0014e1fc 0000002c W __gnu_cxx::__throw_concurrence_broadcast_error()
0014e228 000001b0 T __cxa_guard_acquire
0014e3d8 000000f0 T __cxa_guard_release
0014e4c8 00000020 T __gnu_cxx::recursive_init_error::~recursive_init_error()
0014e4c8 00000020 T __gnu_cxx::recursive_init_error::~recursive_init_error()
0014e4e8 0000002c T __gnu_cxx::recursive_init_error::~recursive_init_error()
0014e514 00000010 T __gnu_cxx::recursive_init_error::recursive_init_error()
0014e514 00000010 T __gnu_cxx::recursive_init_error::recursive_init_error()
0014e524 00000014 T std::get_new_handler()
0014e538 00000004 T operator new[](unsigned int)
0014e53c 0000001c T operator new[](unsigned int, std::nothrow_t const&)
0014e558 00000020 T __cxxabiv1::__si_class_type_info::~__si_class_type_info()
0014e558 00000020 T __cxxabiv1::__si_class_type_info::~__si_class_type_info()
0014e578 0000002c T __cxxabiv1::__si_class_type_info::~__si_class_type_info()
0014e5a4 00000140 T __cxxabiv1::__si_class_type_info::__do_dyncast(int, __cxxabiv1::__class_type_info::__sub_kind, __cxxabiv1::__class_type_info const*, void const*, __cxxabiv1::__class_type_info const*, void const*, __cxxabiv1::__class_type_info::__dyncast_result&) const
0014e6e4 00000088 T __cxxabiv1::__si_class_type_info::__do_find_public_src(int, void const*, __cxxabiv1::__class_type_info const*, void const*) const
0014e76c 00000044 T __cxxabiv1::__si_class_type_info::__do_upcast(__cxxabiv1::__class_type_info const*, void const*, __cxxabiv1::__class_type_info::__upcast_result&) const
0014e7b0 00000004 T std::type_info::~type_info()
0014e7b0 00000004 T std::type_info::~type_info()
0014e7b4 00000008 T std::type_info::__is_pointer_p() const
0014e7b4 00000008 T std::type_info::__is_function_p() const
0014e7bc 00000020 T __cxxabiv1::__vmi_class_type_info::~__vmi_class_type_info()
0014e7bc 00000020 T __cxxabiv1::__vmi_class_type_info::~__vmi_class_type_info()
0014e7dc 0000002c T __cxxabiv1::__vmi_class_type_info::~__vmi_class_type_info()
0014e808 000000f4 T __cxxabiv1::__vmi_class_type_info::__do_find_public_src(int, void const*, __cxxabiv1::__class_type_info const*, void const*) const
0014e8fc 0000071c T __cxxabiv1::__vmi_class_type_info::__do_dyncast(int, __cxxabiv1::__class_type_info::__sub_kind, __cxxabiv1::__class_type_info const*, void const*, __cxxabiv1::__class_type_info const*, void const*, __cxxabiv1::__class_type_info::__dyncast_result&) const
0014f018 0000022c T __cxxabiv1::__vmi_class_type_info::__do_upcast(__cxxabiv1::__class_type_info const*, void const*, __cxxabiv1::__class_type_info::__upcast_result&) const
0014f244 00000068 t std::(anonymous namespace)::__set_C_locale()
0014f2ac 000000c4 T void std::__convert_to_v<float>(char const*, float&, std::_Ios_Iostate&, int* const&)
0014f370 000000dc T void std::__convert_to_v<double>(char const*, double&, std::_Ios_Iostate&, int* const&)
0014f450 000000d0 T void std::__convert_to_v<long double>(char const*, long double&, std::_Ios_Iostate&, int* const&)
0014f520 00000034 T std::locale::facet::_S_create_c_locale(int*&, char const*, int*)
0014f554 0000000c T std::locale::facet::_S_destroy_c_locale(int*&)
0014f560 0000001c T std::codecvt<char, char, _mbstate_t>::do_in(_mbstate_t&, char const*, char const*, char const*&, char*, char*, char*&) const
0014f560 0000001c T std::codecvt<char, char, _mbstate_t>::do_out(_mbstate_t&, char const*, char const*, char const*&, char*, char*, char*&) const
0014f57c 00000010 T std::codecvt<char, char, _mbstate_t>::do_unshift(_mbstate_t&, char*, char*, char*&) const
0014f57c 00000010 T std::codecvt<wchar_t, char, _mbstate_t>::do_unshift(_mbstate_t&, char*, char*, char*&) const
0014f58c 00000008 T std::codecvt<char, char, _mbstate_t>::do_encoding() const
0014f58c 00000008 T std::codecvt<char, char, _mbstate_t>::do_max_length() const
0014f594 00000008 T std::codecvt<char, char, _mbstate_t>::do_always_noconv() const
0014f59c 00000014 T std::codecvt<char, char, _mbstate_t>::do_length(_mbstate_t&, char const*, char const*, unsigned int) const
0014f5b0 00000008 T std::codecvt<wchar_t, char, _mbstate_t>::do_always_noconv() const
0014f5b8 00000048 T std::codecvt<char, char, _mbstate_t>::~codecvt()
0014f5b8 00000048 T std::codecvt<char, char, _mbstate_t>::~codecvt()
0014f600 00000048 T std::codecvt<wchar_t, char, _mbstate_t>::~codecvt()
0014f600 00000048 T std::codecvt<wchar_t, char, _mbstate_t>::~codecvt()
0014f648 0000005c T std::codecvt<char, char, _mbstate_t>::~codecvt()
0014f6a4 0000005c T std::codecvt<wchar_t, char, _mbstate_t>::~codecvt()
0014f700 00000048 T std::codecvt<char, char, _mbstate_t>::codecvt(unsigned int)
0014f700 00000048 T std::codecvt<char, char, _mbstate_t>::codecvt(unsigned int)
0014f748 00000048 T std::codecvt<wchar_t, char, _mbstate_t>::codecvt(unsigned int)
0014f748 00000048 T std::codecvt<wchar_t, char, _mbstate_t>::codecvt(unsigned int)
0014f790 0000015c T std::codecvt<wchar_t, char, _mbstate_t>::do_out(_mbstate_t&, wchar_t const*, wchar_t const*, wchar_t const*&, char*, char*, char*&) const
0014f8ec 000000c0 T std::codecvt<wchar_t, char, _mbstate_t>::do_in(_mbstate_t&, char const*, char const*, char const*&, wchar_t*, wchar_t*, wchar_t*&) const
0014f9ac 00000028 T std::codecvt<wchar_t, char, _mbstate_t>::do_encoding() const
0014f9d4 0000001c T std::codecvt<wchar_t, char, _mbstate_t>::do_max_length() const
0014f9f0 000000a0 T std::codecvt<wchar_t, char, _mbstate_t>::do_length(_mbstate_t&, char const*, char const*, unsigned int) const
0014fa90 00000020 T std::__cxx11::collate<char>::_M_compare(char const*, char const*) const
0014fab0 00000010 T std::__cxx11::collate<char>::_M_transform(char*, char const*, unsigned int) const
0014fac0 00000020 T std::__cxx11::collate<wchar_t>::_M_compare(wchar_t const*, wchar_t const*) const
0014fae0 00000010 T std::__cxx11::collate<wchar_t>::_M_transform(wchar_t*, wchar_t const*, unsigned int) const
0014faf0 00000020 T std::collate<char>::_M_compare(char const*, char const*) const
0014fb10 00000010 T std::collate<char>::_M_transform(char*, char const*, unsigned int) const
0014fb20 00000020 T std::collate<wchar_t>::_M_compare(wchar_t const*, wchar_t const*) const
0014fb40 00000010 T std::collate<wchar_t>::_M_transform(wchar_t*, wchar_t const*, unsigned int) const
0014fb50 00000048 T std::ios_base::_M_init()
0014fb98 000000d8 t std::(anonymous namespace)::day_of_the_week(int, int, int)
0014fc70 000000e4 T std::__num_base::_S_format_float(std::ios_base const&, char*, char)
0014fd54 000000e0 T std::__verify_grouping_impl(char const*, unsigned int, char const*, unsigned int)
0014fe34 0000000c T std::__verify_grouping(char const*, unsigned int, std::string const&)
0014fe40 000004f4 T std::__time_get_state::_M_finalize_state(tm*)
00150334 000000cc T std::__cxx11::messages<char>::do_get(int, int, int, std::__cxx11::basic_string<char, std::char_traits<char>, std::allocator<char> > const&) const
00150400 000000c8 T std::__cxx11::messages<wchar_t>::do_get(int, int, int, std::__cxx11::basic_string<wchar_t, std::char_traits<wchar_t>, std::allocator<wchar_t> > const&) const
001504c8 000000a8 T std::messages<char>::do_get(int, int, int, std::string const&) const
00150570 000000a8 T std::messages<wchar_t>::do_get(int, int, int, std::basic_string<wchar_t, std::char_traits<wchar_t>, std::allocator<wchar_t> > const&) const
00150618 00000020 T std::__verify_grouping(char const*, unsigned int, std::__cxx11::basic_string<char, std::char_traits<char>, std::allocator<char> > const&)
00150638 00000108 T std::__cxx11::moneypunct<char, true>::_M_initialize_moneypunct(int*, char const*)
00150740 00000108 T std::__cxx11::moneypunct<char, false>::_M_initialize_moneypunct(int*, char const*)
00150848 00000048 T std::__cxx11::moneypunct<char, true>::~moneypunct()
00150848 00000048 T std::__cxx11::moneypunct<char, true>::~moneypunct()
00150890 0000005c T std::__cxx11::moneypunct<char, true>::~moneypunct()
001508ec 00000048 T std::__cxx11::moneypunct<char, false>::~moneypunct()
001508ec 00000048 T std::__cxx11::moneypunct<char, false>::~moneypunct()
00150934 0000005c T std::__cxx11::moneypunct<char, false>::~moneypunct()
00150990 00000118 T std::__cxx11::moneypunct<wchar_t, true>::_M_initialize_moneypunct(int*, char const*)
00150aa8 00000118 T std::__cxx11::moneypunct<wchar_t, false>::_M_initialize_moneypunct(int*, char const*)
00150bc0 00000048 T std::__cxx11::moneypunct<wchar_t, true>::~moneypunct()
00150bc0 00000048 T std::__cxx11::moneypunct<wchar_t, true>::~moneypunct()
00150c08 0000005c T std::__cxx11::moneypunct<wchar_t, true>::~moneypunct()
00150c64 00000048 T std::__cxx11::moneypunct<wchar_t, false>::~moneypunct()
00150c64 00000048 T std::__cxx11::moneypunct<wchar_t, false>::~moneypunct()
00150cac 0000005c T std::__cxx11::moneypunct<wchar_t, false>::~moneypunct()
00150d08 00000108 T std::moneypunct<char, true>::_M_initialize_moneypunct(int*, char const*)
00150e10 00000108 T std::moneypunct<char, false>::_M_initialize_moneypunct(int*, char const*)
00150f18 00000078 T std::moneypunct<char, true>::~moneypunct()
00150f18 00000078 T std::moneypunct<char, true>::~moneypunct()
00150f90 00000028 T std::moneypunct<char, true>::~moneypunct()
00150fb8 00000078 T std::moneypunct<char, false>::~moneypunct()
00150fb8 00000078 T std::moneypunct<char, false>::~moneypunct()
00151030 00000028 T std::moneypunct<char, false>::~moneypunct()
00151058 00000118 T std::moneypunct<wchar_t, true>::_M_initialize_moneypunct(int*, char const*)
00151170 00000118 T std::moneypunct<wchar_t, false>::_M_initialize_moneypunct(int*, char const*)
00151288 00000078 T std::moneypunct<wchar_t, true>::~moneypunct()
00151288 00000078 T std::moneypunct<wchar_t, true>::~moneypunct()
00151300 00000028 T std::moneypunct<wchar_t, true>::~moneypunct()
00151328 00000078 T std::moneypunct<wchar_t, false>::~moneypunct()
00151328 00000078 T std::moneypunct<wchar_t, false>::~moneypunct()
001513a0 00000028 T std::moneypunct<wchar_t, false>::~moneypunct()
001513c8 0000011c T std::__cxx11::numpunct<char>::_M_initialize_numpunct(int*)
001514e4 00000048 T std::__cxx11::numpunct<char>::~numpunct()
001514e4 00000048 T std::__cxx11::numpunct<char>::~numpunct()
0015152c 0000005c T std::__cxx11::numpunct<char>::~numpunct()
00151588 00000104 T std::__cxx11::numpunct<wchar_t>::_M_initialize_numpunct(int*)
0015168c 00000048 T std::__cxx11::numpunct<wchar_t>::~numpunct()
0015168c 00000048 T std::__cxx11::numpunct<wchar_t>::~numpunct()
001516d4 0000005c T std::__cxx11::numpunct<wchar_t>::~numpunct()
00151730 0000011c T std::numpunct<char>::_M_initialize_numpunct(int*)
0015184c 00000078 T std::numpunct<char>::~numpunct()
0015184c 00000078 T std::numpunct<char>::~numpunct()
001518c4 00000028 T std::numpunct<char>::~numpunct()
001518ec 00000104 T std::numpunct<wchar_t>::_M_initialize_numpunct(int*)
001519f0 00000078 T std::numpunct<wchar_t>::~numpunct()
001519f0 00000078 T std::numpunct<wchar_t>::~numpunct()
00151a68 00000028 T std::numpunct<wchar_t>::~numpunct()
00151a90 00000008 T std::logic_error::what() const
00151a90 00000008 T std::runtime_error::what() const
00151a98 00000098 T std::logic_error::~logic_error()
00151a98 00000098 T std::logic_error::~logic_error()
00151b30 00000098 T std::runtime_error::~runtime_error()
00151b30 00000098 T std::runtime_error::~runtime_error()
00151bc8 000000a0 T std::runtime_error::~runtime_error()
00151c68 00000098 T std::length_error::~length_error()
00151c68 00000098 T std::length_error::~length_error()
00151d00 00000098 T std::out_of_range::~out_of_range()
00151d00 00000098 T std::out_of_range::~out_of_range()
00151d98 000000a0 T std::logic_error::~logic_error()
00151e38 000000a0 T std::length_error::~length_error()
00151ed8 000000a0 T std::out_of_range::~out_of_range()
00151f78 00000098 T std::__timepunct<char>::_M_put(char*, unsigned int, char const*, tm const*) const
00152010 00000304 T std::__timepunct<char>::_M_initialize_timepunct(int*)
00152314 00000098 T std::__timepunct<wchar_t>::_M_put(wchar_t*, unsigned int, wchar_t const*, tm const*) const
001523ac 00000304 T std::__timepunct<wchar_t>::_M_initialize_timepunct(int*)
001526b0 00000010 T std::__codecvt_utf8_base<char32_t>::do_unshift(_mbstate_t&, char*, char*, char*&) const
001526b0 00000010 T std::__codecvt_utf8_base<char16_t>::do_unshift(_mbstate_t&, char*, char*, char*&) const
001526b0 00000010 T std::__codecvt_utf8_base<wchar_t>::do_unshift(_mbstate_t&, char*, char*, char*&) const
001526b0 00000010 T std::__codecvt_utf16_base<char32_t>::do_unshift(_mbstate_t&, char*, char*, char*&) const
001526b0 00000010 T std::__codecvt_utf16_base<char16_t>::do_unshift(_mbstate_t&, char*, char*, char*&) const
001526b0 00000010 T std::__codecvt_utf16_base<wchar_t>::do_unshift(_mbstate_t&, char*, char*, char*&) const
001526b0 00000010 T std::__codecvt_utf8_utf16_base<char32_t>::do_unshift(_mbstate_t&, char*, char*, char*&) const
001526b0 00000010 T std::__codecvt_utf8_utf16_base<char16_t>::do_unshift(_mbstate_t&, char*, char*, char*&) const
001526b0 00000010 T std::__codecvt_utf8_utf16_base<wchar_t>::do_unshift(_mbstate_t&, char*, char*, char*&) const
001526b0 00000010 T std::codecvt<char32_t, char, _mbstate_t>::do_unshift(_mbstate_t&, char*, char*, char*&) const
001526b0 00000010 T std::codecvt<char16_t, char, _mbstate_t>::do_unshift(_mbstate_t&, char*, char*, char*&) const
001526c0 00000008 T std::__codecvt_utf8_base<char32_t>::do_encoding() const
001526c0 00000008 T std::__codecvt_utf8_base<char16_t>::do_encoding() const
001526c0 00000008 T std::__codecvt_utf8_base<wchar_t>::do_encoding() const
001526c0 00000008 T std::__codecvt_utf16_base<char32_t>::do_encoding() const
001526c0 00000008 T std::__codecvt_utf16_base<char16_t>::do_encoding() const
001526c0 00000008 T std::__codecvt_utf16_base<wchar_t>::do_encoding() const
001526c0 00000008 T std::__codecvt_utf8_utf16_base<char32_t>::do_encoding() const
001526c0 00000008 T std::__codecvt_utf8_utf16_base<char16_t>::do_encoding() const
001526c0 00000008 T std::__codecvt_utf8_utf16_base<wchar_t>::do_encoding() const
001526c0 00000008 T std::codecvt<char32_t, char, _mbstate_t>::do_encoding() const
001526c0 00000008 T std::codecvt<char32_t, char8_t, _mbstate_t>::do_encoding() const
001526c0 00000008 T std::codecvt<char16_t, char, _mbstate_t>::do_encoding() const
001526c0 00000008 T std::codecvt<char16_t, char8_t, _mbstate_t>::do_encoding() const
001526c8 00000008 T std::__codecvt_utf8_base<char32_t>::do_always_noconv() const
001526c8 00000008 T std::__codecvt_utf8_base<char16_t>::do_always_noconv() const
001526c8 00000008 T std::__codecvt_utf8_base<wchar_t>::do_always_noconv() const
001526c8 00000008 T std::__codecvt_utf16_base<char32_t>::do_always_noconv() const
001526c8 00000008 T std::__codecvt_utf16_base<char16_t>::do_always_noconv() const
001526c8 00000008 T std::__codecvt_utf16_base<wchar_t>::do_always_noconv() const
001526c8 00000008 T std::__codecvt_utf8_utf16_base<char32_t>::do_always_noconv() const
001526c8 00000008 T std::__codecvt_utf8_utf16_base<char16_t>::do_always_noconv() const
001526c8 00000008 T std::__codecvt_utf8_utf16_base<wchar_t>::do_always_noconv() const
001526c8 00000008 T std::codecvt<char32_t, char, _mbstate_t>::do_always_noconv() const
001526c8 00000008 T std::codecvt<char32_t, char8_t, _mbstate_t>::do_always_noconv() const
001526c8 00000008 T std::codecvt<char16_t, char, _mbstate_t>::do_always_noconv() const
001526c8 00000008 T std::codecvt<char16_t, char8_t, _mbstate_t>::do_always_noconv() const
001526d0 00000008 T std::codecvt<char32_t, char, _mbstate_t>::do_max_length() const
001526d0 00000008 T std::codecvt<char32_t, char8_t, _mbstate_t>::do_max_length() const
001526d0 00000008 T std::codecvt<char16_t, char, _mbstate_t>::do_max_length() const
001526d0 00000008 T std::codecvt<char16_t, char8_t, _mbstate_t>::do_max_length() const
001526d8 00000010 T std::codecvt<char32_t, char8_t, _mbstate_t>::do_unshift(_mbstate_t&, char8_t*, char8_t*, char8_t*&) const
001526d8 00000010 T std::codecvt<char16_t, char8_t, _mbstate_t>::do_unshift(_mbstate_t&, char8_t*, char8_t*, char8_t*&) const
001526e8 00000104 t bool std::(anonymous namespace)::write_utf8_code_point<char>(std::(anonymous namespace)::range<char, true>&, char32_t)
001527ec 000001c0 t char32_t std::(anonymous namespace)::read_utf8_code_point<char>(std::(anonymous namespace)::range<char const, true>&, unsigned long)
001529ac 0000012c t bool std::(anonymous namespace)::write_utf8_code_point<char8_t>(std::(anonymous namespace)::range<char8_t, true>&, char32_t)
00152ad8 000001c0 t char32_t std::(anonymous namespace)::read_utf8_code_point<char8_t>(std::(anonymous namespace)::range<char8_t const, true>&, unsigned long)
00152c98 00000020 T std::codecvt<char16_t, char, _mbstate_t>::~codecvt()
00152c98 00000020 T std::codecvt<char16_t, char, _mbstate_t>::~codecvt()
00152cb8 00000020 T std::codecvt<char32_t, char, _mbstate_t>::~codecvt()
00152cb8 00000020 T std::codecvt<char32_t, char, _mbstate_t>::~codecvt()
00152cd8 00000020 T std::codecvt<char16_t, char8_t, _mbstate_t>::~codecvt()
00152cd8 00000020 T std::codecvt<char16_t, char8_t, _mbstate_t>::~codecvt()
00152cf8 00000020 T std::codecvt<char32_t, char8_t, _mbstate_t>::~codecvt()
00152cf8 00000020 T std::codecvt<char32_t, char8_t, _mbstate_t>::~codecvt()
00152d18 00000028 T std::codecvt<char16_t, char, _mbstate_t>::~codecvt()
00152d40 00000028 T std::codecvt<char32_t, char, _mbstate_t>::~codecvt()
00152d68 00000028 T std::codecvt<char16_t, char8_t, _mbstate_t>::~codecvt()
00152d90 00000028 T std::codecvt<char32_t, char8_t, _mbstate_t>::~codecvt()
00152db8 00000070 T std::codecvt<char32_t, char8_t, _mbstate_t>::do_length(_mbstate_t&, char8_t const*, char8_t const*, unsigned int) const
00152e28 0000008c T std::codecvt<char32_t, char8_t, _mbstate_t>::do_in(_mbstate_t&, char8_t const*, char8_t const*, char8_t const*&, char32_t*, char32_t*, char32_t*&) const
00152eb4 000000a4 T std::codecvt<char32_t, char8_t, _mbstate_t>::do_out(_mbstate_t&, char32_t const*, char32_t const*, char32_t const*&, char8_t*, char8_t*, char8_t*&) const
00152f58 0000009c T std::codecvt<char16_t, char8_t, _mbstate_t>::do_length(_mbstate_t&, char8_t const*, char8_t const*, unsigned int) const
00152ff4 000000c4 T std::codecvt<char16_t, char8_t, _mbstate_t>::do_out(_mbstate_t&, char16_t const*, char16_t const*, char16_t const*&, char8_t*, char8_t*, char8_t*&) const
001530b8 00000104 t std::codecvt_base::result std::(anonymous namespace)::utf16_out<char16_t, char>(std::(anonymous namespace)::range<char16_t const, true>&, std::(anonymous namespace)::range<char, true>&, unsigned long, std::codecvt_mode, std::(anonymous namespace)::surrogates)
001531bc 00000064 T std::codecvt<char16_t, char, _mbstate_t>::do_out(_mbstate_t&, char16_t const*, char16_t const*, char16_t const*&, char*, char*, char*&) const
00153220 000000fc t std::codecvt_base::result std::(anonymous namespace)::utf16_in<char, char16_t>(std::(anonymous namespace)::range<char const, true>&, std::(anonymous namespace)::range<char16_t, true>&, unsigned long, std::codecvt_mode)
0015331c 00000060 T std::codecvt<char16_t, char, _mbstate_t>::do_in(_mbstate_t&, char const*, char const*, char const*&, char16_t*, char16_t*, char16_t*&) const
0015337c 000000e0 T std::codecvt<char16_t, char8_t, _mbstate_t>::do_in(_mbstate_t&, char8_t const*, char8_t const*, char8_t const*&, char16_t*, char16_t*, char16_t*&) const
0015345c 00000070 T std::codecvt<char32_t, char, _mbstate_t>::do_length(_mbstate_t&, char const*, char const*, unsigned int) const
001534cc 0000008c T std::codecvt<char32_t, char, _mbstate_t>::do_in(_mbstate_t&, char const*, char const*, char const*&, char32_t*, char32_t*, char32_t*&) const
00153558 000000a4 T std::codecvt<char32_t, char, _mbstate_t>::do_out(_mbstate_t&, char32_t const*, char32_t const*, char32_t const*&, char*, char*, char*&) const
001535fc 0000009c T std::codecvt<char16_t, char, _mbstate_t>::do_length(_mbstate_t&, char const*, char const*, unsigned int) const
00153698 000007f0 T std::locale::_Impl::_M_init_extra(std::locale::facet**)
00153e88 000000d8 T std::logic_error::logic_error(char const*)
00153e88 000000d8 T std::logic_error::logic_error(char const*)
00153f60 00000020 T std::length_error::length_error(char const*)
00153f60 00000020 T std::length_error::length_error(char const*)
00153f80 00000020 T std::out_of_range::out_of_range(char const*)
00153f80 00000020 T std::out_of_range::out_of_range(char const*)
00153fa0 000000d8 T std::runtime_error::runtime_error(char const*)
00153fa0 000000d8 T std::runtime_error::runtime_error(char const*)
00154078 000000c8 T std::__cow_string::__cow_string(char const*, unsigned int)
00154078 000000c8 T std::__cow_string::__cow_string(char const*, unsigned int)
00154140 00000004 T std::ios_base::failure[abi:cxx11]::what() const
00154144 00000020 T std::ios_base::failure[abi:cxx11]::~failure()
00154144 00000020 T std::ios_base::failure[abi:cxx11]::~failure()
00154164 00000028 T std::ios_base::failure[abi:cxx11]::~failure()
0015418c 00000020 T std::__iosfail_type_info::~__iosfail_type_info()
0015418c 00000020 T std::__iosfail_type_info::~__iosfail_type_info()
001541ac 00000028 T std::__iosfail_type_info::~__iosfail_type_info()
001541d4 0000004c T std::__iosfail_type_info::__do_upcast(__cxxabiv1::__class_type_info const*, void**) const
00154220 00000034 W std::__ios_failure::~__ios_failure()
00154220 00000034 W std::__ios_failure::~__ios_failure()
00154254 0000003c W std::__ios_failure::~__ios_failure()
00154290 00000094 T std::__throw_ios_failure(char const*)
00154324 0000000c W std::__cxx11::moneypunct<char, false>::do_decimal_point() const
00154330 0000000c W std::__cxx11::moneypunct<char, false>::do_thousands_sep() const
0015433c 0000000c W std::__cxx11::moneypunct<char, false>::do_frac_digits() const
00154348 00000014 W std::__cxx11::moneypunct<char, false>::do_pos_format() const
0015435c 00000014 W std::__cxx11::moneypunct<char, false>::do_neg_format() const
00154370 0000000c W std::__cxx11::moneypunct<char, true>::do_decimal_point() const
0015437c 0000000c W std::__cxx11::moneypunct<char, true>::do_thousands_sep() const
00154388 0000000c W std::__cxx11::moneypunct<char, true>::do_frac_digits() const
00154394 00000014 W std::__cxx11::moneypunct<char, true>::do_pos_format() const
001543a8 00000014 W std::__cxx11::moneypunct<char, true>::do_neg_format() const
001543bc 0000000c W std::__cxx11::numpunct<char>::do_decimal_point() const
001543c8 0000000c W std::__cxx11::numpunct<char>::do_thousands_sep() const
001543d4 00000008 W std::__cxx11::time_get<char, std::istreambuf_iterator<char, std::char_traits<char> > >::do_date_order() const
001543dc 00000008 W std::__cxx11::messages<char>::do_open(std::__cxx11::basic_string<char, std::char_traits<char>, std::allocator<char> > const&, std::locale const&) const
001543e4 00000004 W std::__cxx11::messages<char>::do_close(int) const
001543e8 00000020 W std::__cxx11::collate<char>::do_hash(char const*, char const*) const
00154408 00000020 W std::__cxx11::money_get<char, std::istreambuf_iterator<char, std::char_traits<char> > >::~money_get()
00154408 00000020 W std::__cxx11::money_get<char, std::istreambuf_iterator<char, std::char_traits<char> > >::~money_get()
00154428 00000028 W std::__cxx11::money_get<char, std::istreambuf_iterator<char, std::char_traits<char> > >::~money_get()
00154450 00000020 W std::__cxx11::money_put<char, std::ostreambuf_iterator<char, std::char_traits<char> > >::~money_put()
00154450 00000020 W std::__cxx11::money_put<char, std::ostreambuf_iterator<char, std::char_traits<char> > >::~money_put()
00154470 00000028 W std::__cxx11::money_put<char, std::ostreambuf_iterator<char, std::char_traits<char> > >::~money_put()
00154498 00000020 W std::__cxx11::time_get<char, std::istreambuf_iterator<char, std::char_traits<char> > >::~time_get()
00154498 00000020 W std::__cxx11::time_get<char, std::istreambuf_iterator<char, std::char_traits<char> > >::~time_get()
001544b8 00000028 W std::__cxx11::time_get<char, std::istreambuf_iterator<char, std::char_traits<char> > >::~time_get()
001544e0 00000028 W std::__cxx11::messages<char>::~messages()
001544e0 00000028 W std::__cxx11::messages<char>::~messages()
00154508 0000001c W std::__cxx11::messages<char>::~messages()
00154524 00000028 W std::__cxx11::collate<char>::~collate()
00154524 00000028 W std::__cxx11::collate<char>::~collate()
0015454c 00000094 t void std::__cxx11::basic_string<char, std::char_traits<char>, std::allocator<char> >::_M_construct<char const*>(char const*, char const*, std::forward_iterator_tag) [clone .isra.0]
001545e0 00000030 W std::__cxx11::collate<char>::~collate()
00154610 00000058 W std::__cxx11::moneypunct<char, false>::do_grouping() const
00154668 00000058 W std::__cxx11::moneypunct<char, false>::do_curr_symbol() const
001546c0 00000058 W std::__cxx11::moneypunct<char, false>::do_positive_sign() const
00154718 00000058 W std::__cxx11::moneypunct<char, false>::do_negative_sign() const
00154770 00000058 W std::__cxx11::moneypunct<char, true>::do_grouping() const
001547c8 00000058 W std::__cxx11::moneypunct<char, true>::do_curr_symbol() const
00154820 00000058 W std::__cxx11::moneypunct<char, true>::do_positive_sign() const
00154878 00000058 W std::__cxx11::moneypunct<char, true>::do_negative_sign() const
001548d0 00000058 W std::__cxx11::numpunct<char>::do_grouping() const
00154928 00000058 W std::__cxx11::numpunct<char>::do_truename() const
00154980 00000058 W std::__cxx11::numpunct<char>::do_falsename() const
001549d8 000000f8 W std::__cxx11::collate<char>::do_compare(char const*, char const*, char const*, char const*) const
00154ad0 000002c0 W std::__cxx11::collate<char>::do_transform(char const*, char const*) const
00154d90 00001300 W std::istreambuf_iterator<char, std::char_traits<char> > std::__cxx11::money_get<char, std::istreambuf_iterator<char, std::char_traits<char> > >::_M_extract<true>(std::istreambuf_iterator<char, std::char_traits<char> >, std::istreambuf_iterator<char, std::char_traits<char> >, std::ios_base&, std::_Ios_Iostate&, std::__cxx11::basic_string<char, std::char_traits<char>, std::allocator<char> >&) const
00156090 00001300 W std::istreambuf_iterator<char, std::char_traits<char> > std::__cxx11::money_get<char, std::istreambuf_iterator<char, std::char_traits<char> > >::_M_extract<false>(std::istreambuf_iterator<char, std::char_traits<char> >, std::istreambuf_iterator<char, std::char_traits<char> >, std::ios_base&, std::_Ios_Iostate&, std::__cxx11::basic_string<char, std::char_traits<char>, std::allocator<char> >&) const
00157390 000000cc W std::__cxx11::money_get<char, std::istreambuf_iterator<char, std::char_traits<char> > >::do_get(std::istreambuf_iterator<char, std::char_traits<char> >, std::istreambuf_iterator<char, std::char_traits<char> >, bool, std::ios_base&, std::_Ios_Iostate&, long double&) const
0015745c 000001b4 W std::__cxx11::money_get<char, std::istreambuf_iterator<char, std::char_traits<char> > >::do_get(std::istreambuf_iterator<char, std::char_traits<char> >, std::istreambuf_iterator<char, std::char_traits<char> >, bool, std::ios_base&, std::_Ios_Iostate&, std::__cxx11::basic_string<char, std::char_traits<char>, std::allocator<char> >&) const
00157610 00000750 W std::ostreambuf_iterator<char, std::char_traits<char> > std::__cxx11::money_put<char, std::ostreambuf_iterator<char, std::char_traits<char> > >::_M_insert<true>(std::ostreambuf_iterator<char, std::char_traits<char> >, std::ios_base&, char, std::__cxx11::basic_string<char, std::char_traits<char>, std::allocator<char> > const&) const
00157d60 00000750 W std::ostreambuf_iterator<char, std::char_traits<char> > std::__cxx11::money_put<char, std::ostreambuf_iterator<char, std::char_traits<char> > >::_M_insert<false>(std::ostreambuf_iterator<char, std::char_traits<char> >, std::ios_base&, char, std::__cxx11::basic_string<char, std::char_traits<char>, std::allocator<char> > const&) const
001584b0 000001f0 W std::__cxx11::money_put<char, std::ostreambuf_iterator<char, std::char_traits<char> > >::do_put(std::ostreambuf_iterator<char, std::char_traits<char> >, bool, std::ios_base&, char, long double) const
001586a0 00000054 W std::__cxx11::money_put<char, std::ostreambuf_iterator<char, std::char_traits<char> > >::do_put(std::ostreambuf_iterator<char, std::char_traits<char> >, bool, std::ios_base&, char, std::__cxx11::basic_string<char, std::char_traits<char>, std::allocator<char> > const&) const
001586f4 000002b0 W std::__cxx11::time_get<char, std::istreambuf_iterator<char, std::char_traits<char> > >::_M_extract_num(std::istreambuf_iterator<char, std::char_traits<char> >, std::istreambuf_iterator<char, std::char_traits<char> >, int&, int, int, unsigned int, std::ios_base&, std::_Ios_Iostate&) const
001589a4 000008e4 W std::__cxx11::time_get<char, std::istreambuf_iterator<char, std::char_traits<char> > >::do_get_year(std::istreambuf_iterator<char, std::char_traits<char> >, std::istreambuf_iterator<char, std::char_traits<char> >, std::ios_base&, std::_Ios_Iostate&, tm*) const
00159288 00000d14 W std::__cxx11::time_get<char, std::istreambuf_iterator<char, std::char_traits<char> > >::_M_extract_name(std::istreambuf_iterator<char, std::char_traits<char> >, std::istreambuf_iterator<char, std::char_traits<char> >, int&, char const**, unsigned int, std::ios_base&, std::_Ios_Iostate&) const
00159f9c 000006b4 W std::__cxx11::time_get<char, std::istreambuf_iterator<char, std::char_traits<char> > >::_M_extract_wday_or_month(std::istreambuf_iterator<char, std::char_traits<char> >, std::istreambuf_iterator<char, std::char_traits<char> >, int&, char const**, unsigned int, std::ios_base&, std::_Ios_Iostate&) const
0015a650 00000244 W std::__cxx11::time_get<char, std::istreambuf_iterator<char, std::char_traits<char> > >::do_get_weekday(std::istreambuf_iterator<char, std::char_traits<char> >, std::istreambuf_iterator<char, std::char_traits<char> >, std::ios_base&, std::_Ios_Iostate&, tm*) const
0015a894 000002b4 W std::__cxx11::time_get<char, std::istreambuf_iterator<char, std::char_traits<char> > >::do_get_monthname(std::istreambuf_iterator<char, std::char_traits<char> >, std::istreambuf_iterator<char, std::char_traits<char> >, std::ios_base&, std::_Ios_Iostate&, tm*) const
0015ab48 0000003c W std::__cxx11::messages<char>::messages(unsigned int)
0015ab48 0000003c W std::__cxx11::messages<char>::messages(unsigned int)
0015ab84 0000221c W std::__cxx11::time_get<char, std::istreambuf_iterator<char, std::char_traits<char> > >::_M_extract_via_format(std::istreambuf_iterator<char, std::char_traits<char> >, std::istreambuf_iterator<char, std::char_traits<char> >, std::ios_base&, std::_Ios_Iostate&, tm*, char const*, std::__time_get_state&) const
0015ab84 0000221c t std::__cxx11::time_get<char, std::istreambuf_iterator<char, std::char_traits<char> > >::_M_extract_via_format(std::istreambuf_iterator<char, std::char_traits<char> >, std::istreambuf_iterator<char, std::char_traits<char> >, std::ios_base&, std::_Ios_Iostate&, tm*, char const*, std::__time_get_state&) const [clone .localalias]
0015cda0 000001b8 W std::__cxx11::time_get<char, std::istreambuf_iterator<char, std::char_traits<char> > >::do_get_time(std::istreambuf_iterator<char, std::char_traits<char> >, std::istreambuf_iterator<char, std::char_traits<char> >, std::ios_base&, std::_Ios_Iostate&, tm*) const
0015cf58 000001b8 W std::__cxx11::time_get<char, std::istreambuf_iterator<char, std::char_traits<char> > >::do_get_date(std::istreambuf_iterator<char, std::char_traits<char> >, std::istreambuf_iterator<char, std::char_traits<char> >, std::ios_base&, std::_Ios_Iostate&, tm*) const
0015d110 000001f0 W std::__cxx11::time_get<char, std::istreambuf_iterator<char, std::char_traits<char> > >::do_get(std::istreambuf_iterator<char, std::char_traits<char> >, std::istreambuf_iterator<char, std::char_traits<char> >, std::ios_base&, std::_Ios_Iostate&, tm*, char, char) const
0015d300 000000a4 t _GLOBAL__sub_I__ZNSt12ctype_bynameIcEC2ERKNSt7__cxx1112basic_stringIcSt11char_traitsIcESaIcEEEj
0015d3a4 00000030 T std::runtime_error::runtime_error(std::__cxx11::basic_string<char, std::char_traits<char>, std::allocator<char> > const&)
0015d3a4 00000030 T std::runtime_error::runtime_error(std::__cxx11::basic_string<char, std::char_traits<char>, std::allocator<char> > const&)
0015d3d4 0000000c t (anonymous namespace)::io_error_category::name() const
0015d3e0 00000020 t (anonymous namespace)::io_error_category::~io_error_category()
0015d3e0 00000020 t (anonymous namespace)::io_error_category::~io_error_category()
0015d400 00000028 t (anonymous namespace)::io_error_category::~io_error_category()
0015d428 00000080 t (anonymous namespace)::io_error_category::message[abi:cxx11](int) const
0015d4a8 0000000c T std::iostream_category()
0015d4b4 00000008 T std::ios_base::failure::what() const
0015d4bc 00000098 T std::ios_base::failure::~failure()
0015d4bc 00000098 T std::ios_base::failure::~failure()
0015d554 000000a0 T std::ios_base::failure::~failure()
0015d5f4 000000d4 T std::ios_base::failure::failure(std::string const&)
0015d5f4 000000d4 T std::ios_base::failure::failure(std::string const&)
0015d6c8 00000130 T std::__construct_ios_failure(void*, char const*)
0015d7f8 000000c0 T std::__destroy_ios_failure(void*)
0015d8b8 00000044 T std::__is_ios_failure_handler(__cxxabiv1::__class_type_info const*)
0015d8fc 0000002c T __aeabi_d2lz
0015d8fc 0000002c T __fixdfdi
0015d928 00000040 T __aeabi_d2ulz
0015d928 00000040 T __fixunsdfdi
0015d968 00000130 T __udivmoddi4
0015da98 00000018 t selfrel_offset31
0015dab0 00000090 t search_EIT_table
0015db40 00000040 t __gnu_unwind_get_pr_addr
0015db80 00000110 t get_eit_entry
0015dc90 00000088 t restore_non_core_regs
0015dd18 00000014 t _Unwind_decode_typeinfo_ptr.constprop.0
0015dd2c 00000004 t _Unwind_DebugHook
0015dd30 00000064 t unwind_phase2
0015dd94 0000013c t unwind_phase2_forced
0015ded0 000000a4 T __gnu_Unwind_RaiseException
0015df74 00000020 T __gnu_Unwind_ForcedUnwind
0015df94 00000074 T __gnu_Unwind_Resume
0015e008 00000020 T __gnu_Unwind_Resume_or_Rethrow
0015e028 00000004 T _Unwind_Complete
0015e02c 00000018 T _Unwind_DeleteException
0015e044 00000064 T _Unwind_VRS_Get
0015e0a8 0000002c t _Unwind_GetGR
0015e0d4 00000064 T _Unwind_VRS_Set
0015e138 0000002c t _Unwind_SetGR
0015e164 000000c0 T __gnu_Unwind_Backtrace
0015e224 0000040c t __gnu_unwind_pr_common
0015e630 00000008 T __aeabi_unwind_cpp_pr0
0015e638 00000008 W __aeabi_unwind_cpp_pr1
0015e640 00000008 W __aeabi_unwind_cpp_pr2
0015e648 00000458 T _Unwind_VRS_Pop
0015eaa0 00000064 t next_unwind_byte
0015eb04 0000002c t _Unwind_GetGR.constprop.0
0015eb30 00000004 t unwind_UCB_from_context
0015eb34 00000464 T __gnu_unwind_execute
0015ef98 00000048 T __gnu_unwind_frame
0015efe0 00000010 T _Unwind_GetRegionStart
0015eff0 0000001c T _Unwind_GetLanguageSpecificData
0015f00c 00000008 T _Unwind_GetDataRelBase
0015f014 00000008 T _Unwind_GetTextRelBase
0015f01c 000000d8 T strncmp
0015f0f4 00000140 T strchr
0015f234 00000024 T getenv
0015f258 0000016c T memmove
0015f3c4 00000008 T wmemmove
0015f3cc 00000140 t iso_year_adjust
0015f50c 00001118 t __strftime.isra.0
00160624 00000038 T strftime
0016065c 00000144 T _fclose_r
001607a0 0000000c T abs
001607ac 0000007c t currentlocale
00160828 000007c8 T __loadlocale
00160ff0 0000008c T __get_locale_env
0016107c 00000348 T _setlocale_r
001613c4 00000024 T __locale_mb_cur_max
001613e8 00000028 T setlocale
00161410 00000004 T putwc
00161414 00000004 T wcsxfrm
00161418 000000b8 T __submore
001614d0 00000230 T _ungetc_r
00161700 00000028 T ungetc
00161728 00000060 t sulp
00161788 00001428 T _strtod_l
00162bb0 00000044 T _strtod_r
00162bf4 00000048 T strtod
00162c40 00000110 T strtof
00162d50 00000104 T _fwrite_r
00162e54 00000038 T fwrite
00162e8c 0000008c T strlen
00162f18 00000140 t iso_year_adjust
00163058 000011d0 t __strftime.isra.0
00164228 00000038 T wcsftime
00164260 00000070 T strcat
001642d0 000000f4 t rshift
001643c4 000008b4 T __gethex
00164c78 00000078 T strxfrm
00164cf0 000000e4 T putc
00164dd4 000000d8 T memcmp
00164eac 0000001c t stdio_exit_handler
00164ec8 0000005c t cleanup_stdio
00164f24 00000154 t global_stdio_init.part.0
00165078 0000005c T __sinit
001650d4 0000000c T __sfp_lock_acquire
001650e0 0000000c T __sfp_lock_release
001650ec 000001ec t _strtoul_l.isra.0
001652d8 00000038 T _strtoul_r
00165310 0000003c T strtoul
0016534c 00000044 T __ascii_mbtowc
00165390 00000340 T __utf8_mbtowc
001656d0 000000dc T __sjis_mbtowc
001657ac 00000150 T __eucjp_mbtowc
001658fc 000001d8 T __jis_mbtowc
00165ad4 00000084 T __libc_init_array
00165b58 0000009c T strncat
00165bf4 00000070 T _fwalk_sglue
00165c64 00000078 T bsearch
00165cdc 00000010 T _tzset_unlocked
00165cec 000000e8 T _ungetwc_r
00165dd4 00000050 T ungetwc
00165e24 0000000c T __errno
00165e30 00000008 T wmemcpy
00165e38 00000028 T calloc
00165e60 00000088 T _vsnprintf_r
00165ee8 00000038 T vsnprintf
00165f20 000001c8 T _wctype_r
001660e8 00000020 T wctype
00166108 0000000c T labs
00166114 00000014 T abort
00166128 0000000c T __gettzinfo
00166134 000000d8 T _calloc_r
0016620c 000000d8 T getc
001662e4 00000044 T strlcpy
00166328 00000034 T fseek
0016635c 00000028 T memalign
00166384 0000000c T __tz_lock
00166390 0000000c T __tz_unlock
0016639c 0000082c T _malloc_r
00166bc8 000000e8 T memchr
00166cb0 00000068 T strcasecmp
00166d18 000000a0 T _wcrtomb_r
00166db8 000000a8 T wcrtomb
00166e60 000000f0 T strcpy
00166f50 00000114 T _malloc_trim_r
00167064 00000314 T _free_r
00167378 00000008 T towupper
00167380 000005e0 t get_arg
00167960 0000345c T _svfprintf_r
0016adbc 00000384 t _strtol_l.part.0
0016b140 0000006c T _strtol_r
0016b1ac 00000074 T strtol
0016b220 00000048 T wcslcpy
0016b268 0000003c T strnlen
0016b2a4 00000004 T strcoll
0016b2a8 00000648 T _tzset_unlocked_r
0016b8f0 00000040 T malloc
0016b930 00000020 T free
0016b950 000000a0 T __xpg_strerror_r
0016b9f0 00000080 T wctob
0016ba70 00000034 T wcscpy
0016baa4 000000a0 T sniprintf
0016bb44 0000022c T __sflush_r
0016bd70 000000c4 T _fflush_r
0016be34 00000044 T fflush
0016be78 00000010 T __set_ctype
0016be88 00000048 T time
0016bed0 0000007c T btowc
0016bf4c 00000040 T mbstowcs
0016bf8c 000000dc T _findenv_r
0016c068 00000018 T _getenv_r
0016c080 000000c4 T swprintf
0016c144 000000e4 T memset
0016c228 00000030 T wmemchr
0016c258 000004f0 T _realloc_r
0016c748 00000094 T strncasecmp
0016c7dc 00000334 T _fread_r
0016cb10 00000038 T fread
0016cb48 0000000c T __malloc_lock
0016cb54 0000000c T __malloc_unlock
0016cb60 00000258 T __tzcalc_limits
0016cdb8 00000004 W __call_exitprocs
0016cdbc 00000030 T exit
0016cdec 00000294 T setvbuf
0016d080 0000002c T __ascii_wctomb
0016d0ac 000000f8 T __utf8_wctomb
0016d1a4 00000088 T __sjis_wctomb
0016d22c 000000b4 T __eucjp_wctomb
0016d2e0 000000c8 T __jis_wctomb
0016d3a8 0000002c T wcslen
0016d3d4 00000068 T __srget_r
0016d43c 000000d4 T strncpy
0016d510 00000034 T ftell
0016d544 0000012c T memcpy
0016d670 00000024 T wmemset
0016d694 00000028 T _wcsrtombs_r
0016d6bc 00000004 T wcscoll
0016d6c0 000005e0 t get_arg
0016dca0 0000226c T _svfiprintf_r
0016ff0c 00000070 T __match
0016ff7c 000002a8 T __hexnan
00170224 00000008 T towlower
0017022c 00000078 T sscanf
001702a4 00000004 T getwc
001702a8 000000c4 T _mbrtowc_r
0017036c 000000b8 T mbrtowc
00170424 00000058 T iswctype
00170480 00000010 T nan
00170490 0000000c T nanf
001704a0 00000088 T frexp
00170528 000004a4 T __sfvwrite_r
001709cc 000001f0 T _wcstoul_l
00170bbc 00000054 T wcstoul
00170c10 00000008 T iswalnum
00170c18 00000044 T __sread
00170c5c 00000008 T __seofread
00170c64 00000068 T __swrite
00170ccc 00000040 T __sseek
00170d0c 00000008 T __sclose
00170d14 0000009c T _raise_r
00170db0 00000020 T raise
00170dd0 000000fc T __fputwc
00170ecc 000000b8 T fputwc
00170f84 0000000c T __env_lock
00170f90 0000000c T __env_unlock
00170f9c 0000005c T __assert_func
00170ff8 00000410 T _strerror_r
00171408 00000038 T iswspace_l
00171440 00000088 T _Balloc
001714c8 0000001c T _Bfree
001714e4 000000f4 T __multadd
001715d8 0000010c T __s2b
001716e4 00000080 T __hi0bits
00171764 000000f0 T __lo0bits
00171854 000000a4 T __i2b
001718f8 00000230 T __multiply
00171b28 00000130 T __pow5mult
00171c58 00000138 T __lshift
00171d90 00000058 T __mcmp
00171de8 00000218 T __mdiff
00172000 00000068 T __ulp
00172068 000000d4 T __b2d
0017213c 00000120 T __d2b
0017225c 00000078 T __ratio
001722d4 0000008c T __copybits
00172360 0000005c T __any_on
001723bc 00000008 T _user_strerror
001723c4 000000a4 T __ssprint_r
00172468 00000008 T iswblank
00172470 00000008 T iswlower
00172478 0000003c T fiprintf
001724b4 0000016c T _memalign_r
00172620 00000124 T __swbuf_r
00172744 0000015c T _wcsnrtombs_l
001728a0 00000064 T _wcsnrtombs_r
00172904 0000002c T wcscmp
00172930 00000088 T fgetwc
001729b8 00000008 T iswalpha
001729c0 00000044 T towctrans
00172a04 00000588 T _fseeko_r
00172f8c 00000078 T siscanf
00173004 00000008 T iswspace
0017300c 00000014 T iswdigit
00173020 000000b8 T _mbstowcs_r
001730d8 00000024 T _localeconv_r
001730fc 00000024 T iswalpha_l
00173120 000001c0 t quorem
001732e0 000013f0 T _dtoa_r
001746d0 00000078 T __swbufw_r
00174748 00000008 T iswprint
00174750 0000003c T __libc_fini_array
0017478c 00000008 T iswcntrl
00174794 00000090 T category
00174824 00000020 T iswxdigit
00174844 00000038 t lflush
0017487c 000001a8 T __srefill_r
00174a24 00000164 T __smakebuf_r
00174b88 00000090 T __swhatbuf_r
00174c18 00000288 t wcvt
00174ea0 0000057c t get_arg.isra.0
00175420 00003134 T _svfwprintf_r
00178554 0000012c T __ssputs_r
00178680 00000008 T iswupper
00178688 00000008 T iswgraph
00178690 000001c4 T _ftello_r
00178854 00000050 t get_arg
001788a4 00002b88 T __ssvfscanf_r
0017b42c 00000044 T iswlower_l
0017b470 00000020 T iswblank_l
0017b490 00000264 t _strtoull_l.isra.0
0017b6f4 00000038 T _strtoull_r
0017b72c 00000038 T iswalnum_l
0017b764 00000008 T iswpunct
0017b76c 00000140 T __swsetup_r
0017b8ac 0000047c t _strtoll_l.isra.0
0017bd28 00000038 T _strtoll_r
0017bd60 000005e0 t get_arg
0017c340 000022f8 T _vfiprintf_r
0017e638 000000b4 t __sbprintf
0017e6ec 00000050 t get_arg
0017e73c 000000e4 T _sungetc_r
0017e820 0000006c T __ssrefill_r
0017e88c 000000b4 T _sfread_r
0017e940 000022c4 T __ssvfiscanf_r
00180c04 00000238 T towctrans_l
00180e3c 00000068 T sprintf
00180ea4 000000a4 T __sswprint_r
00180f48 00000018 T iswprint_l
00180f60 00000024 T iswcntrl_l
00180f84 00000044 T iswupper_l
00180fc8 00000030 T __sprint_r
00180ff8 00000028 T realloc
00181020 00000024 T iswgraph_l
00181044 000000fc T _mbsnrtowcs_r
00181140 000000f8 T __sccl
00181238 00000020 T iswpunct_l
00181258 00000040 T mbrlen
00181298 000000dc T stpncpy
00181374 00000020 T _exit
00181394 00000140 T chdir
001814d4 000001c8 T _concatenate_path
0018169c 0000009c T _fstat_r
00181738 00000014 T _getpid_r
0018174c 0000002c T __getreent
00181778 00000030 T _gettimeofday_r
001817a8 00000058 T __get_handle
00181800 00000110 T _close_r
00181910 00000008 t null_write
00181918 00000018 T setDefaultDevice
00181930 000000c4 T FindDevice
001819f4 00000028 T RemoveDevice
00181a1c 00000098 T AddDevice
00181ab4 00000020 T GetDeviceOpTab
00181ad4 00000008 T _isatty_r
00181adc 00000014 T _kill_r
00181af0 00000094 T _lseek_r
00181b84 00000094 T _read_r
00181c18 00000078 W _sbrk_r
00181c90 0000001c T __libc_lock_acquire
00181cac 0000001c T __libc_lock_release
00181cc8 0000001c T __libc_lock_acquire_recursive
00181ce4 0000001c T __libc_lock_release_recursive
00181d00 00000094 T _write_r
00181d94 00000048 T strrchr
00181ddc T _fini
0018234c r .LC11
0018234c r .LC11
0018234c r .LC16
0018234c r .LC16
00182358 r .LC12
00182358 r .LC12
00182358 r .LC17
00182358 r .LC17
00182360 r .LC13
00182360 r .LC13
00182360 r .LC18
00182360 r .LC18
00183128 r .LC2
00183170 00000014 V vtable for Ground
00183184 R render2d_shbin
00183310 R render2d_shbin_end
00183310 R render2d_shbin_size
00183314 00000004 r depthFmtSizes
00183318 00000005 r colorFmtSizes
00183320 00000010 r CSWTCH.11
0018349c 00000080 r dotab_stdout
0018351c 00000018 r grayScale
00183534 00000006 r colorCube
0018353c 00000030 r colorTable
0018356c 00000080 r romFS_devoptab
00183614 00000008 r morton_y.2
0018361c 00000008 r morton_x.3
00183624 00000008 r s_sleepWakeEvents.4
0018362c 0000000c r serviceNameTable.5
00183638 R default_font_bin
00183e38 R default_font_bin_end
00183e38 00000030 r error_table
00183e68 00000080 r archive_devoptab
00183ee8 00000012 R typeinfo name for std::locale::facet
00183efc 00000008 R typeinfo for std::locale::facet
00183f04 00000027 V typeinfo name for __gnu_cxx::__concurrence_lock_error
00183f2c 0000000c V typeinfo for __gnu_cxx::__concurrence_lock_error
00183f38 00000029 V typeinfo name for __gnu_cxx::__concurrence_unlock_error
00183f64 0000000c V typeinfo for __gnu_cxx::__concurrence_unlock_error
00183f70 00000014 V vtable for __gnu_cxx::__concurrence_lock_error
00183f84 00000014 V vtable for __gnu_cxx::__concurrence_unlock_error
00183f98 00000002 R std::locale::facet::_S_c_name
00183fc8 00000020 r typeinfo for std::__facet_shims::(anonymous namespace)::numpunct_shim<char>
00183fe8 00000035 r typeinfo name for std::__facet_shims::(anonymous namespace)::numpunct_shim<char>
00184020 00000020 r typeinfo for std::__facet_shims::(anonymous namespace)::collate_shim<char>
00184040 00000034 r typeinfo name for std::__facet_shims::(anonymous namespace)::collate_shim<char>
00184074 00000020 r typeinfo for std::__facet_shims::(anonymous namespace)::moneypunct_shim<char, true>
00184094 0000003b r typeinfo name for std::__facet_shims::(anonymous namespace)::moneypunct_shim<char, true>
001840d0 00000020 r typeinfo for std::__facet_shims::(anonymous namespace)::moneypunct_shim<char, false>
001840f0 0000003b r typeinfo name for std::__facet_shims::(anonymous namespace)::moneypunct_shim<char, false>
0018412c 00000020 r typeinfo for std::__facet_shims::(anonymous namespace)::money_get_shim<char>
0018414c 00000036 r typeinfo name for std::__facet_shims::(anonymous namespace)::money_get_shim<char>
00184184 00000020 r typeinfo for std::__facet_shims::(anonymous namespace)::money_put_shim<char>
001841a4 00000036 r typeinfo name for std::__facet_shims::(anonymous namespace)::money_put_shim<char>
001841dc 00000020 r typeinfo for std::__facet_shims::(anonymous namespace)::messages_shim<char>
001841fc 00000035 r typeinfo name for std::__facet_shims::(anonymous namespace)::messages_shim<char>
00184234 00000020 r typeinfo for std::__facet_shims::(anonymous namespace)::numpunct_shim<wchar_t>
00184254 00000035 r typeinfo name for std::__facet_shims::(anonymous namespace)::numpunct_shim<wchar_t>
0018428c 00000020 r typeinfo for std::__facet_shims::(anonymous namespace)::collate_shim<wchar_t>
001842ac 00000034 r typeinfo name for std::__facet_shims::(anonymous namespace)::collate_shim<wchar_t>
001842e0 00000020 r typeinfo for std::__facet_shims::(anonymous namespace)::moneypunct_shim<wchar_t, true>
00184300 0000003b r typeinfo name for std::__facet_shims::(anonymous namespace)::moneypunct_shim<wchar_t, true>
0018433c 00000020 r typeinfo for std::__facet_shims::(anonymous namespace)::moneypunct_shim<wchar_t, false>
0018435c 0000003b r typeinfo name for std::__facet_shims::(anonymous namespace)::moneypunct_shim<wchar_t, false>
00184398 00000020 r typeinfo for std::__facet_shims::(anonymous namespace)::money_get_shim<wchar_t>
001843b8 00000036 r typeinfo name for std::__facet_shims::(anonymous namespace)::money_get_shim<wchar_t>
001843f0 00000020 r typeinfo for std::__facet_shims::(anonymous namespace)::money_put_shim<wchar_t>
00184410 00000036 r typeinfo name for std::__facet_shims::(anonymous namespace)::money_put_shim<wchar_t>
00184448 00000020 r typeinfo for std::__facet_shims::(anonymous namespace)::messages_shim<wchar_t>
00184468 00000035 r typeinfo name for std::__facet_shims::(anonymous namespace)::messages_shim<wchar_t>
001844a0 00000019 V typeinfo name for std::locale::facet::__shim
001844bc 00000008 V typeinfo for std::locale::facet::__shim
001844c4 00000020 r typeinfo for std::__facet_shims::(anonymous namespace)::time_get_shim<char>
001844e4 00000035 r typeinfo name for std::__facet_shims::(anonymous namespace)::time_get_shim<char>
0018451c 00000020 r typeinfo for std::__facet_shims::(anonymous namespace)::time_get_shim<wchar_t>
0018453c 00000035 r typeinfo name for std::__facet_shims::(anonymous namespace)::time_get_shim<wchar_t>
00184574 00000024 r vtable for std::__facet_shims::(anonymous namespace)::numpunct_shim<char>
00184598 0000001c r vtable for std::__facet_shims::(anonymous namespace)::collate_shim<char>
001845b4 00000034 r vtable for std::__facet_shims::(anonymous namespace)::moneypunct_shim<char, true>
001845e8 00000034 r vtable for std::__facet_shims::(anonymous namespace)::moneypunct_shim<char, false>
0018461c 00000018 r vtable for std::__facet_shims::(anonymous namespace)::money_get_shim<char>
00184634 00000018 r vtable for std::__facet_shims::(anonymous namespace)::money_put_shim<char>
0018464c 0000001c r vtable for std::__facet_shims::(anonymous namespace)::messages_shim<char>
00184668 00000024 r vtable for std::__facet_shims::(anonymous namespace)::numpunct_shim<wchar_t>
0018468c 0000001c r vtable for std::__facet_shims::(anonymous namespace)::collate_shim<wchar_t>
001846a8 00000034 r vtable for std::__facet_shims::(anonymous namespace)::moneypunct_shim<wchar_t, true>
001846dc 00000034 r vtable for std::__facet_shims::(anonymous namespace)::moneypunct_shim<wchar_t, false>
00184710 00000018 r vtable for std::__facet_shims::(anonymous namespace)::money_get_shim<wchar_t>
00184728 00000018 r vtable for std::__facet_shims::(anonymous namespace)::money_put_shim<wchar_t>
00184740 0000001c r vtable for std::__facet_shims::(anonymous namespace)::messages_shim<wchar_t>
0018475c 00000028 r vtable for std::__facet_shims::(anonymous namespace)::time_get_shim<char>
00184784 00000028 r vtable for std::__facet_shims::(anonymous namespace)::time_get_shim<wchar_t>
001847ac 0000000f V typeinfo name for std::ctype_base
001847bc 00000008 V typeinfo for std::ctype_base
001847c4 0000000c V typeinfo name for std::ctype<char>
001847d0 00000020 V typeinfo for std::ctype<char>
001847f0 0000000c V typeinfo name for std::ctype<wchar_t>
001847fc 0000000c V typeinfo for std::ctype<wchar_t>
00184808 00000030 V vtable for std::ctype<char>
00184838 00000040 V vtable for std::ctype<wchar_t>
001848e8 00000020 r typeinfo for std::__facet_shims::(anonymous namespace)::numpunct_shim<char>
00184908 00000035 r typeinfo name for std::__facet_shims::(anonymous namespace)::numpunct_shim<char>
00184940 00000020 r typeinfo for std::__facet_shims::(anonymous namespace)::collate_shim<char>
00184960 00000034 r typeinfo name for std::__facet_shims::(anonymous namespace)::collate_shim<char>
00184994 00000020 r typeinfo for std::__facet_shims::(anonymous namespace)::moneypunct_shim<char, true>
001849b4 0000003b r typeinfo name for std::__facet_shims::(anonymous namespace)::moneypunct_shim<char, true>
001849f0 00000020 r typeinfo for std::__facet_shims::(anonymous namespace)::moneypunct_shim<char, false>
00184a10 0000003b r typeinfo name for std::__facet_shims::(anonymous namespace)::moneypunct_shim<char, false>
00184a4c 00000020 r typeinfo for std::__facet_shims::(anonymous namespace)::money_get_shim<char>
00184a6c 00000036 r typeinfo name for std::__facet_shims::(anonymous namespace)::money_get_shim<char>
00184aa4 00000020 r typeinfo for std::__facet_shims::(anonymous namespace)::money_put_shim<char>
00184ac4 00000036 r typeinfo name for std::__facet_shims::(anonymous namespace)::money_put_shim<char>
00184afc 00000020 r typeinfo for std::__facet_shims::(anonymous namespace)::messages_shim<char>
00184b1c 00000035 r typeinfo name for std::__facet_shims::(anonymous namespace)::messages_shim<char>
00184b54 00000020 r typeinfo for std::__facet_shims::(anonymous namespace)::numpunct_shim<wchar_t>
00184b74 00000035 r typeinfo name for std::__facet_shims::(anonymous namespace)::numpunct_shim<wchar_t>
00184bac 00000020 r typeinfo for std::__facet_shims::(anonymous namespace)::collate_shim<wchar_t>
00184bcc 00000034 r typeinfo name for std::__facet_shims::(anonymous namespace)::collate_shim<wchar_t>
00184c00 00000020 r typeinfo for std::__facet_shims::(anonymous namespace)::moneypunct_shim<wchar_t, true>
00184c20 0000003b r typeinfo name for std::__facet_shims::(anonymous namespace)::moneypunct_shim<wchar_t, true>
00184c5c 00000020 r typeinfo for std::__facet_shims::(anonymous namespace)::moneypunct_shim<wchar_t, false>
00184c7c 0000003b r typeinfo name for std::__facet_shims::(anonymous namespace)::moneypunct_shim<wchar_t, false>
00184cb8 00000020 r typeinfo for std::__facet_shims::(anonymous namespace)::money_get_shim<wchar_t>
00184cd8 00000036 r typeinfo name for std::__facet_shims::(anonymous namespace)::money_get_shim<wchar_t>
00184d10 00000020 r typeinfo for std::__facet_shims::(anonymous namespace)::money_put_shim<wchar_t>
00184d30 00000036 r typeinfo name for std::__facet_shims::(anonymous namespace)::money_put_shim<wchar_t>
00184d68 00000020 r typeinfo for std::__facet_shims::(anonymous namespace)::messages_shim<wchar_t>
00184d88 00000035 r typeinfo name for std::__facet_shims::(anonymous namespace)::messages_shim<wchar_t>
00184dc0 00000020 r typeinfo for std::__facet_shims::(anonymous namespace)::time_get_shim<char>
00184de0 00000035 r typeinfo name for std::__facet_shims::(anonymous namespace)::time_get_shim<char>
00184e18 00000020 r typeinfo for std::__facet_shims::(anonymous namespace)::time_get_shim<wchar_t>
00184e38 00000035 r typeinfo name for std::__facet_shims::(anonymous namespace)::time_get_shim<wchar_t>
00184e70 00000024 r vtable for std::__facet_shims::(anonymous namespace)::numpunct_shim<char>
00184e94 0000001c r vtable for std::__facet_shims::(anonymous namespace)::collate_shim<char>
00184eb0 00000034 r vtable for std::__facet_shims::(anonymous namespace)::moneypunct_shim<char, true>
00184ee4 00000034 r vtable for std::__facet_shims::(anonymous namespace)::moneypunct_shim<char, false>
00184f18 00000018 r vtable for std::__facet_shims::(anonymous namespace)::money_get_shim<char>
00184f30 00000018 r vtable for std::__facet_shims::(anonymous namespace)::money_put_shim<char>
00184f48 0000001c r vtable for std::__facet_shims::(anonymous namespace)::messages_shim<char>
00184f64 00000024 r vtable for std::__facet_shims::(anonymous namespace)::numpunct_shim<wchar_t>
00184f88 0000001c r vtable for std::__facet_shims::(anonymous namespace)::collate_shim<wchar_t>
00184fa4 00000034 r vtable for std::__facet_shims::(anonymous namespace)::moneypunct_shim<wchar_t, true>
00184fd8 00000034 r vtable for std::__facet_shims::(anonymous namespace)::moneypunct_shim<wchar_t, false>
0018500c 00000018 r vtable for std::__facet_shims::(anonymous namespace)::money_get_shim<wchar_t>
00185024 00000018 r vtable for std::__facet_shims::(anonymous namespace)::money_put_shim<wchar_t>
0018503c 0000001c r vtable for std::__facet_shims::(anonymous namespace)::messages_shim<wchar_t>
00185058 0000002c r vtable for std::__facet_shims::(anonymous namespace)::time_get_shim<char>
00185084 0000002c r vtable for std::__facet_shims::(anonymous namespace)::time_get_shim<wchar_t>
00185178 0000000d V typeinfo name for std::time_base
00185188 00000008 V typeinfo for std::time_base
00185190 0000000f V typeinfo name for std::money_base
001851a0 00000008 V typeinfo for std::money_base
001851a8 00000012 V typeinfo name for std::messages_base
001851bc 00000008 V typeinfo for std::messages_base
001851c4 00000018 V typeinfo name for std::__cxx11::collate<wchar_t>
001851dc 0000000c V typeinfo for std::__cxx11::collate<wchar_t>
001851e8 00000019 V typeinfo name for std::__cxx11::numpunct<wchar_t>
00185204 0000000c V typeinfo for std::__cxx11::numpunct<wchar_t>
00185210 00000020 V typeinfo name for std::__cxx11::moneypunct<wchar_t, true>
00185230 00000020 V typeinfo for std::__cxx11::moneypunct<wchar_t, true>
00185250 00000020 V typeinfo name for std::__cxx11::moneypunct<wchar_t, false>
00185270 00000020 V typeinfo for std::__cxx11::moneypunct<wchar_t, false>
00185290 00000019 V typeinfo name for std::__cxx11::messages<wchar_t>
001852ac 00000020 V typeinfo for std::__cxx11::messages<wchar_t>
001852cc 00000046 V typeinfo name for std::__cxx11::money_get<wchar_t, std::istreambuf_iterator<wchar_t, std::char_traits<wchar_t> > >
00185314 0000000c V typeinfo for std::__cxx11::money_get<wchar_t, std::istreambuf_iterator<wchar_t, std::char_traits<wchar_t> > >
00185320 00000046 V typeinfo name for std::__cxx11::money_put<wchar_t, std::ostreambuf_iterator<wchar_t, std::char_traits<wchar_t> > >
00185368 0000000c V typeinfo for std::__cxx11::money_put<wchar_t, std::ostreambuf_iterator<wchar_t, std::char_traits<wchar_t> > >
00185374 00000045 V typeinfo name for std::__cxx11::time_get<wchar_t, std::istreambuf_iterator<wchar_t, std::char_traits<wchar_t> > >
001853bc 00000020 V typeinfo for std::__cxx11::time_get<wchar_t, std::istreambuf_iterator<wchar_t, std::char_traits<wchar_t> > >
001853dc 0000001c V vtable for std::__cxx11::collate<wchar_t>
001853f8 00000024 V vtable for std::__cxx11::numpunct<wchar_t>
0018541c 00000034 V vtable for std::__cxx11::moneypunct<wchar_t, true>
00185450 00000034 V vtable for std::__cxx11::moneypunct<wchar_t, false>
00185484 0000001c V vtable for std::__cxx11::messages<wchar_t>
001854a0 00000018 V vtable for std::__cxx11::money_get<wchar_t, std::istreambuf_iterator<wchar_t, std::char_traits<wchar_t> > >
001854b8 00000018 V vtable for std::__cxx11::money_put<wchar_t, std::ostreambuf_iterator<wchar_t, std::char_traits<wchar_t> > >
001854d0 0000002c V vtable for std::__cxx11::time_get<wchar_t, std::istreambuf_iterator<wchar_t, std::char_traits<wchar_t> > >
001854fc 00000036 V typeinfo name for __gnu_cxx::stdio_sync_filebuf<char, std::char_traits<char> >
00185534 0000000c V typeinfo for __gnu_cxx::stdio_sync_filebuf<char, std::char_traits<char> >
00185540 00000036 V typeinfo name for __gnu_cxx::stdio_sync_filebuf<wchar_t, std::char_traits<wchar_t> >
00185578 0000000c V typeinfo for __gnu_cxx::stdio_sync_filebuf<wchar_t, std::char_traits<wchar_t> >
00185584 00000040 V vtable for __gnu_cxx::stdio_sync_filebuf<char, std::char_traits<char> >
001855c4 00000040 V vtable for __gnu_cxx::stdio_sync_filebuf<wchar_t, std::char_traits<wchar_t> >
00185604 00000022 V typeinfo name for std::basic_ios<char, std::char_traits<char> >
00185628 0000000c V typeinfo for std::basic_ios<char, std::char_traits<char> >
00185634 00000022 V typeinfo name for std::basic_ios<wchar_t, std::char_traits<wchar_t> >
00185658 0000000c V typeinfo for std::basic_ios<wchar_t, std::char_traits<wchar_t> >
00185664 00000010 V vtable for std::basic_ios<char, std::char_traits<char> >
00185674 00000010 V vtable for std::basic_ios<wchar_t, std::char_traits<wchar_t> >
00185684 0000000c R typeinfo name for std::ios_base
00185690 00000008 R typeinfo for std::ios_base
00185698 00000010 R vtable for std::ios_base
001856a8 00000003 V typeinfo name for std::istream
001856ac 00000018 V typeinfo for std::istream
001856c4 00000027 V typeinfo name for std::basic_istream<wchar_t, std::char_traits<wchar_t> >
001856ec 00000018 V typeinfo for std::basic_istream<wchar_t, std::char_traits<wchar_t> >
00185704 00000008 V VTT for std::istream
0018570c 00000028 V vtable for std::istream
00185734 00000008 V VTT for std::basic_istream<wchar_t, std::char_traits<wchar_t> >
0018573c 00000028 V vtable for std::basic_istream<wchar_t, std::char_traits<wchar_t> >
0018582c 00000011 V typeinfo name for std::codecvt_base
00185840 00000008 V typeinfo for std::codecvt_base
00185848 0000000e V typeinfo name for std::collate<char>
00185858 0000000c V typeinfo for std::collate<char>
00185864 0000000f V typeinfo name for std::numpunct<char>
00185874 0000000c V typeinfo for std::numpunct<char>
00185880 0000003a V typeinfo name for std::num_get<char, std::istreambuf_iterator<char, std::char_traits<char> > >
001858bc 0000000c V typeinfo for std::num_get<char, std::istreambuf_iterator<char, std::char_traits<char> > >
001858c8 0000003a V typeinfo name for std::num_put<char, std::ostreambuf_iterator<char, std::char_traits<char> > >
00185904 0000000c V typeinfo for std::num_put<char, std::ostreambuf_iterator<char, std::char_traits<char> > >
00185910 00000019 V typeinfo name for std::__timepunct_cache<char>
0018592c 0000000c V typeinfo for std::__timepunct_cache<char>
00185938 00000013 V typeinfo name for std::__timepunct<char>
0018594c 0000000c V typeinfo for std::__timepunct<char>
00185958 00000016 V typeinfo name for std::moneypunct<char, true>
00185970 00000020 V typeinfo for std::moneypunct<char, true>
00185990 00000016 V typeinfo name for std::moneypunct<char, false>
001859a8 00000020 V typeinfo for std::moneypunct<char, false>
001859c8 0000000f V typeinfo name for std::messages<char>
001859d8 00000020 V typeinfo for std::messages<char>
001859f8 0000002c V typeinfo name for std::__codecvt_abstract_base<char, char, _mbstate_t>
00185a24 00000020 V typeinfo for std::__codecvt_abstract_base<char, char, _mbstate_t>
00185a44 0000003c V typeinfo name for std::money_get<char, std::istreambuf_iterator<char, std::char_traits<char> > >
00185a80 0000000c V typeinfo for std::money_get<char, std::istreambuf_iterator<char, std::char_traits<char> > >
00185a8c 0000003c V typeinfo name for std::money_put<char, std::ostreambuf_iterator<char, std::char_traits<char> > >
00185ac8 0000000c V typeinfo for std::money_put<char, std::ostreambuf_iterator<char, std::char_traits<char> > >
00185ad4 0000003b V typeinfo name for std::time_put<char, std::ostreambuf_iterator<char, std::char_traits<char> > >
00185b10 0000000c V typeinfo for std::time_put<char, std::ostreambuf_iterator<char, std::char_traits<char> > >
00185b1c 0000003b V typeinfo name for std::time_get<char, std::istreambuf_iterator<char, std::char_traits<char> > >
00185b58 00000020 V typeinfo for std::time_get<char, std::istreambuf_iterator<char, std::char_traits<char> > >
00185b78 0000001e V typeinfo name for std::__moneypunct_cache<char, false>
00185b98 0000000c V typeinfo for std::__moneypunct_cache<char, false>
00185ba4 0000001e V typeinfo name for std::__moneypunct_cache<char, true>
00185bc4 0000000c V typeinfo for std::__moneypunct_cache<char, true>
00185bd0 00000018 V typeinfo name for std::__numpunct_cache<char>
00185be8 0000000c V typeinfo for std::__numpunct_cache<char>
00185bf4 0000001c V vtable for std::collate<char>
00185c10 00000024 V vtable for std::numpunct<char>
00185c34 0000003c V vtable for std::num_get<char, std::istreambuf_iterator<char, std::char_traits<char> > >
00185c70 00000030 V vtable for std::num_put<char, std::ostreambuf_iterator<char, std::char_traits<char> > >
00185ca0 00000010 V vtable for std::__timepunct_cache<char>
00185cb0 00000010 V vtable for std::__timepunct<char>
00185cc0 00000034 V vtable for std::moneypunct<char, true>
00185cf4 00000034 V vtable for std::moneypunct<char, false>
00185d28 0000001c V vtable for std::messages<char>
00185d44 0000002c V vtable for std::__codecvt_abstract_base<char, char, _mbstate_t>
00185d70 00000018 V vtable for std::money_get<char, std::istreambuf_iterator<char, std::char_traits<char> > >
00185d88 00000018 V vtable for std::money_put<char, std::ostreambuf_iterator<char, std::char_traits<char> > >
00185da0 00000014 V vtable for std::time_put<char, std::ostreambuf_iterator<char, std::char_traits<char> > >
00185db4 00000028 V vtable for std::time_get<char, std::istreambuf_iterator<char, std::char_traits<char> > >
00185ddc 00000010 V vtable for std::__moneypunct_cache<char, false>
00185dec 00000010 V vtable for std::__moneypunct_cache<char, true>
00185dfc 00000010 V vtable for std::__numpunct_cache<char>
00185e0c 00000088 R std::locale::_S_twinned_facets
00185e94 00000003 V typeinfo name for std::ostream
00185e98 00000018 V typeinfo for std::ostream
00185eb0 00000027 V typeinfo name for std::basic_ostream<wchar_t, std::char_traits<wchar_t> >
00185ed8 00000018 V typeinfo for std::basic_ostream<wchar_t, std::char_traits<wchar_t> >
00185ef0 00000008 V VTT for std::ostream
00185ef8 00000028 V vtable for std::ostream
00185f20 00000008 V VTT for std::basic_ostream<wchar_t, std::char_traits<wchar_t> >
00185f28 00000028 V vtable for std::basic_ostream<wchar_t, std::char_traits<wchar_t> >
00185f50 00000029 V typeinfo name for std::basic_streambuf<char, std::char_traits<char> >
00185f7c 00000008 V typeinfo for std::basic_streambuf<char, std::char_traits<char> >
00185f84 00000029 V typeinfo name for std::basic_streambuf<wchar_t, std::char_traits<wchar_t> >
00185fb0 00000008 V typeinfo for std::basic_streambuf<wchar_t, std::char_traits<wchar_t> >
00185fb8 00000040 V vtable for std::basic_streambuf<char, std::char_traits<char> >
00185ff8 00000040 V vtable for std::basic_streambuf<wchar_t, std::char_traits<wchar_t> >
00186038 00000019 R typeinfo name for std::_V2::error_category
00186054 00000008 R typeinfo for std::_V2::error_category
0018605c 00000011 R typeinfo name for std::system_error
00186070 0000000c R typeinfo for std::system_error
0018607c 0000000c r typeinfo for (anonymous namespace)::generic_error_category
00186088 0000002a r typeinfo name for (anonymous namespace)::generic_error_category
001860b4 00000014 R vtable for std::system_error
001860c8 00000028 r vtable for (anonymous namespace)::generic_error_category
001861b8 0000000e V typeinfo name for std::collate<wchar_t>
001861c8 0000000c V typeinfo for std::collate<wchar_t>
001861d4 0000001d V typeinfo name for std::__ctype_abstract_base<wchar_t>
001861f4 00000020 V typeinfo for std::__ctype_abstract_base<wchar_t>
00186214 0000000f V typeinfo name for std::numpunct<wchar_t>
00186224 0000000c V typeinfo for std::numpunct<wchar_t>
00186230 0000003a V typeinfo name for std::num_get<wchar_t, std::istreambuf_iterator<wchar_t, std::char_traits<wchar_t> > >
0018626c 0000000c V typeinfo for std::num_get<wchar_t, std::istreambuf_iterator<wchar_t, std::char_traits<wchar_t> > >
00186278 0000003a V typeinfo name for std::num_put<wchar_t, std::ostreambuf_iterator<wchar_t, std::char_traits<wchar_t> > >
001862b4 0000000c V typeinfo for std::num_put<wchar_t, std::ostreambuf_iterator<wchar_t, std::char_traits<wchar_t> > >
001862c0 00000019 V typeinfo name for std::__timepunct_cache<wchar_t>
001862dc 0000000c V typeinfo for std::__timepunct_cache<wchar_t>
001862e8 00000013 V typeinfo name for std::__timepunct<wchar_t>
001862fc 0000000c V typeinfo for std::__timepunct<wchar_t>
00186308 00000016 V typeinfo name for std::moneypunct<wchar_t, true>
00186320 00000020 V typeinfo for std::moneypunct<wchar_t, true>
00186340 00000016 V typeinfo name for std::moneypunct<wchar_t, false>
00186358 00000020 V typeinfo for std::moneypunct<wchar_t, false>
00186378 0000000f V typeinfo name for std::messages<wchar_t>
00186388 00000020 V typeinfo for std::messages<wchar_t>
001863a8 0000002c V typeinfo name for std::__codecvt_abstract_base<wchar_t, char, _mbstate_t>
001863d4 00000020 V typeinfo for std::__codecvt_abstract_base<wchar_t, char, _mbstate_t>
001863f4 0000003c V typeinfo name for std::money_get<wchar_t, std::istreambuf_iterator<wchar_t, std::char_traits<wchar_t> > >
00186430 0000000c V typeinfo for std::money_get<wchar_t, std::istreambuf_iterator<wchar_t, std::char_traits<wchar_t> > >
0018643c 0000003c V typeinfo name for std::money_put<wchar_t, std::ostreambuf_iterator<wchar_t, std::char_traits<wchar_t> > >
00186478 0000000c V typeinfo for std::money_put<wchar_t, std::ostreambuf_iterator<wchar_t, std::char_traits<wchar_t> > >
00186484 0000003b V typeinfo name for std::time_put<wchar_t, std::ostreambuf_iterator<wchar_t, std::char_traits<wchar_t> > >
001864c0 0000000c V typeinfo for std::time_put<wchar_t, std::ostreambuf_iterator<wchar_t, std::char_traits<wchar_t> > >
001864cc 0000003b V typeinfo name for std::time_get<wchar_t, std::istreambuf_iterator<wchar_t, std::char_traits<wchar_t> > >
00186508 00000020 V typeinfo for std::time_get<wchar_t, std::istreambuf_iterator<wchar_t, std::char_traits<wchar_t> > >
00186528 0000001e V typeinfo name for std::__moneypunct_cache<wchar_t, false>
00186548 0000000c V typeinfo for std::__moneypunct_cache<wchar_t, false>
00186554 0000001e V typeinfo name for std::__moneypunct_cache<wchar_t, true>
00186574 0000000c V typeinfo for std::__moneypunct_cache<wchar_t, true>
00186580 00000018 V typeinfo name for std::__numpunct_cache<wchar_t>
00186598 0000000c V typeinfo for std::__numpunct_cache<wchar_t>
001865a4 0000001c V vtable for std::collate<wchar_t>
001865c0 00000040 V vtable for std::__ctype_abstract_base<wchar_t>
00186600 00000024 V vtable for std::numpunct<wchar_t>
00186624 0000003c V vtable for std::num_get<wchar_t, std::istreambuf_iterator<wchar_t, std::char_traits<wchar_t> > >
00186660 00000030 V vtable for std::num_put<wchar_t, std::ostreambuf_iterator<wchar_t, std::char_traits<wchar_t> > >
00186690 00000010 V vtable for std::__timepunct_cache<wchar_t>
001866a0 00000010 V vtable for std::__timepunct<wchar_t>
001866b0 00000034 V vtable for std::moneypunct<wchar_t, true>
001866e4 00000034 V vtable for std::moneypunct<wchar_t, false>
00186718 0000001c V vtable for std::messages<wchar_t>
00186734 0000002c V vtable for std::__codecvt_abstract_base<wchar_t, char, _mbstate_t>
00186760 00000018 V vtable for std::money_get<wchar_t, std::istreambuf_iterator<wchar_t, std::char_traits<wchar_t> > >
00186778 00000018 V vtable for std::money_put<wchar_t, std::ostreambuf_iterator<wchar_t, std::char_traits<wchar_t> > >
00186790 00000014 V vtable for std::time_put<wchar_t, std::ostreambuf_iterator<wchar_t, std::char_traits<wchar_t> > >
001867a4 00000028 V vtable for std::time_get<wchar_t, std::istreambuf_iterator<wchar_t, std::char_traits<wchar_t> > >
001867cc 00000010 V vtable for std::__moneypunct_cache<wchar_t, false>
001867dc 00000010 V vtable for std::__moneypunct_cache<wchar_t, true>
001867ec 00000010 V vtable for std::__numpunct_cache<wchar_t>
001867fc 0000000d R typeinfo name for std::bad_alloc
0018680c 0000000c R typeinfo for std::bad_alloc
00186818 00000014 R vtable for std::bad_alloc
0018682c 00000019 R typeinfo name for std::bad_array_new_length
00186848 0000000c R typeinfo for std::bad_array_new_length
00186854 00000014 R vtable for std::bad_array_new_length
00186868 0000000c R typeinfo name for std::bad_cast
00186874 0000000c R typeinfo for std::bad_cast
00186880 00000014 R vtable for std::bad_cast
00186894 00000022 R typeinfo name for __cxxabiv1::__class_type_info
001868b8 0000000c R typeinfo for __cxxabiv1::__class_type_info
001868c4 0000002c R vtable for __cxxabiv1::__class_type_info
001868f0 0000000d R typeinfo name for std::exception
00186900 00000008 R typeinfo for std::exception
00186908 00000012 R typeinfo name for std::bad_exception
0018691c 0000000c R typeinfo for std::bad_exception
00186928 00000020 R typeinfo name for __cxxabiv1::__forced_unwind
00186948 00000008 R typeinfo for __cxxabiv1::__forced_unwind
00186950 00000024 R typeinfo name for __cxxabiv1::__foreign_exception
00186974 00000008 R typeinfo for __cxxabiv1::__foreign_exception
0018697c 00000014 R vtable for std::bad_exception
001869a4 0000002c V typeinfo name for __gnu_cxx::__concurrence_broadcast_error
001869d0 0000000c V typeinfo for __gnu_cxx::__concurrence_broadcast_error
001869dc 00000027 V typeinfo name for __gnu_cxx::__concurrence_wait_error
00186a04 0000000c V typeinfo for __gnu_cxx::__concurrence_wait_error
00186a10 00000014 V vtable for __gnu_cxx::__concurrence_broadcast_error
00186a24 00000014 V vtable for __gnu_cxx::__concurrence_wait_error
00186a38 00000023 R typeinfo name for __gnu_cxx::recursive_init_error
00186a5c 0000000c R typeinfo for __gnu_cxx::recursive_init_error
00186a68 00000014 R vtable for __gnu_cxx::recursive_init_error
00186a7c 00000001 R std::nothrow
00186a80 00000025 R typeinfo name for __cxxabiv1::__si_class_type_info
00186aa8 0000000c R typeinfo for __cxxabiv1::__si_class_type_info
00186ab4 0000002c R vtable for __cxxabiv1::__si_class_type_info
00186ae0 0000000d R typeinfo name for std::type_info
00186af0 00000008 R typeinfo for std::type_info
00186af8 00000026 R typeinfo name for __cxxabiv1::__vmi_class_type_info
00186b20 0000000c R typeinfo for __cxxabiv1::__vmi_class_type_info
00186b2c 0000002c R vtable for __cxxabiv1::__vmi_class_type_info
00186b58 0000001b V typeinfo name for std::codecvt<char, char, _mbstate_t>
00186b74 0000000c V typeinfo for std::codecvt<char, char, _mbstate_t>
00186b80 0000001b V typeinfo name for std::codecvt<wchar_t, char, _mbstate_t>
00186b9c 0000000c V typeinfo for std::codecvt<wchar_t, char, _mbstate_t>
00186ba8 0000002c V vtable for std::codecvt<char, char, _mbstate_t>
00186bd4 0000002c V vtable for std::codecvt<wchar_t, char, _mbstate_t>
00186c00 00000034 r std::(anonymous namespace)::mon_yday
00186c34 00000004 R std::money_base::_S_default_pattern
001873c0 00000010 R typeinfo name for std::logic_error
001873d0 0000000c R typeinfo for std::logic_error
001873dc 00000011 R typeinfo name for std::length_error
001873f0 0000000c R typeinfo for std::length_error
001873fc 00000011 R typeinfo name for std::out_of_range
00187410 0000000c R typeinfo for std::out_of_range
0018741c 00000012 R typeinfo name for std::runtime_error
00187430 0000000c R typeinfo for std::runtime_error
0018743c 00000014 R vtable for std::logic_error
00187450 00000014 R vtable for std::length_error
00187464 00000014 R vtable for std::out_of_range
00187478 00000014 R vtable for std::runtime_error
0018748c 0000002d V typeinfo name for std::__codecvt_abstract_base<char16_t, char, _mbstate_t>
001874bc 00000020 V typeinfo for std::__codecvt_abstract_base<char16_t, char, _mbstate_t>
001874dc 0000001c V typeinfo name for std::codecvt<char16_t, char, _mbstate_t>
001874f8 0000000c V typeinfo for std::codecvt<char16_t, char, _mbstate_t>
00187504 0000002d V typeinfo name for std::__codecvt_abstract_base<char32_t, char, _mbstate_t>
00187534 00000020 V typeinfo for std::__codecvt_abstract_base<char32_t, char, _mbstate_t>
00187554 0000001c V typeinfo name for std::codecvt<char32_t, char, _mbstate_t>
00187570 0000000c V typeinfo for std::codecvt<char32_t, char, _mbstate_t>
0018757c 0000002e V typeinfo name for std::__codecvt_abstract_base<char16_t, char8_t, _mbstate_t>
001875ac 00000020 V typeinfo for std::__codecvt_abstract_base<char16_t, char8_t, _mbstate_t>
001875cc 0000001d V typeinfo name for std::codecvt<char16_t, char8_t, _mbstate_t>
001875ec 0000000c V typeinfo for std::codecvt<char16_t, char8_t, _mbstate_t>
001875f8 0000002e V typeinfo name for std::__codecvt_abstract_base<char32_t, char8_t, _mbstate_t>
00187628 00000020 V typeinfo for std::__codecvt_abstract_base<char32_t, char8_t, _mbstate_t>
00187648 0000001d V typeinfo name for std::codecvt<char32_t, char8_t, _mbstate_t>
00187668 0000000c V typeinfo for std::codecvt<char32_t, char8_t, _mbstate_t>
00187674 0000002c V vtable for std::__codecvt_abstract_base<char16_t, char, _mbstate_t>
001876a0 0000002c V vtable for std::codecvt<char16_t, char, _mbstate_t>
001876cc 0000002c V vtable for std::__codecvt_abstract_base<char32_t, char, _mbstate_t>
001876f8 0000002c V vtable for std::codecvt<char32_t, char, _mbstate_t>
00187724 0000002c V vtable for std::__codecvt_abstract_base<char16_t, char8_t, _mbstate_t>
00187750 0000002c V vtable for std::codecvt<char16_t, char8_t, _mbstate_t>
0018777c 0000002c V vtable for std::__codecvt_abstract_base<char32_t, char8_t, _mbstate_t>
001877a8 0000002c V vtable for std::codecvt<char32_t, char8_t, _mbstate_t>
001877d4 0000001d R typeinfo name for std::ios_base::failure[abi:cxx11]
001877f4 0000000c R typeinfo for std::ios_base::failure[abi:cxx11]
00187800 00000012 V typeinfo name for std::__ios_failure
00187814 0000000c V typeinfo for std::__ios_failure
00187820 00000018 R typeinfo name for std::__iosfail_type_info
00187838 00000018 R typeinfo for std::__iosfail_type_info
00187850 00000014 R vtable for std::ios_base::failure[abi:cxx11]
00187864 00000014 V vtable for std::__ios_failure
00187878 0000002c R vtable for std::__iosfail_type_info
00187964 00000018 V typeinfo name for std::__cxx11::collate<char>
0018797c 0000000c V typeinfo for std::__cxx11::collate<char>
00187988 00000019 V typeinfo name for std::__cxx11::numpunct<char>
001879a4 0000000c V typeinfo for std::__cxx11::numpunct<char>
001879b0 00000020 V typeinfo name for std::__cxx11::moneypunct<char, true>
001879d0 00000020 V typeinfo for std::__cxx11::moneypunct<char, true>
001879f0 00000020 V typeinfo name for std::__cxx11::moneypunct<char, false>
00187a10 00000020 V typeinfo for std::__cxx11::moneypunct<char, false>
00187a30 00000019 V typeinfo name for std::__cxx11::messages<char>
00187a4c 00000020 V typeinfo for std::__cxx11::messages<char>
00187a6c 00000046 V typeinfo name for std::__cxx11::money_get<char, std::istreambuf_iterator<char, std::char_traits<char> > >
00187ab4 0000000c V typeinfo for std::__cxx11::money_get<char, std::istreambuf_iterator<char, std::char_traits<char> > >
00187ac0 00000046 V typeinfo name for std::__cxx11::money_put<char, std::ostreambuf_iterator<char, std::char_traits<char> > >
00187b08 0000000c V typeinfo for std::__cxx11::money_put<char, std::ostreambuf_iterator<char, std::char_traits<char> > >
00187b14 00000045 V typeinfo name for std::__cxx11::time_get<char, std::istreambuf_iterator<char, std::char_traits<char> > >
00187b5c 00000020 V typeinfo for std::__cxx11::time_get<char, std::istreambuf_iterator<char, std::char_traits<char> > >
00187b7c 0000001c V vtable for std::__cxx11::collate<char>
00187b98 00000024 V vtable for std::__cxx11::numpunct<char>
00187bbc 00000034 V vtable for std::__cxx11::moneypunct<char, true>
00187bf0 00000034 V vtable for std::__cxx11::moneypunct<char, false>
00187c24 0000001c V vtable for std::__cxx11::messages<char>
00187c40 00000018 V vtable for std::__cxx11::money_get<char, std::istreambuf_iterator<char, std::char_traits<char> > >
00187c58 00000018 V vtable for std::__cxx11::money_put<char, std::ostreambuf_iterator<char, std::char_traits<char> > >
00187c70 0000002c V vtable for std::__cxx11::time_get<char, std::istreambuf_iterator<char, std::char_traits<char> > >
00187c9c 0000000c r typeinfo for (anonymous namespace)::io_error_category
00187ca8 00000025 r typeinfo name for (anonymous namespace)::io_error_category
00187cd0 00000028 r vtable for (anonymous namespace)::io_error_category
00187cf8 00000016 R typeinfo name for std::ios_base::failure
00187d10 0000000c R typeinfo for std::ios_base::failure
00187d1c 00000014 R vtable for std::ios_base::failure
00187e2c 0000001c r categories
00187eac 00000014 r fpinan.0
00187ec0 00000014 r fpi.1
00187ed8 00000028 r tinytens
00187fac 00000100 R __hexdig
001880e4 00000048 r JIS_action_table
0018812c 00000048 r JIS_state_table
001882b8 00000010 r zeroes.0
001882c8 00000010 r blanks.1
001882d8 00000101 R _ctype_
001884c4 00000010 r zeroes.0
001884d4 00000010 r blanks.1
001884e4 0000006c R __action_table
00188550 0000006c R __state_table
001885bc 00000100 R __chclass
001886bc 000000fc R _C_time_locale
00188854 0000000c r p05.0
00188860 00000028 R __mprec_bigtens
00188888 000000c8 R __mprec_tens
00188950 00000060 R __month_lengths
001889b8 000035dc r categories
0018c060 00000040 r zeroes.0
0018c0a0 00000040 r blanks.1
0018c1f4 00000022 r basefix.0
0018c300 00000010 r zeroes.0
0018c310 00000010 r blanks.1
0018c3a0 00000022 r basefix.0
0018c3c4 00000080 R dotab_stdnull
0018c444 R __tdata_align
0018c448 r __EH_FRAME_BEGIN__
0018e7fc R __exidx_start
0018fa34 R __exidx_end
00190000 00000008 d framerateCounter
00190008 00000004 d framerate
0019000c 00000001 d firstConsoleInit.0
00190010 00000004 D currentConsole
00190014 00000048 D defaultConsole
0019005c 00000004 d queueLock
00190060 00000004 d aptChainloadDeliverArgSize
00190064 00000004 d kCount
00190068 00000004 d kInterval
0019006c 00000004 d kDelay
00190070 W __stacksize__
00190074 00000001 D std::ios_base::Init::_S_synced_with_stdio
00190078 00000004 d (anonymous namespace)::generic_category_instance
0019007c 00000004 D __cxxabiv1::__unexpected_handler
00190080 00000004 D std::__num_base::_S_atoms_out
00190084 00000004 D std::__num_base::_S_atoms_in
00190088 00000004 D std::money_base::_S_atoms
0019008c 00000038 D std::__timepunct_cache<wchar_t>::_S_timezones
001900c4 00000038 D std::__timepunct_cache<char>::_S_timezones
001900fc 00000004 d (anonymous namespace)::io_category_instance
00190100 00000004 D __cxxabiv1::__terminate_handler
00190104 000000e7 d global_locale_string
001901ec 0000016c D __global_locale
00190358 00000020 D __default_locale
00190378 0000000c D __sglue
00190388 00000058 d tzinfo
001903e0 00000004 D __malloc_sbrk_base
001903e4 00000004 D __malloc_trim_threshold
001903e8 00000408 D __malloc_av_
001907f0 00000004 D _impure_ptr
001907f8 00000140 D _impure_data
00190938 00000008 D _tzname
00190940 00000004 D environ
00190944 000007b0 d caseconv_table
001910f4 00000400 d _current_working_directory
001914f8 00001000 d handles
001924f8 0000000c d __stderr_handle
00192504 0000000c d __stdout_handle
00192510 0000000c d __stdin_handle
0019251c 0000008c D devoptab_list
001925a8 00000004 d defaultDevice
001925b4 d _GLOBAL_OFFSET_TABLE_
001925c0 D __init_array_start
001925c0 B __preinit_array_end
001925c0 B __preinit_array_start
001925c0 D __tdata_lma
001925c0 D __tdata_lma_end
001925c4 d __frame_dummy_init_array_entry
001925e0 d __do_global_dtors_aux_fini_array_entry
001925e0 D __fini_array_start
001925e0 D __init_array_end
001925ec D __bss_start__
001925ec D __fini_array_end
001925ec b completed.1
001925f0 b object.0
00192608 000005a8 B __C2Di_Context
00192bb0 00000040 b s_projBot
00192bf0 00000040 b s_projTop
00192c30 00000004 b uLoc_mdlvMtx
00192c34 00000004 b uLoc_projMtx
00192c38 0000000c b hookCookie
00192c48 000002d0 B __C3D_Context
00192f18 00000004 b frameEndCbData
00192f1c 00000004 b frameEndCb
00192f20 00000008 b frameCounter
00192f28 00000001 b isTopStereo
00192f29 00000001 b needSwapBot
00192f2a 00000001 b needSwapTop
00192f2b 00000001 b measureGpuTime
00192f2c 00000001 b inSafeTransfer
00192f2d 00000001 b inFrame
00192f30 00000010 b cpuTime
00192f40 00000010 b gpuTime
00192f50 0000000c b linkedTarget
00192f5c 00000004 b lastTarget
00192f60 00000004 b firstTarget
00192f64 00000008 b C3Di_IVUnifEverDirty
00192f6c 000000c0 b C3Di_FVUnifEverDirty
0019302c 00000018 b C3Di_ShaderFVecData
00193044 00000002 B C3D_BoolUnifsDirty
00193048 00000008 B C3D_IVUnifDirty
00193050 000000c0 B C3D_FVUnifDirty
00193110 00000004 B C3D_BoolUnifs
00193114 00000020 B C3D_IVUnif
00193134 00000c00 B C3D_FVUnif
00193d38 00000008 b sLinearPool
00193d40 0000000c b sAddrMap
00193d50 00000008 b sVramPoolB
00193d58 00000008 b sVramPoolA
00193d60 0000000c b sAddrMap
00193d6c 00000064 b escapeSeq
00193dd0 00000048 B currentCopy
00193e18 00000004 b screenAlloc
00193e1c 00000004 b screenFree
00193e20 00000002 b gfxIsDoubleBuf
00193e24 00000002 b gfxCurBuf
00193e26 00000001 b gfxIsVram
00193e27 00000001 b gfxTopMode
00193e28 00000002 b gfxFramebufferFormats
00193e2c 00000004 b gfxBottomFramebufferMaxSize
00193e30 00000004 b gfxTopFramebufferMaxSize
00193e38 00000008 b gfxBottomFramebuffers
00193e40 00000008 b gfxTopFramebuffers
00193e48 00000001 V __ctru_speedup
00193e4c 00000004 b romfs_mount_list
00193e50 00000004 V __romfs_path
00193e54 00000004 B gpuCmdBufOffset
00193e58 00000004 B gpuCmdBufSize
00193e5c 00000004 B gpuCmdBuf
00193e60 00000004 b boundQueue
00193e64 00000001 b shouldStop
00193e65 00000001 b isRunning
00193e66 00000001 b isActive
00193e68 00000004 b curQueue
00193e6c 00000001 b flagValue.0
00193e6d 00000001 b flagInit.1
00193e70 00000004 b serviceName.6
00193e74 00000001 b aptChainloadFlags
00193e75 00000001 b aptChainloadMediatype
00193e78 00000020 b aptChainloadHmac
00193e98 00000300 b aptChainloadDeliverArg
00194198 00000008 b aptChainloadTid
001941a0 00001000 b aptParameters
001951a0 00000004 b aptFlags
001951a4 00000001 b aptHomeButtonState
001951a8 00000004 b aptMessageFuncData
001951ac 00000004 b aptMessageFunc
001951b0 0000000c b aptFirstHook
001951bc 00000001 b aptEventHandlerThreadQuit
001951c0 00000004 b aptEventHandlerThread
001951c4 00000008 b aptSleepEvent
001951cc 00000008 b aptReceiveEvent
001951d4 00000008 b aptEvents
001951dc 00000004 b aptLockHandle
001951e0 00000004 b aptRefCount
001951e8 00000080 b fsExemptArchives
00195268 00000004 b fsuRefCount
0019526c 00000004 b fsuHandle
00195270 00000007 b gspEventCbOneShot
00195278 0000001c b gspEventCbData
00195294 0000001c b gspEventCb
001952b0 00000038 b gspEvents
001952e8 00000004 b gspLastEvent
001952ec 00000001 b gspRunEvents
001952f0 00000004 b gspEventThread
001952f4 00000004 b gspEvent
001952f8 00000001 b gspGpuRight
001952f9 00000001 b gspThreadId
001952fc 00000004 b gspSharedMem
00195300 00000004 b gspSharedMemHandle
00195304 00000004 b gspRefCount
00195308 00000004 b gspGpuHandle
0019530c 00000001 b usingIrrst
00195310 00000004 b hidRefCount
00195314 00000006 b gRate
0019531c 00000006 b aVec
00195324 00000004 b cPos
00195328 00000004 b tPos
0019532c 00000004 b kRepeat
00195330 00000004 b kUp
00195334 00000004 b kDown
00195338 00000004 b kHeld
0019533c 00000004 b kOld
00195340 00000004 B hidSharedMem
00195344 00000014 B hidEvents
00195358 00000004 B hidMemHandle
0019535c 00000004 B hidHandle
00195360 00000004 b irrstRefCount
00195364 00000004 b csPos
00195368 00000004 b kHeld
0019536c 00000004 B irrstSharedMem
00195370 00000004 B irrstEvent
00195374 00000004 B irrstMemHandle
00195378 00000004 B irrstHandle
0019537c 00000004 b ptmSysmRefCount
00195380 00000004 b ptmSysmHandle
00195384 00000004 V __ctru_linear_heap_size
00195388 00000004 V __ctru_heap_size
0019538c 00000004 B __ctru_linear_heap
00195390 00000004 B __ctru_heap
00195394 00000004 B __system_retAddr
00195398 00000004 B __system_argv
0019539c 00000004 B __system_argc
001953a0 b saved_stack
001953a8 00000004 B __3dslink_host
001953ac 00000004 b srvRefCount
001953b0 00000004 b srvHandle
001953b4 00000004 b arbiter
001953b8 00000004 b currentAddr
001953bc 00000004 b maxAddr
001953c0 00000004 b minAddr
001953c4 00000004 b srvPmHandle
001953c8 000005c0 b archive_devices
00195988 00000004 b archive_device_cwd
0019598c 00000001 b archive_initialized
00195990 00000028 B __gnu_internal::buf_wcerr_sync
001959b8 00000028 B __gnu_internal::buf_wcin_sync
001959e0 00000028 B __gnu_internal::buf_wcout_sync
00195a08 00000028 B __gnu_internal::buf_cerr_sync
00195a30 00000028 B __gnu_internal::buf_cin_sync
00195a58 00000028 B __gnu_internal::buf_cout_sync
00195a80 00000001 b std::__ioinit
00195a84 00000090 B std::wclog
00195b14 00000090 B std::wcerr
00195ba4 00000090 B std::wcout
00195c34 00000094 B std::wcin
00195cc8 0000008c B std::clog
00195d54 0000008c B std::cerr
00195de0 0000008c B std::cout
00195e6c 00000090 B std::cin
00195efc 00000004 B std::locale::id::_S_refcount
00195f00 00000004 B std::locale::facet::_S_once
00195f04 00000004 B std::locale::facet::_S_c_locale
00195f08 00000004 B std::locale::_S_once
00195f0c 00000004 B std::locale::_S_global
00195f10 00000004 B std::locale::_S_classic
00195f14 00000004 b guard variable for (anonymous namespace)::get_locale_cache_mutex()::locale_cache_mutex
00195f18 00000010 b (anonymous namespace)::get_locale_cache_mutex()::locale_cache_mutex
00195f28 00000010 V std::string::_Rep::_S_empty_rep_storage
00195f38 00000010 V std::basic_string<wchar_t, std::char_traits<wchar_t>, std::allocator<wchar_t> >::_Rep::_S_empty_rep_storage
00195f48 00000004 B std::ctype<wchar_t>::id
00195f4c 00000004 B std::ctype<char>::id
00195f50 00000004 V guard variable for std::__cxx11::collate<wchar_t>::id
00195f54 00000004 V guard variable for std::__cxx11::messages<wchar_t>::id
00195f58 00000004 V guard variable for std::__cxx11::time_get<wchar_t, std::istreambuf_iterator<wchar_t, std::char_traits<wchar_t> > >::id
00195f5c 00000004 V guard variable for std::__cxx11::numpunct<wchar_t>::id
00195f60 00000004 V guard variable for std::__cxx11::moneypunct<wchar_t, true>::id
00195f64 00000004 V guard variable for std::__cxx11::moneypunct<wchar_t, false>::id
00195f68 00000004 V guard variable for std::__cxx11::money_put<wchar_t, std::ostreambuf_iterator<wchar_t, std::char_traits<wchar_t> > >::id
00195f6c 00000004 V guard variable for std::__cxx11::money_get<wchar_t, std::istreambuf_iterator<wchar_t, std::char_traits<wchar_t> > >::id
00195f70 00000004 V std::__cxx11::collate<wchar_t>::id
00195f74 00000004 V std::__cxx11::messages<wchar_t>::id
00195f78 00000004 V std::__cxx11::time_get<wchar_t, std::istreambuf_iterator<wchar_t, std::char_traits<wchar_t> > >::id
00195f7c 00000004 V std::__cxx11::numpunct<wchar_t>::id
00195f80 00000004 V std::__cxx11::moneypunct<wchar_t, true>::id
00195f84 00000004 V std::__cxx11::moneypunct<wchar_t, false>::id
00195f88 00000004 V std::__cxx11::money_put<wchar_t, std::ostreambuf_iterator<wchar_t, std::char_traits<wchar_t> > >::id
00195f8c 00000004 V std::__cxx11::money_get<wchar_t, std::istreambuf_iterator<wchar_t, std::char_traits<wchar_t> > >::id
00195f90 00000004 B std::ios_base::Init::_S_refcount
00195f94 00000004 V guard variable for std::collate<char>::id
00195f98 00000004 V guard variable for std::messages<char>::id
00195f9c 00000004 V guard variable for std::time_get<char, std::istreambuf_iterator<char, std::char_traits<char> > >::id
00195fa0 00000004 V guard variable for std::time_put<char, std::ostreambuf_iterator<char, std::char_traits<char> > >::id
00195fa4 00000004 V guard variable for std::__timepunct<char>::id
00195fa8 00000004 V guard variable for std::numpunct<char>::id
00195fac 00000004 V guard variable for std::moneypunct<char, true>::id
00195fb0 00000004 V guard variable for std::moneypunct<char, false>::id
00195fb4 00000004 V guard variable for std::money_put<char, std::ostreambuf_iterator<char, std::char_traits<char> > >::id
00195fb8 00000004 V guard variable for std::money_get<char, std::istreambuf_iterator<char, std::char_traits<char> > >::id
00195fbc 00000004 V guard variable for std::num_put<char, std::ostreambuf_iterator<char, std::char_traits<char> > >::id
00195fc0 00000004 V guard variable for std::num_get<char, std::istreambuf_iterator<char, std::char_traits<char> > >::id
00195fc4 00000004 V std::collate<char>::id
00195fc8 00000004 V std::messages<char>::id
00195fcc 00000004 V std::time_get<char, std::istreambuf_iterator<char, std::char_traits<char> > >::id
00195fd0 00000004 V std::time_put<char, std::ostreambuf_iterator<char, std::char_traits<char> > >::id
00195fd4 00000004 V std::__timepunct<char>::id
00195fd8 00000004 V std::numpunct<char>::id
00195fdc 00000004 V std::moneypunct<char, true>::id
00195fe0 00000004 V std::moneypunct<char, false>::id
00195fe4 00000004 V std::money_put<char, std::ostreambuf_iterator<char, std::char_traits<char> > >::id
00195fe8 00000004 V std::money_get<char, std::istreambuf_iterator<char, std::char_traits<char> > >::id
00195fec 00000004 V std::num_put<char, std::ostreambuf_iterator<char, std::char_traits<char> > >::id
00195ff0 00000004 V std::num_get<char, std::istreambuf_iterator<char, std::char_traits<char> > >::id
00195ff8 000000c8 b (anonymous namespace)::timepunct_cache_w
001960c0 00000070 b (anonymous namespace)::moneypunct_cache_wf
00196130 00000070 b (anonymous namespace)::moneypunct_cache_wt
001961a0 00000128 b (anonymous namespace)::numpunct_cache_w
001962c8 000000c8 b (anonymous namespace)::timepunct_cache_c
00196390 00000044 b (anonymous namespace)::moneypunct_cache_cf
001963d4 00000044 b (anonymous namespace)::moneypunct_cache_ct
00196418 00000068 b (anonymous namespace)::numpunct_cache_c
00196480 00000008 b (anonymous namespace)::codecvt_c32_c8
00196488 00000008 b (anonymous namespace)::codecvt_c16_c8
00196490 00000008 b (anonymous namespace)::codecvt_c32
00196498 00000008 b (anonymous namespace)::codecvt_c16
001964a0 00000010 b (anonymous namespace)::messages_w
001964b0 00000008 b (anonymous namespace)::time_put_w
001964b8 00000008 b (anonymous namespace)::time_get_w
001964c0 00000014 b (anonymous namespace)::timepunct_w
001964d4 00000008 b (anonymous namespace)::money_put_w
001964dc 00000008 b (anonymous namespace)::money_get_w
001964e4 0000000c b (anonymous namespace)::moneypunct_wf
001964f0 0000000c b (anonymous namespace)::moneypunct_wt
001964fc 0000000c b (anonymous namespace)::codecvt_w
00196508 00000008 b (anonymous namespace)::num_put_w
00196510 00000008 b (anonymous namespace)::num_get_w
00196518 0000000c b (anonymous namespace)::numpunct_w
00196524 0000000c b (anonymous namespace)::collate_w
00196530 000004e0 b (anonymous namespace)::ctype_w
00196a10 00000010 b (anonymous namespace)::messages_c
00196a20 00000008 b (anonymous namespace)::time_put_c
00196a28 00000008 b (anonymous namespace)::time_get_c
00196a30 00000014 b (anonymous namespace)::timepunct_c
00196a44 00000008 b (anonymous namespace)::money_put_c
00196a4c 00000008 b (anonymous namespace)::money_get_c
00196a54 0000000c b (anonymous namespace)::moneypunct_cf
00196a60 0000000c b (anonymous namespace)::moneypunct_ct
00196a6c 0000000c b (anonymous namespace)::codecvt_c
00196a78 00000008 b (anonymous namespace)::num_put_c
00196a80 00000008 b (anonymous namespace)::num_get_c
00196a88 0000000c b (anonymous namespace)::numpunct_c
00196a94 0000000c b (anonymous namespace)::collate_c
00196aa0 00000220 b (anonymous namespace)::ctype_c
00196cc0 000000c0 b (anonymous namespace)::cache_vec
00196d80 000000c0 b (anonymous namespace)::facet_vec
00196e40 0000000c b (anonymous namespace)::name_c
00196e4c 00000018 b (anonymous namespace)::name_vec
00196e64 00000004 b (anonymous namespace)::c_locale
00196e68 00000014 b (anonymous namespace)::c_locale_impl
00196e7c 00000004 b guard variable for (anonymous namespace)::get_locale_mutex()::locale_mutex
00196e80 00000010 b (anonymous namespace)::get_locale_mutex()::locale_mutex
00196e90 00000004 V guard variable for std::collate<wchar_t>::id
00196e94 00000004 V guard variable for std::messages<wchar_t>::id
00196e98 00000004 V guard variable for std::time_get<wchar_t, std::istreambuf_iterator<wchar_t, std::char_traits<wchar_t> > >::id
00196e9c 00000004 V guard variable for std::time_put<wchar_t, std::ostreambuf_iterator<wchar_t, std::char_traits<wchar_t> > >::id
00196ea0 00000004 V guard variable for std::__timepunct<wchar_t>::id
00196ea4 00000004 V guard variable for std::numpunct<wchar_t>::id
00196ea8 00000004 V guard variable for std::moneypunct<wchar_t, true>::id
00196eac 00000004 V guard variable for std::moneypunct<wchar_t, false>::id
00196eb0 00000004 V guard variable for std::money_put<wchar_t, std::ostreambuf_iterator<wchar_t, std::char_traits<wchar_t> > >::id
00196eb4 00000004 V guard variable for std::money_get<wchar_t, std::istreambuf_iterator<wchar_t, std::char_traits<wchar_t> > >::id
00196eb8 00000004 V guard variable for std::num_put<wchar_t, std::ostreambuf_iterator<wchar_t, std::char_traits<wchar_t> > >::id
00196ebc 00000004 V guard variable for std::num_get<wchar_t, std::istreambuf_iterator<wchar_t, std::char_traits<wchar_t> > >::id
00196ec0 00000004 V std::collate<wchar_t>::id
00196ec4 00000004 V std::messages<wchar_t>::id
00196ec8 00000004 V std::time_get<wchar_t, std::istreambuf_iterator<wchar_t, std::char_traits<wchar_t> > >::id
00196ecc 00000004 V std::time_put<wchar_t, std::ostreambuf_iterator<wchar_t, std::char_traits<wchar_t> > >::id
00196ed0 00000004 V std::__timepunct<wchar_t>::id
00196ed4 00000004 V std::numpunct<wchar_t>::id
00196ed8 00000004 V std::moneypunct<wchar_t, true>::id
00196edc 00000004 V std::moneypunct<wchar_t, false>::id
00196ee0 00000004 V std::money_put<wchar_t, std::ostreambuf_iterator<wchar_t, std::char_traits<wchar_t> > >::id
00196ee4 00000004 V std::money_get<wchar_t, std::istreambuf_iterator<wchar_t, std::char_traits<wchar_t> > >::id
00196ee8 00000004 V std::num_put<wchar_t, std::ostreambuf_iterator<wchar_t, std::char_traits<wchar_t> > >::id
00196eec 00000004 V std::num_get<wchar_t, std::istreambuf_iterator<wchar_t, std::char_traits<wchar_t> > >::id
00196ef0 0000001c b (anonymous namespace)::emergency_pool
00196f0c 00000004 b init
00196f10 00000001 B __eh_globals_init::_S_init
00196f14 0000000c b (anonymous namespace)::eh_globals
00196f20 00000004 b (anonymous namespace)::get_static_cond()::once
00196f28 00000008 b (anonymous namespace)::fake_cond
00196f30 00000004 b (anonymous namespace)::static_cond
00196f34 00000004 b (anonymous namespace)::get_static_mutex()::once
00196f38 00000010 b (anonymous namespace)::fake_mutex
00196f48 00000004 b (anonymous namespace)::static_mutex
00196f4c 00000004 b (anonymous namespace)::__new_handler
00196f50 00000004 B std::codecvt<wchar_t, char, _mbstate_t>::id
00196f54 00000004 B std::codecvt<char, char, _mbstate_t>::id
00196f58 00000004 B std::codecvt<char32_t, char8_t, _mbstate_t>::id
00196f5c 00000004 B std::codecvt<char16_t, char8_t, _mbstate_t>::id
00196f60 00000004 B std::codecvt<char32_t, char, _mbstate_t>::id
00196f64 00000004 B std::codecvt<char16_t, char, _mbstate_t>::id
00196f68 00000010 b std::(anonymous namespace)::messages_w
00196f78 00000008 b std::(anonymous namespace)::time_get_w
00196f80 00000008 b std::(anonymous namespace)::money_put_w
00196f88 00000008 b std::(anonymous namespace)::money_get_w
00196f90 0000000c b std::(anonymous namespace)::moneypunct_wf
00196f9c 0000000c b std::(anonymous namespace)::moneypunct_wt
00196fa8 0000000c b std::(anonymous namespace)::numpunct_w
00196fb4 0000000c b std::(anonymous namespace)::collate_w
00196fc0 00000010 b std::(anonymous namespace)::messages_c
00196fd0 00000008 b std::(anonymous namespace)::time_get_c
00196fd8 00000008 b std::(anonymous namespace)::money_put_c
00196fe0 00000008 b std::(anonymous namespace)::money_get_c
00196fe8 0000000c b std::(anonymous namespace)::moneypunct_cf
00196ff4 0000000c b std::(anonymous namespace)::moneypunct_ct
00197000 0000000c b std::(anonymous namespace)::numpunct_c
0019700c 0000000c b std::(anonymous namespace)::collate_c
00197018 00000004 V guard variable for std::__cxx11::collate<char>::id
0019701c 00000004 V guard variable for std::__cxx11::messages<char>::id
00197020 00000004 V guard variable for std::__cxx11::time_get<char, std::istreambuf_iterator<char, std::char_traits<char> > >::id
00197024 00000004 V guard variable for std::__cxx11::numpunct<char>::id
00197028 00000004 V guard variable for std::__cxx11::moneypunct<char, true>::id
0019702c 00000004 V guard variable for std::__cxx11::moneypunct<char, false>::id
00197030 00000004 V guard variable for std::__cxx11::money_put<char, std::ostreambuf_iterator<char, std::char_traits<char> > >::id
00197034 00000004 V guard variable for std::__cxx11::money_get<char, std::istreambuf_iterator<char, std::char_traits<char> > >::id
00197038 00000004 V std::__cxx11::collate<char>::id
0019703c 00000004 V std::__cxx11::messages<char>::id
00197040 00000004 V std::__cxx11::time_get<char, std::istreambuf_iterator<char, std::char_traits<char> > >::id
00197044 00000004 V std::__cxx11::numpunct<char>::id
00197048 00000004 V std::__cxx11::moneypunct<char, true>::id
0019704c 00000004 V std::__cxx11::moneypunct<char, false>::id
00197050 00000004 V std::__cxx11::money_put<char, std::ostreambuf_iterator<char, std::char_traits<char> > >::id
00197054 00000004 V std::__cxx11::money_get<char, std::istreambuf_iterator<char, std::char_traits<char> > >::id
00197058 000000e0 b saved_categories.0
00197138 000000e0 b new_categories.1
00197218 0000000c b __sfp_recursive_mutex
00197228 00000168 B __sf
00197390 00000004 B __stdio_exit_handler
00197394 00000004 b __tz_mutex
00197398 00000028 B __malloc_current_mallinfo
001973c0 00000004 B __malloc_max_total_mem
001973c4 00000004 B __malloc_max_sbrked_mem
001973c8 00000004 B __malloc_top_pad
001973cc 00000004 b prev_tzenv
001973d0 0000000c b __tzname_dst
001973dc 0000000c b __tzname_std
001973e8 0000000c b __malloc_recursive_mutex
001973f4 00000004 B _timezone
001973f8 00000004 B _daylight
001973fc 0000000c b __env_recursive_mutex
00197408 00000004 b initial_env
0019740c 00000400 b temp_cwd
0019780c 00000004 b __hndl_lock
00197810 00000004 B fake_heap_start
00197814 00000004 B fake_heap_end
00197818 00000004 b heap_start.0
0019781c B __tls_start
00198424 B __bss_end__
00198424 A __end__
00198424 B __tls_end
