         w __cxa_pure_virtual
         w __deregister_frame_info
         w __gnu_Unwind_Find_exidx
         w __register_frame_info
         w pthread_cancel
         w pthread_cond_broadcast
         w pthread_cond_wait
         w pthread_getspecific
         w pthread_key_create
         w pthread_key_delete
         w pthread_mutex_lock
         w pthread_mutex_unlock
         w pthread_once
         w pthread_setspecific
         w userAppExit
         w userAppInit
00000000 00000802 B __ctru_dev_utf16_buf
00000000 A __sync_synchronize
00000000 b _TLS_MODULE_BASE_
00000000 a shift
00000000 a shift
00000804 00000401 B __ctru_dev_path_buf
00100000 A __start__
00100000 T _start
00100008 T __service_ptr
0010000c T __apt_appid
00100010 T __heap_size
00100014 T __linear_heap_size
00100018 T __system_arglist
0010001c T __system_runflags
00100020 t startup
00100058 t ClearMem
0010006c t ClrLoop
00100094 T _init
001000ac t .udivsi3_skip_div0_test
001000ac T __aeabi_uidiv
001000ac 000001ec T __udivsi3
00100298 00000020 T __aeabi_uidivmod
001002b8 T __aeabi_idiv
001002b8 00000220 T __divsi3
001002c0 t .divsi3_skip_div0_test
001004d8 00000020 T __aeabi_idivmod
001004f8 00000004 W __aeabi_idiv0
001004f8 00000004 W __aeabi_ldiv0
001004fc T __aeabi_ldivmod
001005d0 T __aeabi_uldivmod
0010060c 00000014 T __restore_core_regs
0010060c 00000014 T restore_core_regs
00100620 T __gnu_Unwind_Restore_VFP
00100628 T __gnu_Unwind_Save_VFP
00100630 T __gnu_Unwind_Restore_VFP_D
00100638 T __gnu_Unwind_Save_VFP_D
00100640 T __gnu_Unwind_Restore_VFP_D_16_to_31
00100648 T __gnu_Unwind_Save_VFP_D_16_to_31
00100650 T __gnu_Unwind_Restore_WMMXD
00100694 T __gnu_Unwind_Save_WMMXD
001006d8 T __gnu_Unwind_Restore_WMMXC
001006ec T __gnu_Unwind_Save_WMMXC
00100700 00000024 T ___Unwind_RaiseException
00100700 00000024 T _Unwind_RaiseException
00100724 00000024 T ___Unwind_Resume
00100724 00000024 T _Unwind_Resume
00100748 00000024 T ___Unwind_Resume_or_Rethrow
00100748 00000024 T _Unwind_Resume_or_Rethrow
0010076c 00000024 T ___Unwind_ForcedUnwind
0010076c 00000024 T _Unwind_ForcedUnwind
00100790 00000024 T ___Unwind_Backtrace
00100790 00000024 T _Unwind_Backtrace
001007c8 00000390 T strcmp
00100b50 T __aeabi_drsub
00100b58 000002b0 T __aeabi_dsub
00100b58 000002b0 T __subdf3
00100b5c 000002ac T __adddf3
00100b5c 000002ac T __aeabi_dadd
00100e08 00000024 T __aeabi_ui2d
00100e08 00000024 T __floatunsidf
00100e2c 00000028 T __aeabi_i2d
00100e2c 00000028 T __floatsidf
00100e54 00000048 T __aeabi_f2d
00100e54 00000048 T __extendsfdf2
00100e9c 00000074 T __aeabi_ul2d
00100e9c 00000074 T __floatundidf
00100eb0 00000060 T __aeabi_l2d
00100eb0 00000060 T __floatdidf
00100f10 t __do_global_dtors_aux
00100f60 t frame_dummy
00100f8c 00000008 W std::ctype<char>::do_widen(char) const
00100f94 00000004 T GameManager::GameManager(int)
00100f94 00000004 T GameManager::GameManager(int)
00100f98 000000d0 T GameManager::init()
00101068 00000018 T GameManager::exit()
00101080 00000030 T GameManager::update(int&)
001010b0 0000005c T main
0010110c 000001c8 T consoleDrawChar
001012d4 00000170 T consolePrintChar
00101444 00000c40 T con_write
00102084 00000110 t newRow
00102194 00000180 T consoleInit
00102314 000000cc t gfxPresentFramebuffer
001023e0 0000001c T gfxIsWide
001023fc 000000f8 T gfxSetScreenFormat
001024f4 00000010 T gfxSetDoubleBuffering
00102504 000000d8 T gfxInit
001025dc 00000010 T gfxInitDefault
001025ec 000000b8 T gfxExit
001026a4 000000a0 T gfxGetFramebuffer
00102744 00000100 T gfxFlushBuffers
00102844 00000050 T gfxSwapBuffers
00102894 00000050 T gfxSwapBuffersGpu
001028e4 00000074 t romfs_free
00102958 000000a0 T romfsUnmount
001029f8 00000180 t aptConvertScreenForCapture
00102b78 00000008 W aptDspSleep
00102b80 00000004 W aptDspWakeup
00102b84 00000004 W aptDspCancel
00102b88 00000138 T aptSendCommand
00102cc0 00000044 t aptExitProcess
00102d04 00000394 T aptExit
00103098 000000d8 T aptHandleSleep
00103170 00000084 T APT_SleepIfShellClosed
001031f4 00000078 T aptSetSleepAllowed
0010326c 00000084 T APT_UnlockTransition
001032f0 00000470 t aptEventHandler
00103760 000000bc T APT_ReceiveParameter
0010381c 000000b0 t aptReceiveParameter.constprop.0
001038d0 00000294 t aptScreenTransfer
00103b64 000002d0 t aptWaitForWakeUp.isra.0
00103e34 000000f4 T aptJumpToHomeMenu
00103f28 00000058 T aptMainLoop
00103f80 00000240 T aptInit
001041c0 00000090 T APT_CheckNew3DS
00104250 00000104 T fsInit
00104354 0000003c T fsExit
00104390 00000068 T fsExemptFromSession
001043f8 00000050 T fsUnexemptFromSession
00104448 000000cc T FSUSER_OpenFile
00104514 000000b8 T FSUSER_DeleteFile
001045cc 000000f4 T FSUSER_RenameFile
001046c0 000000b8 T FSUSER_DeleteDirectory
00104778 000000d0 T FSUSER_CreateFile
00104848 000000c0 T FSUSER_CreateDirectory
00104908 000000f4 T FSUSER_RenameDirectory
001049fc 000000b4 T FSUSER_OpenDirectory
00104ab0 00000090 T FSUSER_OpenArchive
00104b40 0000008c T FSUSER_CloseArchive
00104bcc 00000074 T FSUSER_GetSdmcArchiveResource
00104c40 00000064 T FSUSER_IsSdmcWritable
00104ca4 00000064 T FSFILE_Read
00104d08 0000006c T FSFILE_Write
00104d74 00000044 T FSFILE_GetSize
00104db8 00000028 T FSFILE_SetSize
00104de0 0000003c T FSFILE_Close
00104e1c 00000024 T FSFILE_Flush
00104e40 00000060 T FSDIR_Read
00104ea0 0000003c T FSDIR_Close
00104edc 00000c70 t gspHardwareInit
00105b4c 00000280 T gspInit
00105dcc 00000110 T gspExit
00105edc 00000010 T gspHasGpuRight
00105eec 000000a4 T gspPresentBuffer
00105f90 00000050 T gspWaitForEvent
00105fe0 00000004 W gxCmdQueueInterrupt
00105fe4 00000154 t gspEventThreadMain
00106138 00000050 T GSPGPU_FlushDataCache
00106188 00000034 T GSPGPU_SetLcdForceBlack
001061bc 00000080 T GSPGPU_AcquireRight
0010623c 0000005c T GSPGPU_ReleaseRight
00106298 0000007c T GSPGPU_ImportDisplayCaptureInfo
00106314 0000002c T GSPGPU_SaveVramSysArea
00106340 0000002c T GSPGPU_RestoreVramSysArea
0010636c 00000024 W hidShouldUseIrrst
00106390 000001cc T hidInit
0010655c 000000e8 T hidExit
00106644 000002a0 T hidScanInput
001068e4 00000010 T hidKeysDown
001068f4 000001a4 T irrstInit
00106a98 000000dc T irrstExit
00106b74 000000b4 T irrstScanInput
00106c28 00000024 T irrstKeysHeld
00106c4c 000000e8 T utf16_to_utf8
00106d34 000000c0 T utf8_to_utf16
00106df4 00000038 W __libctru_init
00106e2c 0000016c W __system_initArgv
00106f98 00000030 T __syscall_getreent
00106fc8 000000c4 T __syscall_clock_gettime
0010708c 00000004 T __syscall_lock_acquire
00107090 00000004 T __syscall_lock_release
00107094 00000004 T __syscall_lock_acquire_recursive
00107098 00000004 T __syscall_lock_release_recursive
0010709c 00000004 T __syscall_exit
001070a0 00000054 T initThreadVars
001070f4 00000080 T __system_initSyscalls
00107174 T svcControlMemory
00107194 T svcQueryMemory
001071c4 T svcExitProcess
001071cc T svcCreateThread
001071ec T svcExitThread
001071f4 T svcSleepThread
001071fc T svcReleaseMutex
00107204 T svcCreateEvent
00107218 T svcSignalEvent
00107220 T svcClearEvent
00107228 T svcMapMemoryBlock
00107230 T svcUnmapMemoryBlock
00107238 T svcCreateAddressArbiter
0010724c T svcArbitrateAddressNoTimeout
00107254 T svcCloseHandle
0010725c T svcWaitSynchronization
00107264 T svcWaitSynchronizationN
0010728c T svcDuplicateHandle
001072a0 T svcGetSystemTick
001072a8 T svcConnectToPort
001072bc T svcSendSyncRequest
001072c4 T svcGetResourceLimit
001072d8 T svcGetResourceLimitLimitValues
001072e0 T svcGetResourceLimitCurrentValues
001072e8 T svcBreak
001072f0 T __aeabi_read_tp
001072fc W initSystem
0010734c W __ctru_exit
00107360 00000024 t addrMapNodeComparator(rbtree_node const*, rbtree_node const*)
00107384 00000004 t addrMapNodeDestructor(rbtree_node*)
00107388 0000012c T linearMemAlign
001074b4 00000008 T linearAlloc
001074bc 0000005c T linearFree
00107518 00000088 T MemPool::CoalesceRight(MemBlock*)
001075a0 00000178 T MemPool::Allocate(MemChunk&, unsigned long, int)
00107718 00000118 T MemPool::Deallocate(MemChunk const&)
00107830 00000030 T MemPool::GetFreeSpace()
00107860 00000024 t addrMapNodeComparator(rbtree_node const*, rbtree_node const*)
00107884 00000004 t addrMapNodeDestructor(rbtree_node*)
00107888 00000248 T vramMemAlignAt
00107ad0 0000000c T vramAlloc
00107adc 00000094 T vramFree
00107b70 0000008c W envGetHandle
00107bfc 00000050 W envDestroyHandles
00107c4c 00000054 T osGetTimeRef
00107ca0 000000ec T osGetTime
00107d8c 00000034 T __ctru_speedup_config
00107dc0 00000164 T srvInit
00107f24 00000064 T srvExit
00107f88 00000060 T srvEnableNotification
00107fe8 000000a0 T srvGetServiceHandleDirect
00108088 00000048 T srvGetServiceHandle
001080d0 00000034 T srvSubscribe
00108104 00000060 T srvReceiveNotification
00108164 00000038 T srvPublishToSubscriber
0010819c 0000000c T __sync_init
001081a8 00000018 T __sync_fini
001081c0 00000028 T syncArbitrateAddress
001081e8 000000ac T LightLock_Lock
00108294 00000040 T LightLock_Unlock
001082d4 00000054 T RecursiveLock_Lock
00108328 00000054 T RecursiveLock_Unlock
0010837c 00000044 T LightEvent_Init
001083c0 000000b8 T LightEvent_Clear
00108478 000000dc T LightEvent_Signal
00108554 00000050 T LightEvent_TryWait
001085a4 000000ac T LightEvent_Wait
00108650 000001fc T threadCreate
0010884c 00000038 T threadFree
00108884 00000024 T threadJoin
001088a8 00000030 T threadGetCurrent
001088d8 00000040 T threadExit
00108918 00000020 t _thread_begin
00108938 00000090 t mappableFindAddressWithin
001089c8 00000028 T mappableInit
001089f0 0000007c T mappableAlloc
00108a6c 00000004 T mappableFree
00108a70 00000078 T ptmSysmInit
00108ae8 0000003c T ptmSysmExit
00108b24 00000034 T PTMSYSM_ConfigureNew3DSCPU
00108b58 0000000c T srvPmGetSessionHandle
00108b64 00000074 T rbtree_find
00108bd8 00000010 T rbtree_init
00108be8 00000198 t do_insert
00108d80 00000008 T rbtree_insert
00108d88 00000310 T rbtree_remove
00109098 00000090 T rbtree_rotate
00109128 00000054 T decode_utf16
0010917c 00000140 T decode_utf8
001092bc 00000054 T encode_utf16
00109310 000000e0 T encode_utf8
001093f0 000001e8 W __system_allocateHeaps
001095d8 00000030 W __appExit
00109608 00000030 W __appInit
00109638 00000090 W __libctru_exit
001096c8 00000014 t archive_link
001096dc 00000014 t archive_dirreset
001096f0 00000014 t archive_chmod
00109704 00000024 t error_cmp
00109728 00000050 t archive_translate_error
00109778 000000c0 t archive_seek
00109838 00000078 t _archiveInit.part.0
001098b0 000000d4 t archiveFindDevice.part.0
00109984 00000298 t archive_utf16path
00109c1c 00000098 t _archiveUnmountDeviceStruct.part.0
00109cb4 00000014 t archive_statvfs
00109cc8 00000014 t archive_fchmod
00109cdc 00000178 t _archiveMountDevice
00109e54 000000f8 t archive_diropen
00109f4c 000000ac t archive_fstat
00109ff8 00000074 t archive_fsync
0010a06c 00000074 t archive_close
0010a0e0 00000078 t archive_dirclose
0010a158 000000ec t sdmc_statvfs
0010a244 000000f8 t archive_chdir
0010a33c 0000008c t archive_ftruncate
0010a3c8 000000bc t archive_read
0010a484 000000a8 t archive_unlink
0010a52c 000000c0 t archive_rmdir
0010a5ec 000000d8 t archive_mkdir
0010a6c4 000001a0 t archive_stat
0010a864 00000164 t archive_dirnext
0010a9c8 0000013c t archive_write
0010ab08 00000254 t archive_open
0010ad5c 00000270 t archive_rename
0010afcc 000001c8 T archiveMountSdmc
0010b194 00000054 T archiveUnmountAll
0010b1e8 00000060 T rbtree_node_next
0010b248 0000000c t _GLOBAL__sub_I.00090__ZSt3cin
0010b254 0000000c t _GLOBAL__sub_D.00090__ZSt3cin
0010b260 00000530 t std::ios_base::Init::Init() [clone .part.0]
0010b790 00000070 T std::ios_base::Init::Init()
0010b790 00000070 T std::ios_base::Init::Init()
0010b800 000000bc T std::ios_base::Init::~Init()
0010b800 000000bc T std::ios_base::Init::~Init()
0010b8bc 0000000c W __gnu_cxx::__concurrence_lock_error::what() const
0010b8c8 0000000c W __gnu_cxx::__concurrence_unlock_error::what() const
0010b8d4 00000004 T std::locale::facet::~facet()
0010b8d4 00000004 T std::locale::facet::~facet()
0010b8d8 0000001c T std::locale::facet::~facet()
0010b8f4 00000020 W __gnu_cxx::__concurrence_lock_error::~__concurrence_lock_error()
0010b8f4 00000020 W __gnu_cxx::__concurrence_lock_error::~__concurrence_lock_error()
0010b914 00000028 W __gnu_cxx::__concurrence_lock_error::~__concurrence_lock_error()
0010b93c 00000020 W __gnu_cxx::__concurrence_unlock_error::~__concurrence_unlock_error()
0010b93c 00000020 W __gnu_cxx::__concurrence_unlock_error::~__concurrence_unlock_error()
0010b95c 00000028 W __gnu_cxx::__concurrence_unlock_error::~__concurrence_unlock_error()
0010b984 00000020 T std::locale::facet::_S_initialize_once()
0010b9a4 0000002c W __gnu_cxx::__throw_concurrence_unlock_error()
0010b9d0 0000005c T std::locale::locale(std::locale const&)
0010b9d0 0000005c T std::locale::locale(std::locale const&)
0010ba2c 00000008 T std::locale::locale(std::locale::_Impl*)
0010ba2c 00000008 T std::locale::locale(std::locale::_Impl*)
0010ba34 0000005c T std::locale::facet::_S_get_c_locale()
0010ba90 0000000c T std::locale::facet::_S_get_c_name()
0010ba9c 00000214 T std::locale::_Impl::~_Impl()
0010ba9c 00000214 T std::locale::_Impl::~_Impl()
0010bcb0 000000f0 T std::locale::operator=(std::locale const&)
0010bda0 0000009c T std::locale::~locale()
0010bda0 0000009c T std::locale::~locale()
0010be3c 000006f0 T std::locale::_Impl::_M_install_facet(std::locale::id const*, std::locale::facet const*)
0010c530 00000414 T std::locale::_Impl::_M_install_cache(std::locale::facet const*, unsigned int)
0010c944 0000008c T std::locale::id::_M_id() const
0010c9d0 00000050 T std::chrono::_V2::system_clock::now()
0010ca20 00000038 t std::__facet_shims::(anonymous namespace)::collate_shim<char>::do_compare(char const*, char const*, char const*, char const*) const
0010ca58 00000060 t std::__facet_shims::(anonymous namespace)::time_get_shim<char>::do_get_year(std::istreambuf_iterator<char, std::char_traits<char> >, std::istreambuf_iterator<char, std::char_traits<char> >, std::ios_base&, std::_Ios_Iostate&, tm*) const
0010cab8 00000060 t std::__facet_shims::(anonymous namespace)::time_get_shim<char>::do_get_monthname(std::istreambuf_iterator<char, std::char_traits<char> >, std::istreambuf_iterator<char, std::char_traits<char> >, std::ios_base&, std::_Ios_Iostate&, tm*) const
0010cb18 00000060 t std::__facet_shims::(anonymous namespace)::time_get_shim<char>::do_get_weekday(std::istreambuf_iterator<char, std::char_traits<char> >, std::istreambuf_iterator<char, std::char_traits<char> >, std::ios_base&, std::_Ios_Iostate&, tm*) const
0010cb78 00000060 t std::__facet_shims::(anonymous namespace)::time_get_shim<char>::do_get_date(std::istreambuf_iterator<char, std::char_traits<char> >, std::istreambuf_iterator<char, std::char_traits<char> >, std::ios_base&, std::_Ios_Iostate&, tm*) const
0010cbd8 00000060 t std::__facet_shims::(anonymous namespace)::time_get_shim<char>::do_get_time(std::istreambuf_iterator<char, std::char_traits<char> >, std::istreambuf_iterator<char, std::char_traits<char> >, std::ios_base&, std::_Ios_Iostate&, tm*) const
0010cc38 00000010 t std::__facet_shims::(anonymous namespace)::time_get_shim<char>::do_date_order() const
0010cc48 00000098 t std::__facet_shims::(anonymous namespace)::money_get_shim<char>::do_get(std::istreambuf_iterator<char, std::char_traits<char> >, std::istreambuf_iterator<char, std::char_traits<char> >, bool, std::ios_base&, std::_Ios_Iostate&, long double&) const
0010cce0 00000054 t std::__facet_shims::(anonymous namespace)::money_put_shim<char>::do_put(std::ostreambuf_iterator<char, std::char_traits<char> >, bool, std::ios_base&, char, long double) const
0010cd34 00000014 t std::__facet_shims::(anonymous namespace)::messages_shim<char>::do_close(int) const
0010cd48 00000030 t std::__facet_shims::(anonymous namespace)::messages_shim<char>::do_open(std::string const&, std::locale const&) const
0010cd78 00000038 t std::__facet_shims::(anonymous namespace)::collate_shim<wchar_t>::do_compare(wchar_t const*, wchar_t const*, wchar_t const*, wchar_t const*) const
0010cdb0 00000060 t std::__facet_shims::(anonymous namespace)::time_get_shim<wchar_t>::do_get_year(std::istreambuf_iterator<wchar_t, std::char_traits<wchar_t> >, std::istreambuf_iterator<wchar_t, std::char_traits<wchar_t> >, std::ios_base&, std::_Ios_Iostate&, tm*) const
0010ce10 00000060 t std::__facet_shims::(anonymous namespace)::time_get_shim<wchar_t>::do_get_monthname(std::istreambuf_iterator<wchar_t, std::char_traits<wchar_t> >, std::istreambuf_iterator<wchar_t, std::char_traits<wchar_t> >, std::ios_base&, std::_Ios_Iostate&, tm*) const
0010ce70 00000060 t std::__facet_shims::(anonymous namespace)::time_get_shim<wchar_t>::do_get_weekday(std::istreambuf_iterator<wchar_t, std::char_traits<wchar_t> >, std::istreambuf_iterator<wchar_t, std::char_traits<wchar_t> >, std::ios_base&, std::_Ios_Iostate&, tm*) const
0010ced0 00000060 t std::__facet_shims::(anonymous namespace)::time_get_shim<wchar_t>::do_get_date(std::istreambuf_iterator<wchar_t, std::char_traits<wchar_t> >, std::istreambuf_iterator<wchar_t, std::char_traits<wchar_t> >, std::ios_base&, std::_Ios_Iostate&, tm*) const
0010cf30 00000060 t std::__facet_shims::(anonymous namespace)::time_get_shim<wchar_t>::do_get_time(std::istreambuf_iterator<wchar_t, std::char_traits<wchar_t> >, std::istreambuf_iterator<wchar_t, std::char_traits<wchar_t> >, std::ios_base&, std::_Ios_Iostate&, tm*) const
0010cf90 00000010 t std::__facet_shims::(anonymous namespace)::time_get_shim<wchar_t>::do_date_order() const
0010cfa0 00000098 t std::__facet_shims::(anonymous namespace)::money_get_shim<wchar_t>::do_get(std::istreambuf_iterator<wchar_t, std::char_traits<wchar_t> >, std::istreambuf_iterator<wchar_t, std::char_traits<wchar_t> >, bool, std::ios_base&, std::_Ios_Iostate&, long double&) const
0010d038 00000054 t std::__facet_shims::(anonymous namespace)::money_put_shim<wchar_t>::do_put(std::ostreambuf_iterator<wchar_t, std::char_traits<wchar_t> >, bool, std::ios_base&, wchar_t, long double) const
0010d08c 00000014 t std::__facet_shims::(anonymous namespace)::messages_shim<wchar_t>::do_close(int) const
0010d0a0 00000030 t std::__facet_shims::(anonymous namespace)::messages_shim<wchar_t>::do_open(std::string const&, std::locale const&) const
0010d0d0 000000c0 t wchar_t* std::basic_string<wchar_t, std::char_traits<wchar_t>, std::allocator<wchar_t> >::_S_construct<wchar_t const*>(wchar_t const*, wchar_t const*, std::allocator<wchar_t> const&, std::forward_iterator_tag) [clone .isra.0]
0010d190 000000b0 t char* std::string::_S_construct<char const*>(char const*, char const*, std::allocator<char> const&, std::forward_iterator_tag) [clone .isra.0]
0010d240 00000074 t std::basic_string<wchar_t, std::char_traits<wchar_t>, std::allocator<wchar_t> >::~basic_string() [clone .isra.0]
0010d2b4 00000074 t std::basic_string<char, std::char_traits<char>, std::allocator<char> >::~basic_string() [clone .isra.0]
0010d328 00000090 t std::__facet_shims::(anonymous namespace)::collate_shim<wchar_t>::do_transform(wchar_t const*, wchar_t const*) const
0010d3b8 000000ac t std::__facet_shims::(anonymous namespace)::messages_shim<wchar_t>::do_get(int, int, int, std::basic_string<wchar_t, std::char_traits<wchar_t>, std::allocator<wchar_t> > const&) const
0010d468 00000134 t std::__facet_shims::(anonymous namespace)::money_put_shim<wchar_t>::do_put(std::ostreambuf_iterator<wchar_t, std::char_traits<wchar_t> >, bool, std::ios_base&, wchar_t, std::basic_string<wchar_t, std::char_traits<wchar_t>, std::allocator<wchar_t> > const&) const
0010d5a0 00000134 t std::__facet_shims::(anonymous namespace)::money_put_shim<char>::do_put(std::ostreambuf_iterator<char, std::char_traits<char> >, bool, std::ios_base&, char, std::string const&) const
0010d6d4 00000090 t std::__facet_shims::(anonymous namespace)::collate_shim<char>::do_transform(char const*, char const*) const
0010d764 000000ac t std::__facet_shims::(anonymous namespace)::messages_shim<char>::do_get(int, int, int, std::string const&) const
0010d810 00000078 t void std::__facet_shims::(anonymous namespace)::__destroy_string<wchar_t>(void*)
0010d888 00000078 t void std::__facet_shims::(anonymous namespace)::__destroy_string<char>(void*)
0010d900 0000007c t std::__facet_shims::(anonymous namespace)::messages_shim<char>::~messages_shim()
0010d900 0000007c t std::__facet_shims::(anonymous namespace)::messages_shim<char>::~messages_shim()
0010d97c 0000007c t std::__facet_shims::(anonymous namespace)::messages_shim<wchar_t>::~messages_shim()
0010d97c 0000007c t std::__facet_shims::(anonymous namespace)::messages_shim<wchar_t>::~messages_shim()
0010d9f8 00000088 t std::__facet_shims::(anonymous namespace)::money_get_shim<char>::~money_get_shim()
0010d9f8 00000088 t std::__facet_shims::(anonymous namespace)::money_get_shim<char>::~money_get_shim()
0010da80 00000088 t std::__facet_shims::(anonymous namespace)::money_put_shim<char>::~money_put_shim()
0010da80 00000088 t std::__facet_shims::(anonymous namespace)::money_put_shim<char>::~money_put_shim()
0010db08 00000088 t std::__facet_shims::(anonymous namespace)::money_get_shim<wchar_t>::~money_get_shim()
0010db08 00000088 t std::__facet_shims::(anonymous namespace)::money_get_shim<wchar_t>::~money_get_shim()
0010db90 00000088 t std::__facet_shims::(anonymous namespace)::money_put_shim<wchar_t>::~money_put_shim()
0010db90 00000088 t std::__facet_shims::(anonymous namespace)::money_put_shim<wchar_t>::~money_put_shim()
0010dc18 00000088 t std::__facet_shims::(anonymous namespace)::time_get_shim<char>::~time_get_shim()
0010dc18 00000088 t std::__facet_shims::(anonymous namespace)::time_get_shim<char>::~time_get_shim()
0010dca0 00000088 t std::__facet_shims::(anonymous namespace)::time_get_shim<wchar_t>::~time_get_shim()
0010dca0 00000088 t std::__facet_shims::(anonymous namespace)::time_get_shim<wchar_t>::~time_get_shim()
0010dd28 00000084 t std::__facet_shims::(anonymous namespace)::messages_shim<char>::~messages_shim()
0010ddac 00000084 t std::__facet_shims::(anonymous namespace)::messages_shim<wchar_t>::~messages_shim()
0010de30 00000088 t std::__facet_shims::(anonymous namespace)::numpunct_shim<char>::~numpunct_shim()
0010de30 00000088 t std::__facet_shims::(anonymous namespace)::numpunct_shim<char>::~numpunct_shim()
0010deb8 00000088 t std::__facet_shims::(anonymous namespace)::numpunct_shim<wchar_t>::~numpunct_shim()
0010deb8 00000088 t std::__facet_shims::(anonymous namespace)::numpunct_shim<wchar_t>::~numpunct_shim()
0010df40 00000090 t std::__facet_shims::(anonymous namespace)::money_get_shim<char>::~money_get_shim()
0010dfd0 00000090 t std::__facet_shims::(anonymous namespace)::money_put_shim<char>::~money_put_shim()
0010e060 00000090 t std::__facet_shims::(anonymous namespace)::money_get_shim<wchar_t>::~money_get_shim()
0010e0f0 00000090 t std::__facet_shims::(anonymous namespace)::money_put_shim<wchar_t>::~money_put_shim()
0010e180 00000090 t std::__facet_shims::(anonymous namespace)::time_get_shim<char>::~time_get_shim()
0010e210 00000090 t std::__facet_shims::(anonymous namespace)::time_get_shim<wchar_t>::~time_get_shim()
0010e2a0 00000090 t std::__facet_shims::(anonymous namespace)::collate_shim<char>::~collate_shim()
0010e2a0 00000090 t std::__facet_shims::(anonymous namespace)::collate_shim<char>::~collate_shim()
0010e330 00000090 t std::__facet_shims::(anonymous namespace)::collate_shim<wchar_t>::~collate_shim()
0010e330 00000090 t std::__facet_shims::(anonymous namespace)::collate_shim<wchar_t>::~collate_shim()
0010e3c0 00000090 t std::__facet_shims::(anonymous namespace)::numpunct_shim<char>::~numpunct_shim()
0010e450 00000090 t std::__facet_shims::(anonymous namespace)::numpunct_shim<wchar_t>::~numpunct_shim()
0010e4e0 00000098 t std::__facet_shims::(anonymous namespace)::collate_shim<char>::~collate_shim()
0010e578 00000098 t std::__facet_shims::(anonymous namespace)::collate_shim<wchar_t>::~collate_shim()
0010e610 00000094 t std::__facet_shims::(anonymous namespace)::moneypunct_shim<char, true>::~moneypunct_shim()
0010e610 00000094 t std::__facet_shims::(anonymous namespace)::moneypunct_shim<char, true>::~moneypunct_shim()
0010e6a4 00000094 t std::__facet_shims::(anonymous namespace)::moneypunct_shim<char, false>::~moneypunct_shim()
0010e6a4 00000094 t std::__facet_shims::(anonymous namespace)::moneypunct_shim<char, false>::~moneypunct_shim()
0010e738 00000094 t std::__facet_shims::(anonymous namespace)::moneypunct_shim<wchar_t, true>::~moneypunct_shim()
0010e738 00000094 t std::__facet_shims::(anonymous namespace)::moneypunct_shim<wchar_t, true>::~moneypunct_shim()
0010e7cc 00000094 t std::__facet_shims::(anonymous namespace)::moneypunct_shim<wchar_t, false>::~moneypunct_shim()
0010e7cc 00000094 t std::__facet_shims::(anonymous namespace)::moneypunct_shim<wchar_t, false>::~moneypunct_shim()
0010e860 0000009c t std::__facet_shims::(anonymous namespace)::moneypunct_shim<char, true>::~moneypunct_shim()
0010e8fc 0000009c t std::__facet_shims::(anonymous namespace)::moneypunct_shim<char, false>::~moneypunct_shim()
0010e998 0000009c t std::__facet_shims::(anonymous namespace)::moneypunct_shim<wchar_t, true>::~moneypunct_shim()
0010ea34 0000009c t std::__facet_shims::(anonymous namespace)::moneypunct_shim<wchar_t, false>::~moneypunct_shim()
0010ead0 00000168 t std::__facet_shims::(anonymous namespace)::money_get_shim<wchar_t>::do_get(std::istreambuf_iterator<wchar_t, std::char_traits<wchar_t> >, std::istreambuf_iterator<wchar_t, std::char_traits<wchar_t> >, bool, std::ios_base&, std::_Ios_Iostate&, std::basic_string<wchar_t, std::char_traits<wchar_t>, std::allocator<wchar_t> >&) const
0010ec38 00000168 t std::__facet_shims::(anonymous namespace)::money_get_shim<char>::do_get(std::istreambuf_iterator<char, std::char_traits<char> >, std::istreambuf_iterator<char, std::char_traits<char> >, bool, std::ios_base&, std::_Ios_Iostate&, std::string&) const
0010eda0 0000005c W std::locale::facet::_M_remove_reference() const
0010edfc 00000284 W void std::__facet_shims::__numpunct_fill_cache<char>(std::integral_constant<bool, false>, std::locale::facet const*, std::__numpunct_cache<char>*)
0010f080 000002b0 W void std::__facet_shims::__numpunct_fill_cache<wchar_t>(std::integral_constant<bool, false>, std::locale::facet const*, std::__numpunct_cache<wchar_t>*)
0010f330 0000002c W int std::__facet_shims::__collate_compare<char>(std::integral_constant<bool, false>, std::locale::facet const*, char const*, char const*, char const*, char const*)
0010f35c 0000002c W int std::__facet_shims::__collate_compare<wchar_t>(std::integral_constant<bool, false>, std::locale::facet const*, wchar_t const*, wchar_t const*, wchar_t const*, wchar_t const*)
0010f388 00000144 W void std::__facet_shims::__collate_transform<char>(std::integral_constant<bool, false>, std::locale::facet const*, std::__facet_shims::__any_string&, char const*, char const*)
0010f4cc 00000144 W void std::__facet_shims::__collate_transform<wchar_t>(std::integral_constant<bool, false>, std::locale::facet const*, std::__facet_shims::__any_string&, wchar_t const*, wchar_t const*)
0010f610 0000038c W void std::__facet_shims::__moneypunct_fill_cache<char, true>(std::integral_constant<bool, false>, std::locale::facet const*, std::__moneypunct_cache<char, true>*)
0010f99c 0000038c W void std::__facet_shims::__moneypunct_fill_cache<char, false>(std::integral_constant<bool, false>, std::locale::facet const*, std::__moneypunct_cache<char, false>*)
0010fd28 000003c8 W void std::__facet_shims::__moneypunct_fill_cache<wchar_t, true>(std::integral_constant<bool, false>, std::locale::facet const*, std::__moneypunct_cache<wchar_t, true>*)
001100f0 000003c8 W void std::__facet_shims::__moneypunct_fill_cache<wchar_t, false>(std::integral_constant<bool, false>, std::locale::facet const*, std::__moneypunct_cache<wchar_t, false>*)
001104b8 000000c4 W int std::__facet_shims::__messages_open<char>(std::integral_constant<bool, false>, std::locale::facet const*, char const*, unsigned int, std::locale const&)
0011057c 000000c4 W int std::__facet_shims::__messages_open<wchar_t>(std::integral_constant<bool, false>, std::locale::facet const*, char const*, unsigned int, std::locale const&)
00110640 000001e4 W void std::__facet_shims::__messages_get<char>(std::integral_constant<bool, false>, std::locale::facet const*, std::__facet_shims::__any_string&, int, int, int, char const*, unsigned int)
00110824 000001e4 W void std::__facet_shims::__messages_get<wchar_t>(std::integral_constant<bool, false>, std::locale::facet const*, std::__facet_shims::__any_string&, int, int, int, wchar_t const*, unsigned int)
00110a08 00000014 W void std::__facet_shims::__messages_close<char>(std::integral_constant<bool, false>, std::locale::facet const*, int)
00110a1c 00000014 W void std::__facet_shims::__messages_close<wchar_t>(std::integral_constant<bool, false>, std::locale::facet const*, int)
00110a30 00000010 W std::time_base::dateorder std::__facet_shims::__time_get_dateorder<char>(std::integral_constant<bool, false>, std::locale::facet const*)
00110a40 00000010 W std::time_base::dateorder std::__facet_shims::__time_get_dateorder<wchar_t>(std::integral_constant<bool, false>, std::locale::facet const*)
00110a50 0000013c W std::istreambuf_iterator<char, std::char_traits<char> > std::__facet_shims::__time_get<char>(std::integral_constant<bool, false>, std::locale::facet const*, std::istreambuf_iterator<char, std::char_traits<char> >, std::istreambuf_iterator<char, std::char_traits<char> >, std::ios_base&, std::_Ios_Iostate&, tm*, char)
00110b8c 0000013c W std::istreambuf_iterator<wchar_t, std::char_traits<wchar_t> > std::__facet_shims::__time_get<wchar_t>(std::integral_constant<bool, false>, std::locale::facet const*, std::istreambuf_iterator<wchar_t, std::char_traits<wchar_t> >, std::istreambuf_iterator<wchar_t, std::char_traits<wchar_t> >, std::ios_base&, std::_Ios_Iostate&, tm*, char)
00110cc8 00000230 W std::istreambuf_iterator<char, std::char_traits<char> > std::__facet_shims::__money_get<char>(std::integral_constant<bool, false>, std::locale::facet const*, std::istreambuf_iterator<char, std::char_traits<char> >, std::istreambuf_iterator<char, std::char_traits<char> >, bool, std::ios_base&, std::_Ios_Iostate&, long double*, std::__facet_shims::__any_string*)
00110ef8 00000230 W std::istreambuf_iterator<wchar_t, std::char_traits<wchar_t> > std::__facet_shims::__money_get<wchar_t>(std::integral_constant<bool, false>, std::locale::facet const*, std::istreambuf_iterator<wchar_t, std::char_traits<wchar_t> >, std::istreambuf_iterator<wchar_t, std::char_traits<wchar_t> >, bool, std::ios_base&, std::_Ios_Iostate&, long double*, std::__facet_shims::__any_string*)
00111128 00000158 W std::ostreambuf_iterator<char, std::char_traits<char> > std::__facet_shims::__money_put<char>(std::integral_constant<bool, false>, std::locale::facet const*, std::ostreambuf_iterator<char, std::char_traits<char> >, bool, std::ios_base&, char, long double, std::__facet_shims::__any_string const*)
00111280 00000154 W std::ostreambuf_iterator<wchar_t, std::char_traits<wchar_t> > std::__facet_shims::__money_put<wchar_t>(std::integral_constant<bool, false>, std::locale::facet const*, std::ostreambuf_iterator<wchar_t, std::char_traits<wchar_t> >, bool, std::ios_base&, wchar_t, long double, std::__facet_shims::__any_string const*)
001113d4 00000b70 T std::locale::facet::_M_cow_shim(std::locale::id const*) const
00111f44 00000088 W std::string::copy(char*, unsigned int, unsigned int) const
00111fcc 00000034 W std::string::swap(std::string&)
00112000 0000003c W std::string::find_first_not_of(char, unsigned int) const
0011203c 00000088 W std::string::_Rep::_S_create(unsigned int, unsigned int, std::allocator<char> const&)
001120c4 0000008c W std::string::_S_construct(unsigned int, char, std::allocator<char> const&)
00112150 00000004 W std::string::_Rep::_M_destroy(std::allocator<char> const&)
00112154 000001ec W std::string::_M_mutate(unsigned int, unsigned int, unsigned int)
00112340 00000080 W std::string::_M_leak_hard()
001123c0 0000006c W std::string::_M_replace_aux(unsigned int, unsigned int, unsigned int, char)
0011242c 0000005c W std::string::_M_replace_safe(unsigned int, unsigned int, char const*, unsigned int)
00112488 00000110 W std::string::assign(char const*, unsigned int)
00112598 00000090 W std::string::_Rep::_M_clone(std::allocator<char> const&, unsigned int)
00112628 000000ec W std::string::reserve(unsigned int)
00112714 000000f8 W std::string::append(std::string const&)
0011280c 0000014c W std::string::append(char const*, unsigned int)
00112958 000000e4 W std::string::append(unsigned int, char)
00112a3c 00000048 W std::string::resize(unsigned int, char)
00112a84 000000a4 W std::string::push_back(char)
00112b28 00000088 W std::basic_string<wchar_t, std::char_traits<wchar_t>, std::allocator<wchar_t> >::copy(wchar_t*, unsigned int, unsigned int) const
00112bb0 00000034 W std::basic_string<wchar_t, std::char_traits<wchar_t>, std::allocator<wchar_t> >::swap(std::basic_string<wchar_t, std::char_traits<wchar_t>, std::allocator<wchar_t> >&)
00112be4 0000008c W std::basic_string<wchar_t, std::char_traits<wchar_t>, std::allocator<wchar_t> >::_Rep::_S_create(unsigned int, unsigned int, std::allocator<wchar_t> const&)
00112c70 0000008c W std::basic_string<wchar_t, std::char_traits<wchar_t>, std::allocator<wchar_t> >::_S_construct(unsigned int, wchar_t, std::allocator<wchar_t> const&)
00112cfc 00000004 W std::basic_string<wchar_t, std::char_traits<wchar_t>, std::allocator<wchar_t> >::_Rep::_M_destroy(std::allocator<wchar_t> const&)
00112d00 000001fc W std::basic_string<wchar_t, std::char_traits<wchar_t>, std::allocator<wchar_t> >::_M_mutate(unsigned int, unsigned int, unsigned int)
00112efc 00000080 W std::basic_string<wchar_t, std::char_traits<wchar_t>, std::allocator<wchar_t> >::_M_leak_hard()
00112f7c 00000074 W std::basic_string<wchar_t, std::char_traits<wchar_t>, std::allocator<wchar_t> >::_M_replace_aux(unsigned int, unsigned int, unsigned int, wchar_t)
00112ff0 0000005c W std::basic_string<wchar_t, std::char_traits<wchar_t>, std::allocator<wchar_t> >::_M_replace_safe(unsigned int, unsigned int, wchar_t const*, unsigned int)
0011304c 00000110 W std::basic_string<wchar_t, std::char_traits<wchar_t>, std::allocator<wchar_t> >::assign(wchar_t const*, unsigned int)
0011315c 00000090 W std::basic_string<wchar_t, std::char_traits<wchar_t>, std::allocator<wchar_t> >::_Rep::_M_clone(std::allocator<wchar_t> const&, unsigned int)
001131ec 000000ec W std::basic_string<wchar_t, std::char_traits<wchar_t>, std::allocator<wchar_t> >::reserve(unsigned int)
001132d8 000000e8 W std::basic_string<wchar_t, std::char_traits<wchar_t>, std::allocator<wchar_t> >::append(std::basic_string<wchar_t, std::char_traits<wchar_t>, std::allocator<wchar_t> > const&)
001133c0 0000013c W std::basic_string<wchar_t, std::char_traits<wchar_t>, std::allocator<wchar_t> >::append(wchar_t const*, unsigned int)
001134fc 000000e4 W std::basic_string<wchar_t, std::char_traits<wchar_t>, std::allocator<wchar_t> >::append(unsigned int, wchar_t)
001135e0 00000048 W std::basic_string<wchar_t, std::char_traits<wchar_t>, std::allocator<wchar_t> >::resize(unsigned int, wchar_t)
00113628 00000098 W std::basic_string<wchar_t, std::char_traits<wchar_t>, std::allocator<wchar_t> >::push_back(wchar_t)
001136c0 00000008 W std::ctype<char>::do_narrow(char, char) const
001136c8 00000044 T std::ctype<char>::~ctype()
001136c8 00000044 T std::ctype<char>::~ctype()
0011370c 00000034 T std::ctype<wchar_t>::~ctype()
0011370c 00000034 T std::ctype<wchar_t>::~ctype()
00113740 0000003c W std::ctype<char>::do_narrow(char const*, char const*, char, char*) const
0011377c 00000024 W std::ctype<char>::do_widen(char const*, char const*, char*) const
001137a0 0000003c T std::ctype<wchar_t>::~ctype()
001137dc 0000004c T std::ctype<char>::~ctype()
00113828 00000094 T std::ctype<char>::_M_widen_init() const
001138bc 0000005c T std::ctype<wchar_t>::ctype(unsigned int)
001138bc 0000005c T std::ctype<wchar_t>::ctype(unsigned int)
00113918 0000001c T std::ctype<char>::do_toupper(char) const
00113934 00000018 T std::ctype<char>::do_tolower(char) const
0011394c 00000080 T std::ctype<char>::ctype(char const*, bool, unsigned int)
0011394c 00000080 T std::ctype<char>::ctype(char const*, bool, unsigned int)
001139cc 0000007c T std::ctype<char>::do_toupper(char*, char const*) const
00113a48 00000078 T std::ctype<char>::do_tolower(char*, char const*) const
00113ac0 00000060 T std::ctype<wchar_t>::do_is(char, wchar_t) const
00113b20 000000d4 T std::ctype<wchar_t>::_M_convert_to_wmask(char) const
00113bf4 00000008 T std::ctype<wchar_t>::do_toupper(wchar_t) const
00113bfc 00000044 T std::ctype<wchar_t>::do_toupper(wchar_t*, wchar_t const*) const
00113c40 00000008 T std::ctype<wchar_t>::do_tolower(wchar_t) const
00113c48 00000044 T std::ctype<wchar_t>::do_tolower(wchar_t*, wchar_t const*) const
00113c8c 00000088 T std::ctype<wchar_t>::do_is(wchar_t const*, wchar_t const*, char*) const
00113d14 000000d8 T std::ctype<wchar_t>::do_scan_is(char, wchar_t const*, wchar_t const*) const
00113dec 000000d0 T std::ctype<wchar_t>::do_scan_not(char, wchar_t const*, wchar_t const*) const
00113ebc 0000000c T std::ctype<wchar_t>::do_widen(char) const
00113ec8 0000003c T std::ctype<wchar_t>::do_widen(char const*, char const*, wchar_t*) const
00113f04 00000040 T std::ctype<wchar_t>::do_narrow(wchar_t, char) const
00113f44 000000b4 T std::ctype<wchar_t>::do_narrow(wchar_t const*, wchar_t const*, char, char*) const
00113ff8 000000b0 T std::ctype<wchar_t>::_M_initialize_ctype()
001140a8 00000038 t std::__facet_shims::(anonymous namespace)::collate_shim<char>::do_compare(char const*, char const*, char const*, char const*) const
001140e0 00000060 t std::__facet_shims::(anonymous namespace)::time_get_shim<char>::do_get_year(std::istreambuf_iterator<char, std::char_traits<char> >, std::istreambuf_iterator<char, std::char_traits<char> >, std::ios_base&, std::_Ios_Iostate&, tm*) const
00114140 00000060 t std::__facet_shims::(anonymous namespace)::time_get_shim<char>::do_get_monthname(std::istreambuf_iterator<char, std::char_traits<char> >, std::istreambuf_iterator<char, std::char_traits<char> >, std::ios_base&, std::_Ios_Iostate&, tm*) const
001141a0 00000060 t std::__facet_shims::(anonymous namespace)::time_get_shim<char>::do_get_weekday(std::istreambuf_iterator<char, std::char_traits<char> >, std::istreambuf_iterator<char, std::char_traits<char> >, std::ios_base&, std::_Ios_Iostate&, tm*) const
00114200 00000060 t std::__facet_shims::(anonymous namespace)::time_get_shim<char>::do_get_date(std::istreambuf_iterator<char, std::char_traits<char> >, std::istreambuf_iterator<char, std::char_traits<char> >, std::ios_base&, std::_Ios_Iostate&, tm*) const
00114260 00000060 t std::__facet_shims::(anonymous namespace)::time_get_shim<char>::do_get_time(std::istreambuf_iterator<char, std::char_traits<char> >, std::istreambuf_iterator<char, std::char_traits<char> >, std::ios_base&, std::_Ios_Iostate&, tm*) const
001142c0 00000010 t std::__facet_shims::(anonymous namespace)::time_get_shim<char>::do_date_order() const
001142d0 00000098 t std::__facet_shims::(anonymous namespace)::money_get_shim<char>::do_get(std::istreambuf_iterator<char, std::char_traits<char> >, std::istreambuf_iterator<char, std::char_traits<char> >, bool, std::ios_base&, std::_Ios_Iostate&, long double&) const
00114368 00000054 t std::__facet_shims::(anonymous namespace)::money_put_shim<char>::do_put(std::ostreambuf_iterator<char, std::char_traits<char> >, bool, std::ios_base&, char, long double) const
001143bc 00000014 t std::__facet_shims::(anonymous namespace)::messages_shim<char>::do_close(int) const
001143d0 00000030 t std::__facet_shims::(anonymous namespace)::messages_shim<char>::do_open(std::__cxx11::basic_string<char, std::char_traits<char>, std::allocator<char> > const&, std::locale const&) const
00114400 00000038 t std::__facet_shims::(anonymous namespace)::collate_shim<wchar_t>::do_compare(wchar_t const*, wchar_t const*, wchar_t const*, wchar_t const*) const
00114438 00000060 t std::__facet_shims::(anonymous namespace)::time_get_shim<wchar_t>::do_get_year(std::istreambuf_iterator<wchar_t, std::char_traits<wchar_t> >, std::istreambuf_iterator<wchar_t, std::char_traits<wchar_t> >, std::ios_base&, std::_Ios_Iostate&, tm*) const
00114498 00000060 t std::__facet_shims::(anonymous namespace)::time_get_shim<wchar_t>::do_get_monthname(std::istreambuf_iterator<wchar_t, std::char_traits<wchar_t> >, std::istreambuf_iterator<wchar_t, std::char_traits<wchar_t> >, std::ios_base&, std::_Ios_Iostate&, tm*) const
001144f8 00000060 t std::__facet_shims::(anonymous namespace)::time_get_shim<wchar_t>::do_get_weekday(std::istreambuf_iterator<wchar_t, std::char_traits<wchar_t> >, std::istreambuf_iterator<wchar_t, std::char_traits<wchar_t> >, std::ios_base&, std::_Ios_Iostate&, tm*) const
00114558 00000060 t std::__facet_shims::(anonymous namespace)::time_get_shim<wchar_t>::do_get_date(std::istreambuf_iterator<wchar_t, std::char_traits<wchar_t> >, std::istreambuf_iterator<wchar_t, std::char_traits<wchar_t> >, std::ios_base&, std::_Ios_Iostate&, tm*) const
001145b8 00000060 t std::__facet_shims::(anonymous namespace)::time_get_shim<wchar_t>::do_get_time(std::istreambuf_iterator<wchar_t, std::char_traits<wchar_t> >, std::istreambuf_iterator<wchar_t, std::char_traits<wchar_t> >, std::ios_base&, std::_Ios_Iostate&, tm*) const
00114618 00000010 t std::__facet_shims::(anonymous namespace)::time_get_shim<wchar_t>::do_date_order() const
00114628 00000098 t std::__facet_shims::(anonymous namespace)::money_get_shim<wchar_t>::do_get(std::istreambuf_iterator<wchar_t, std::char_traits<wchar_t> >, std::istreambuf_iterator<wchar_t, std::char_traits<wchar_t> >, bool, std::ios_base&, std::_Ios_Iostate&, long double&) const
001146c0 00000054 t std::__facet_shims::(anonymous namespace)::money_put_shim<wchar_t>::do_put(std::ostreambuf_iterator<wchar_t, std::char_traits<wchar_t> >, bool, std::ios_base&, wchar_t, long double) const
00114714 00000014 t std::__facet_shims::(anonymous namespace)::messages_shim<wchar_t>::do_close(int) const
00114728 00000030 t std::__facet_shims::(anonymous namespace)::messages_shim<wchar_t>::do_open(std::__cxx11::basic_string<char, std::char_traits<char>, std::allocator<char> > const&, std::locale const&) const
00114758 00000094 t void std::__cxx11::basic_string<char, std::char_traits<char>, std::allocator<char> >::_M_construct<char const*>(char const*, char const*, std::forward_iterator_tag) [clone .isra.0]
001147ec 00000098 t void std::__cxx11::basic_string<wchar_t, std::char_traits<wchar_t>, std::allocator<wchar_t> >::_M_construct<wchar_t const*>(wchar_t const*, wchar_t const*, std::forward_iterator_tag) [clone .isra.0]
00114884 000000bc t std::__facet_shims::(anonymous namespace)::collate_shim<wchar_t>::do_transform(wchar_t const*, wchar_t const*) const
00114940 000000d4 t std::__facet_shims::(anonymous namespace)::messages_shim<wchar_t>::do_get(int, int, int, std::__cxx11::basic_string<wchar_t, std::char_traits<wchar_t>, std::allocator<wchar_t> > const&) const
00114a18 000000bc t std::__facet_shims::(anonymous namespace)::money_put_shim<char>::do_put(std::ostreambuf_iterator<char, std::char_traits<char> >, bool, std::ios_base&, char, std::__cxx11::basic_string<char, std::char_traits<char>, std::allocator<char> > const&) const
00114ad8 000000bc t std::__facet_shims::(anonymous namespace)::money_put_shim<wchar_t>::do_put(std::ostreambuf_iterator<wchar_t, std::char_traits<wchar_t> >, bool, std::ios_base&, wchar_t, std::__cxx11::basic_string<wchar_t, std::char_traits<wchar_t>, std::allocator<wchar_t> > const&) const
00114b94 000000bc t std::__facet_shims::(anonymous namespace)::collate_shim<char>::do_transform(char const*, char const*) const
00114c50 000000d4 t std::__facet_shims::(anonymous namespace)::messages_shim<char>::do_get(int, int, int, std::__cxx11::basic_string<char, std::char_traits<char>, std::allocator<char> > const&) const
00114d24 00000014 t void std::__facet_shims::(anonymous namespace)::__destroy_string<wchar_t>(void*)
00114d38 00000014 t void std::__facet_shims::(anonymous namespace)::__destroy_string<char>(void*)
00114d4c 000001e0 t std::__facet_shims::(anonymous namespace)::money_get_shim<wchar_t>::do_get(std::istreambuf_iterator<wchar_t, std::char_traits<wchar_t> >, std::istreambuf_iterator<wchar_t, std::char_traits<wchar_t> >, bool, std::ios_base&, std::_Ios_Iostate&, std::__cxx11::basic_string<wchar_t, std::char_traits<wchar_t>, std::allocator<wchar_t> >&) const
00114f2c 0000007c t std::__facet_shims::(anonymous namespace)::messages_shim<char>::~messages_shim()
00114f2c 0000007c t std::__facet_shims::(anonymous namespace)::messages_shim<char>::~messages_shim()
00114fa8 0000007c t std::__facet_shims::(anonymous namespace)::messages_shim<wchar_t>::~messages_shim()
00114fa8 0000007c t std::__facet_shims::(anonymous namespace)::messages_shim<wchar_t>::~messages_shim()
00115024 00000088 t std::__facet_shims::(anonymous namespace)::money_get_shim<char>::~money_get_shim()
00115024 00000088 t std::__facet_shims::(anonymous namespace)::money_get_shim<char>::~money_get_shim()
001150ac 00000088 t std::__facet_shims::(anonymous namespace)::money_put_shim<char>::~money_put_shim()
001150ac 00000088 t std::__facet_shims::(anonymous namespace)::money_put_shim<char>::~money_put_shim()
00115134 00000088 t std::__facet_shims::(anonymous namespace)::money_get_shim<wchar_t>::~money_get_shim()
00115134 00000088 t std::__facet_shims::(anonymous namespace)::money_get_shim<wchar_t>::~money_get_shim()
001151bc 00000088 t std::__facet_shims::(anonymous namespace)::money_put_shim<wchar_t>::~money_put_shim()
001151bc 00000088 t std::__facet_shims::(anonymous namespace)::money_put_shim<wchar_t>::~money_put_shim()
00115244 00000088 t std::__facet_shims::(anonymous namespace)::time_get_shim<char>::~time_get_shim()
00115244 00000088 t std::__facet_shims::(anonymous namespace)::time_get_shim<char>::~time_get_shim()
001152cc 00000088 t std::__facet_shims::(anonymous namespace)::time_get_shim<wchar_t>::~time_get_shim()
001152cc 00000088 t std::__facet_shims::(anonymous namespace)::time_get_shim<wchar_t>::~time_get_shim()
00115354 00000084 t std::__facet_shims::(anonymous namespace)::messages_shim<char>::~messages_shim()
001153d8 00000084 t std::__facet_shims::(anonymous namespace)::messages_shim<wchar_t>::~messages_shim()
0011545c 00000088 t std::__facet_shims::(anonymous namespace)::numpunct_shim<char>::~numpunct_shim()
0011545c 00000088 t std::__facet_shims::(anonymous namespace)::numpunct_shim<char>::~numpunct_shim()
001154e4 00000088 t std::__facet_shims::(anonymous namespace)::numpunct_shim<wchar_t>::~numpunct_shim()
001154e4 00000088 t std::__facet_shims::(anonymous namespace)::numpunct_shim<wchar_t>::~numpunct_shim()
0011556c 00000090 t std::__facet_shims::(anonymous namespace)::money_get_shim<char>::~money_get_shim()
001155fc 00000090 t std::__facet_shims::(anonymous namespace)::money_put_shim<char>::~money_put_shim()
0011568c 00000090 t std::__facet_shims::(anonymous namespace)::money_get_shim<wchar_t>::~money_get_shim()
0011571c 00000090 t std::__facet_shims::(anonymous namespace)::money_put_shim<wchar_t>::~money_put_shim()
001157ac 00000090 t std::__facet_shims::(anonymous namespace)::time_get_shim<char>::~time_get_shim()
0011583c 00000090 t std::__facet_shims::(anonymous namespace)::time_get_shim<wchar_t>::~time_get_shim()
001158cc 00000090 t std::__facet_shims::(anonymous namespace)::collate_shim<char>::~collate_shim()
001158cc 00000090 t std::__facet_shims::(anonymous namespace)::collate_shim<char>::~collate_shim()
0011595c 00000090 t std::__facet_shims::(anonymous namespace)::collate_shim<wchar_t>::~collate_shim()
0011595c 00000090 t std::__facet_shims::(anonymous namespace)::collate_shim<wchar_t>::~collate_shim()
001159ec 00000090 t std::__facet_shims::(anonymous namespace)::numpunct_shim<char>::~numpunct_shim()
00115a7c 00000090 t std::__facet_shims::(anonymous namespace)::numpunct_shim<wchar_t>::~numpunct_shim()
00115b0c 00000098 t std::__facet_shims::(anonymous namespace)::collate_shim<char>::~collate_shim()
00115ba4 00000098 t std::__facet_shims::(anonymous namespace)::collate_shim<wchar_t>::~collate_shim()
00115c3c 00000094 t std::__facet_shims::(anonymous namespace)::moneypunct_shim<char, true>::~moneypunct_shim()
00115c3c 00000094 t std::__facet_shims::(anonymous namespace)::moneypunct_shim<char, true>::~moneypunct_shim()
00115cd0 00000094 t std::__facet_shims::(anonymous namespace)::moneypunct_shim<char, false>::~moneypunct_shim()
00115cd0 00000094 t std::__facet_shims::(anonymous namespace)::moneypunct_shim<char, false>::~moneypunct_shim()
00115d64 00000094 t std::__facet_shims::(anonymous namespace)::moneypunct_shim<wchar_t, true>::~moneypunct_shim()
00115d64 00000094 t std::__facet_shims::(anonymous namespace)::moneypunct_shim<wchar_t, true>::~moneypunct_shim()
00115df8 00000094 t std::__facet_shims::(anonymous namespace)::moneypunct_shim<wchar_t, false>::~moneypunct_shim()
00115df8 00000094 t std::__facet_shims::(anonymous namespace)::moneypunct_shim<wchar_t, false>::~moneypunct_shim()
00115e8c 0000009c t std::__facet_shims::(anonymous namespace)::moneypunct_shim<char, true>::~moneypunct_shim()
00115f28 0000009c t std::__facet_shims::(anonymous namespace)::moneypunct_shim<char, false>::~moneypunct_shim()
00115fc4 0000009c t std::__facet_shims::(anonymous namespace)::moneypunct_shim<wchar_t, true>::~moneypunct_shim()
00116060 0000009c t std::__facet_shims::(anonymous namespace)::moneypunct_shim<wchar_t, false>::~moneypunct_shim()
001160fc 00000268 t std::__facet_shims::(anonymous namespace)::money_get_shim<char>::do_get(std::istreambuf_iterator<char, std::char_traits<char> >, std::istreambuf_iterator<char, std::char_traits<char> >, bool, std::ios_base&, std::_Ios_Iostate&, std::__cxx11::basic_string<char, std::char_traits<char>, std::allocator<char> >&) const
00116364 00000180 W void std::__facet_shims::__numpunct_fill_cache<char>(std::integral_constant<bool, true>, std::locale::facet const*, std::__numpunct_cache<char>*)
001164e4 000001a8 W void std::__facet_shims::__numpunct_fill_cache<wchar_t>(std::integral_constant<bool, true>, std::locale::facet const*, std::__numpunct_cache<wchar_t>*)
0011668c 0000002c W int std::__facet_shims::__collate_compare<char>(std::integral_constant<bool, true>, std::locale::facet const*, char const*, char const*, char const*, char const*)
001166b8 0000002c W int std::__facet_shims::__collate_compare<wchar_t>(std::integral_constant<bool, true>, std::locale::facet const*, wchar_t const*, wchar_t const*, wchar_t const*, wchar_t const*)
001166e4 00000080 W void std::__facet_shims::__collate_transform<char>(std::integral_constant<bool, true>, std::locale::facet const*, std::__facet_shims::__any_string&, char const*, char const*)
00116764 00000080 W void std::__facet_shims::__collate_transform<wchar_t>(std::integral_constant<bool, true>, std::locale::facet const*, std::__facet_shims::__any_string&, wchar_t const*, wchar_t const*)
001167e4 00000234 W void std::__facet_shims::__moneypunct_fill_cache<char, true>(std::integral_constant<bool, true>, std::locale::facet const*, std::__moneypunct_cache<char, true>*)
00116a18 00000234 W void std::__facet_shims::__moneypunct_fill_cache<char, false>(std::integral_constant<bool, true>, std::locale::facet const*, std::__moneypunct_cache<char, false>*)
00116c4c 0000026c W void std::__facet_shims::__moneypunct_fill_cache<wchar_t, true>(std::integral_constant<bool, true>, std::locale::facet const*, std::__moneypunct_cache<wchar_t, true>*)
00116eb8 0000026c W void std::__facet_shims::__moneypunct_fill_cache<wchar_t, false>(std::integral_constant<bool, true>, std::locale::facet const*, std::__moneypunct_cache<wchar_t, false>*)
00117124 00000090 W int std::__facet_shims::__messages_open<char>(std::integral_constant<bool, true>, std::locale::facet const*, char const*, unsigned int, std::locale const&)
001171b4 00000090 W int std::__facet_shims::__messages_open<wchar_t>(std::integral_constant<bool, true>, std::locale::facet const*, char const*, unsigned int, std::locale const&)
00117244 000000fc W void std::__facet_shims::__messages_get<char>(std::integral_constant<bool, true>, std::locale::facet const*, std::__facet_shims::__any_string&, int, int, int, char const*, unsigned int)
00117340 000000fc W void std::__facet_shims::__messages_get<wchar_t>(std::integral_constant<bool, true>, std::locale::facet const*, std::__facet_shims::__any_string&, int, int, int, wchar_t const*, unsigned int)
0011743c 00000014 W void std::__facet_shims::__messages_close<char>(std::integral_constant<bool, true>, std::locale::facet const*, int)
00117450 00000014 W void std::__facet_shims::__messages_close<wchar_t>(std::integral_constant<bool, true>, std::locale::facet const*, int)
00117464 00000010 W std::time_base::dateorder std::__facet_shims::__time_get_dateorder<char>(std::integral_constant<bool, true>, std::locale::facet const*)
00117474 00000010 W std::time_base::dateorder std::__facet_shims::__time_get_dateorder<wchar_t>(std::integral_constant<bool, true>, std::locale::facet const*)
00117484 0000013c W std::istreambuf_iterator<char, std::char_traits<char> > std::__facet_shims::__time_get<char>(std::integral_constant<bool, true>, std::locale::facet const*, std::istreambuf_iterator<char, std::char_traits<char> >, std::istreambuf_iterator<char, std::char_traits<char> >, std::ios_base&, std::_Ios_Iostate&, tm*, char)
001175c0 0000013c W std::istreambuf_iterator<wchar_t, std::char_traits<wchar_t> > std::__facet_shims::__time_get<wchar_t>(std::integral_constant<bool, true>, std::locale::facet const*, std::istreambuf_iterator<wchar_t, std::char_traits<wchar_t> >, std::istreambuf_iterator<wchar_t, std::char_traits<wchar_t> >, std::ios_base&, std::_Ios_Iostate&, tm*, char)
001176fc 00000160 W std::istreambuf_iterator<char, std::char_traits<char> > std::__facet_shims::__money_get<char>(std::integral_constant<bool, true>, std::locale::facet const*, std::istreambuf_iterator<char, std::char_traits<char> >, std::istreambuf_iterator<char, std::char_traits<char> >, bool, std::ios_base&, std::_Ios_Iostate&, long double*, std::__facet_shims::__any_string*)
0011785c 00000160 W std::istreambuf_iterator<wchar_t, std::char_traits<wchar_t> > std::__facet_shims::__money_get<wchar_t>(std::integral_constant<bool, true>, std::locale::facet const*, std::istreambuf_iterator<wchar_t, std::char_traits<wchar_t> >, std::istreambuf_iterator<wchar_t, std::char_traits<wchar_t> >, bool, std::ios_base&, std::_Ios_Iostate&, long double*, std::__facet_shims::__any_string*)
001179bc 000001a0 W std::ostreambuf_iterator<char, std::char_traits<char> > std::__facet_shims::__money_put<char>(std::integral_constant<bool, true>, std::locale::facet const*, std::ostreambuf_iterator<char, std::char_traits<char> >, bool, std::ios_base&, char, long double, std::__facet_shims::__any_string const*)
00117b5c 00000124 W std::ostreambuf_iterator<wchar_t, std::char_traits<wchar_t> > std::__facet_shims::__money_put<wchar_t>(std::integral_constant<bool, true>, std::locale::facet const*, std::ostreambuf_iterator<wchar_t, std::char_traits<wchar_t> >, bool, std::ios_base&, wchar_t, long double, std::__facet_shims::__any_string const*)
00117c80 00000b70 T std::locale::facet::_M_sso_shim(std::locale::id const*) const
001187f0 0000000c W std::__cxx11::moneypunct<wchar_t, false>::do_decimal_point() const
001187fc 0000000c W std::__cxx11::moneypunct<wchar_t, false>::do_thousands_sep() const
00118808 0000000c W std::__cxx11::moneypunct<wchar_t, false>::do_frac_digits() const
00118814 00000014 W std::__cxx11::moneypunct<wchar_t, false>::do_pos_format() const
00118828 00000014 W std::__cxx11::moneypunct<wchar_t, false>::do_neg_format() const
0011883c 0000000c W std::__cxx11::moneypunct<wchar_t, true>::do_decimal_point() const
00118848 0000000c W std::__cxx11::moneypunct<wchar_t, true>::do_thousands_sep() const
00118854 0000000c W std::__cxx11::moneypunct<wchar_t, true>::do_frac_digits() const
00118860 00000014 W std::__cxx11::moneypunct<wchar_t, true>::do_pos_format() const
00118874 00000014 W std::__cxx11::moneypunct<wchar_t, true>::do_neg_format() const
00118888 0000000c W std::__cxx11::numpunct<wchar_t>::do_decimal_point() const
00118894 0000000c W std::__cxx11::numpunct<wchar_t>::do_thousands_sep() const
001188a0 00000008 W std::__cxx11::time_get<wchar_t, std::istreambuf_iterator<wchar_t, std::char_traits<wchar_t> > >::do_date_order() const
001188a8 00000008 W std::__cxx11::messages<wchar_t>::do_open(std::__cxx11::basic_string<char, std::char_traits<char>, std::allocator<char> > const&, std::locale const&) const
001188b0 00000004 W std::__cxx11::messages<wchar_t>::do_close(int) const
001188b4 00000020 W std::__cxx11::collate<wchar_t>::do_hash(wchar_t const*, wchar_t const*) const
001188d4 00000020 W std::__cxx11::money_get<wchar_t, std::istreambuf_iterator<wchar_t, std::char_traits<wchar_t> > >::~money_get()
001188d4 00000020 W std::__cxx11::money_get<wchar_t, std::istreambuf_iterator<wchar_t, std::char_traits<wchar_t> > >::~money_get()
001188f4 00000028 W std::__cxx11::money_get<wchar_t, std::istreambuf_iterator<wchar_t, std::char_traits<wchar_t> > >::~money_get()
0011891c 00000020 W std::__cxx11::money_put<wchar_t, std::ostreambuf_iterator<wchar_t, std::char_traits<wchar_t> > >::~money_put()
0011891c 00000020 W std::__cxx11::money_put<wchar_t, std::ostreambuf_iterator<wchar_t, std::char_traits<wchar_t> > >::~money_put()
0011893c 00000028 W std::__cxx11::money_put<wchar_t, std::ostreambuf_iterator<wchar_t, std::char_traits<wchar_t> > >::~money_put()
00118964 00000020 W std::__cxx11::time_get<wchar_t, std::istreambuf_iterator<wchar_t, std::char_traits<wchar_t> > >::~time_get()
00118964 00000020 W std::__cxx11::time_get<wchar_t, std::istreambuf_iterator<wchar_t, std::char_traits<wchar_t> > >::~time_get()
00118984 00000028 W std::__cxx11::time_get<wchar_t, std::istreambuf_iterator<wchar_t, std::char_traits<wchar_t> > >::~time_get()
001189ac 00000028 W std::__cxx11::messages<wchar_t>::~messages()
001189ac 00000028 W std::__cxx11::messages<wchar_t>::~messages()
001189d4 0000001c W std::__cxx11::messages<wchar_t>::~messages()
001189f0 00000028 W std::__cxx11::collate<wchar_t>::~collate()
001189f0 00000028 W std::__cxx11::collate<wchar_t>::~collate()
00118a18 00000098 t void std::__cxx11::basic_string<wchar_t, std::char_traits<wchar_t>, std::allocator<wchar_t> >::_M_construct<wchar_t const*>(wchar_t const*, wchar_t const*, std::forward_iterator_tag) [clone .isra.0]
00118ab0 00000030 W std::__cxx11::collate<wchar_t>::~collate()
00118ae0 000000c0 W std::__cxx11::moneypunct<wchar_t, false>::do_grouping() const
00118ba0 000000c0 W std::__cxx11::moneypunct<wchar_t, true>::do_grouping() const
00118c60 000000c0 W std::__cxx11::numpunct<wchar_t>::do_grouping() const
00118d20 00000058 W std::__cxx11::moneypunct<wchar_t, false>::do_curr_symbol() const
00118d78 00000058 W std::__cxx11::moneypunct<wchar_t, false>::do_positive_sign() const
00118dd0 00000058 W std::__cxx11::moneypunct<wchar_t, false>::do_negative_sign() const
00118e28 00000058 W std::__cxx11::moneypunct<wchar_t, true>::do_curr_symbol() const
00118e80 00000058 W std::__cxx11::moneypunct<wchar_t, true>::do_positive_sign() const
00118ed8 00000058 W std::__cxx11::moneypunct<wchar_t, true>::do_negative_sign() const
00118f30 00000058 W std::__cxx11::numpunct<wchar_t>::do_truename() const
00118f88 00000058 W std::__cxx11::numpunct<wchar_t>::do_falsename() const
00118fe0 000000f8 W std::__cxx11::collate<wchar_t>::do_compare(wchar_t const*, wchar_t const*, wchar_t const*, wchar_t const*) const
001190d8 000002d8 W std::__cxx11::collate<wchar_t>::do_transform(wchar_t const*, wchar_t const*) const
001193b0 000000d4 W std::__convert_from_v(int* const&, char*, int, char const*, ...)
00119484 000012b4 W std::istreambuf_iterator<wchar_t, std::char_traits<wchar_t> > std::__cxx11::money_get<wchar_t, std::istreambuf_iterator<wchar_t, std::char_traits<wchar_t> > >::_M_extract<true>(std::istreambuf_iterator<wchar_t, std::char_traits<wchar_t> >, std::istreambuf_iterator<wchar_t, std::char_traits<wchar_t> >, std::ios_base&, std::_Ios_Iostate&, std::__cxx11::basic_string<char, std::char_traits<char>, std::allocator<char> >&) const
0011a738 000012b4 W std::istreambuf_iterator<wchar_t, std::char_traits<wchar_t> > std::__cxx11::money_get<wchar_t, std::istreambuf_iterator<wchar_t, std::char_traits<wchar_t> > >::_M_extract<false>(std::istreambuf_iterator<wchar_t, std::char_traits<wchar_t> >, std::istreambuf_iterator<wchar_t, std::char_traits<wchar_t> >, std::ios_base&, std::_Ios_Iostate&, std::__cxx11::basic_string<char, std::char_traits<char>, std::allocator<char> >&) const
0011b9ec 000000cc W std::__cxx11::money_get<wchar_t, std::istreambuf_iterator<wchar_t, std::char_traits<wchar_t> > >::do_get(std::istreambuf_iterator<wchar_t, std::char_traits<wchar_t> >, std::istreambuf_iterator<wchar_t, std::char_traits<wchar_t> >, bool, std::ios_base&, std::_Ios_Iostate&, long double&) const
0011bab8 0000013c W std::__cxx11::money_get<wchar_t, std::istreambuf_iterator<wchar_t, std::char_traits<wchar_t> > >::do_get(std::istreambuf_iterator<wchar_t, std::char_traits<wchar_t> >, std::istreambuf_iterator<wchar_t, std::char_traits<wchar_t> >, bool, std::ios_base&, std::_Ios_Iostate&, std::__cxx11::basic_string<wchar_t, std::char_traits<wchar_t>, std::allocator<wchar_t> >&) const
0011bbf4 00000740 W std::ostreambuf_iterator<wchar_t, std::char_traits<wchar_t> > std::__cxx11::money_put<wchar_t, std::ostreambuf_iterator<wchar_t, std::char_traits<wchar_t> > >::_M_insert<true>(std::ostreambuf_iterator<wchar_t, std::char_traits<wchar_t> >, std::ios_base&, wchar_t, std::__cxx11::basic_string<wchar_t, std::char_traits<wchar_t>, std::allocator<wchar_t> > const&) const
0011c334 00000740 W std::ostreambuf_iterator<wchar_t, std::char_traits<wchar_t> > std::__cxx11::money_put<wchar_t, std::ostreambuf_iterator<wchar_t, std::char_traits<wchar_t> > >::_M_insert<false>(std::ostreambuf_iterator<wchar_t, std::char_traits<wchar_t> >, std::ios_base&, wchar_t, std::__cxx11::basic_string<wchar_t, std::char_traits<wchar_t>, std::allocator<wchar_t> > const&) const
0011ca74 00000188 W std::__cxx11::money_put<wchar_t, std::ostreambuf_iterator<wchar_t, std::char_traits<wchar_t> > >::do_put(std::ostreambuf_iterator<wchar_t, std::char_traits<wchar_t> >, bool, std::ios_base&, wchar_t, long double) const
0011cbfc 00000054 W std::__cxx11::money_put<wchar_t, std::ostreambuf_iterator<wchar_t, std::char_traits<wchar_t> > >::do_put(std::ostreambuf_iterator<wchar_t, std::char_traits<wchar_t> >, bool, std::ios_base&, wchar_t, std::__cxx11::basic_string<wchar_t, std::char_traits<wchar_t>, std::allocator<wchar_t> > const&) const
0011cc50 00000280 W std::__cxx11::time_get<wchar_t, std::istreambuf_iterator<wchar_t, std::char_traits<wchar_t> > >::_M_extract_num(std::istreambuf_iterator<wchar_t, std::char_traits<wchar_t> >, std::istreambuf_iterator<wchar_t, std::char_traits<wchar_t> >, int&, int, int, unsigned int, std::ios_base&, std::_Ios_Iostate&) const
0011ced0 0000066c W std::__cxx11::time_get<wchar_t, std::istreambuf_iterator<wchar_t, std::char_traits<wchar_t> > >::do_get_year(std::istreambuf_iterator<wchar_t, std::char_traits<wchar_t> >, std::istreambuf_iterator<wchar_t, std::char_traits<wchar_t> >, std::ios_base&, std::_Ios_Iostate&, tm*) const
0011d53c 00000db8 W std::__cxx11::time_get<wchar_t, std::istreambuf_iterator<wchar_t, std::char_traits<wchar_t> > >::_M_extract_name(std::istreambuf_iterator<wchar_t, std::char_traits<wchar_t> >, std::istreambuf_iterator<wchar_t, std::char_traits<wchar_t> >, int&, wchar_t const**, unsigned int, std::ios_base&, std::_Ios_Iostate&) const
0011e2f4 00000608 W std::__cxx11::time_get<wchar_t, std::istreambuf_iterator<wchar_t, std::char_traits<wchar_t> > >::_M_extract_wday_or_month(std::istreambuf_iterator<wchar_t, std::char_traits<wchar_t> >, std::istreambuf_iterator<wchar_t, std::char_traits<wchar_t> >, int&, wchar_t const**, unsigned int, std::ios_base&, std::_Ios_Iostate&) const
0011e8fc 00000250 W std::__cxx11::time_get<wchar_t, std::istreambuf_iterator<wchar_t, std::char_traits<wchar_t> > >::do_get_weekday(std::istreambuf_iterator<wchar_t, std::char_traits<wchar_t> >, std::istreambuf_iterator<wchar_t, std::char_traits<wchar_t> >, std::ios_base&, std::_Ios_Iostate&, tm*) const
0011eb4c 000002c8 W std::__cxx11::time_get<wchar_t, std::istreambuf_iterator<wchar_t, std::char_traits<wchar_t> > >::do_get_monthname(std::istreambuf_iterator<wchar_t, std::char_traits<wchar_t> >, std::istreambuf_iterator<wchar_t, std::char_traits<wchar_t> >, std::ios_base&, std::_Ios_Iostate&, tm*) const
0011ee14 0000003c W std::__cxx11::messages<wchar_t>::messages(unsigned int)
0011ee14 0000003c W std::__cxx11::messages<wchar_t>::messages(unsigned int)
0011ee50 0000007c W std::istreambuf_iterator<wchar_t, std::char_traits<wchar_t> >::_M_get() const
0011eecc 00001e40 W std::__cxx11::time_get<wchar_t, std::istreambuf_iterator<wchar_t, std::char_traits<wchar_t> > >::_M_extract_via_format(std::istreambuf_iterator<wchar_t, std::char_traits<wchar_t> >, std::istreambuf_iterator<wchar_t, std::char_traits<wchar_t> >, std::ios_base&, std::_Ios_Iostate&, tm*, wchar_t const*, std::__time_get_state&) const
0011eecc 00001e40 t std::__cxx11::time_get<wchar_t, std::istreambuf_iterator<wchar_t, std::char_traits<wchar_t> > >::_M_extract_via_format(std::istreambuf_iterator<wchar_t, std::char_traits<wchar_t> >, std::istreambuf_iterator<wchar_t, std::char_traits<wchar_t> >, std::ios_base&, std::_Ios_Iostate&, tm*, wchar_t const*, std::__time_get_state&) const [clone .localalias]
00120d0c 000001c8 W std::__cxx11::time_get<wchar_t, std::istreambuf_iterator<wchar_t, std::char_traits<wchar_t> > >::do_get_time(std::istreambuf_iterator<wchar_t, std::char_traits<wchar_t> >, std::istreambuf_iterator<wchar_t, std::char_traits<wchar_t> >, std::ios_base&, std::_Ios_Iostate&, tm*) const
00120ed4 000001c8 W std::__cxx11::time_get<wchar_t, std::istreambuf_iterator<wchar_t, std::char_traits<wchar_t> > >::do_get_date(std::istreambuf_iterator<wchar_t, std::char_traits<wchar_t> >, std::istreambuf_iterator<wchar_t, std::char_traits<wchar_t> >, std::ios_base&, std::_Ios_Iostate&, tm*) const
0012109c 000001c8 W std::__cxx11::time_get<wchar_t, std::istreambuf_iterator<wchar_t, std::char_traits<wchar_t> > >::do_get(std::istreambuf_iterator<wchar_t, std::char_traits<wchar_t> >, std::istreambuf_iterator<wchar_t, std::char_traits<wchar_t> >, std::ios_base&, std::_Ios_Iostate&, tm*, char, char) const
00121264 000000a4 t _GLOBAL__sub_I__ZNSt12ctype_bynameIwEC2ERKNSt7__cxx1112basic_stringIcSt11char_traitsIcESaIcEEEj
00121308 00000020 W __gnu_cxx::stdio_sync_filebuf<char, std::char_traits<char> >::~stdio_sync_filebuf()
00121308 00000020 W __gnu_cxx::stdio_sync_filebuf<char, std::char_traits<char> >::~stdio_sync_filebuf()
00121328 00000028 W __gnu_cxx::stdio_sync_filebuf<char, std::char_traits<char> >::~stdio_sync_filebuf()
00121350 00000020 W __gnu_cxx::stdio_sync_filebuf<wchar_t, std::char_traits<wchar_t> >::~stdio_sync_filebuf()
00121350 00000020 W __gnu_cxx::stdio_sync_filebuf<wchar_t, std::char_traits<wchar_t> >::~stdio_sync_filebuf()
00121370 00000028 W __gnu_cxx::stdio_sync_filebuf<wchar_t, std::char_traits<wchar_t> >::~stdio_sync_filebuf()
00121398 00000018 W __gnu_cxx::stdio_sync_filebuf<char, std::char_traits<char> >::uflow()
001213b0 0000001c W __gnu_cxx::stdio_sync_filebuf<char, std::char_traits<char> >::underflow()
001213cc 00000038 W __gnu_cxx::stdio_sync_filebuf<char, std::char_traits<char> >::pbackfail(int)
00121404 00000008 W __gnu_cxx::stdio_sync_filebuf<char, std::char_traits<char> >::sync()
0012140c 00000008 W __gnu_cxx::stdio_sync_filebuf<wchar_t, std::char_traits<wchar_t> >::sync()
00121418 00000078 W __gnu_cxx::stdio_sync_filebuf<char, std::char_traits<char> >::seekoff(long long, std::_Ios_Seekdir, std::_Ios_Openmode)
00121490 00000078 W __gnu_cxx::stdio_sync_filebuf<wchar_t, std::char_traits<wchar_t> >::seekoff(long long, std::_Ios_Seekdir, std::_Ios_Openmode)
00121508 00000018 W __gnu_cxx::stdio_sync_filebuf<wchar_t, std::char_traits<wchar_t> >::uflow()
00121520 00000068 W __gnu_cxx::stdio_sync_filebuf<wchar_t, std::char_traits<wchar_t> >::xsgetn(wchar_t*, int)
00121588 0000001c W __gnu_cxx::stdio_sync_filebuf<wchar_t, std::char_traits<wchar_t> >::underflow()
001215a4 00000048 W __gnu_cxx::stdio_sync_filebuf<wchar_t, std::char_traits<wchar_t> >::pbackfail(unsigned int)
001215ec 0000004c W __gnu_cxx::stdio_sync_filebuf<wchar_t, std::char_traits<wchar_t> >::xsputn(wchar_t const*, int)
00121638 00000014 W __gnu_cxx::stdio_sync_filebuf<char, std::char_traits<char> >::xsputn(char const*, int)
0012164c 00000034 W __gnu_cxx::stdio_sync_filebuf<char, std::char_traits<char> >::xsgetn(char*, int)
00121680 00000034 W __gnu_cxx::stdio_sync_filebuf<wchar_t, std::char_traits<wchar_t> >::overflow(unsigned int)
001216b4 00000034 W __gnu_cxx::stdio_sync_filebuf<char, std::char_traits<char> >::overflow(int)
001216e8 000000ac W __gnu_cxx::stdio_sync_filebuf<wchar_t, std::char_traits<wchar_t> >::seekpos(std::fpos<_mbstate_t>, std::_Ios_Openmode)
00121798 000000ac W __gnu_cxx::stdio_sync_filebuf<char, std::char_traits<char> >::seekpos(std::fpos<_mbstate_t>, std::_Ios_Openmode)
00121844 0000002c T std::__throw_bad_cast()
00121870 00000040 T std::__throw_logic_error(char const*)
001218b0 00000040 T std::__throw_length_error(char const*)
001218f0 00000040 T std::__throw_out_of_range(char const*)
00121930 00000010 T std::__throw_out_of_range_fmt(char const*, ...)
00121940 00000040 T std::__throw_runtime_error(char const*)
00121980 00000020 W std::basic_ios<char, std::char_traits<char> >::~basic_ios()
00121980 00000020 W std::basic_ios<char, std::char_traits<char> >::~basic_ios()
001219a0 00000020 W std::basic_ios<wchar_t, std::char_traits<wchar_t> >::~basic_ios()
001219a0 00000020 W std::basic_ios<wchar_t, std::char_traits<wchar_t> >::~basic_ios()
001219c0 00000028 W std::basic_ios<char, std::char_traits<char> >::~basic_ios()
001219e8 00000028 W std::basic_ios<wchar_t, std::char_traits<wchar_t> >::~basic_ios()
00121a10 0000002c W std::basic_ios<char, std::char_traits<char> >::clear(std::_Ios_Iostate)
00121a3c 0000001c W std::basic_ios<char, std::char_traits<char> >::_M_setstate(std::_Ios_Iostate)
00121a58 0000006c W std::basic_ios<char, std::char_traits<char> >::_M_cache_locale(std::locale const&)
00121ac4 000000a0 W std::basic_ios<char, std::char_traits<char> >::init(std::basic_streambuf<char, std::char_traits<char> >*)
00121b64 0000002c W std::basic_ios<wchar_t, std::char_traits<wchar_t> >::clear(std::_Ios_Iostate)
00121b90 0000001c W std::basic_ios<wchar_t, std::char_traits<wchar_t> >::_M_setstate(std::_Ios_Iostate)
00121bac 0000006c W std::basic_ios<wchar_t, std::char_traits<wchar_t> >::_M_cache_locale(std::locale const&)
00121c18 00000068 W std::basic_ios<wchar_t, std::char_traits<wchar_t> >::init(std::basic_streambuf<wchar_t, std::char_traits<wchar_t> >*)
00121c80 00000070 T std::ios_base::ios_base()
00121c80 00000070 T std::ios_base::ios_base()
00121cf0 00000058 T std::ios_base::_M_call_callbacks(std::ios_base::event)
00121d48 000000c8 T std::ios_base::~ios_base()
00121d48 000000c8 T std::ios_base::~ios_base()
00121e10 0000001c T std::ios_base::~ios_base()
00121e2c 00000030 W std::basic_istream<char, std::char_traits<char> >::~basic_istream()
00121e5c 00000040 W virtual thunk to std::basic_istream<char, std::char_traits<char> >::~basic_istream()
00121e9c 00000038 W std::basic_istream<char, std::char_traits<char> >::~basic_istream()
00121ed4 00000048 W virtual thunk to std::basic_istream<char, std::char_traits<char> >::~basic_istream()
00121f1c 00000030 W std::basic_istream<wchar_t, std::char_traits<wchar_t> >::~basic_istream()
00121f4c 00000040 W virtual thunk to std::basic_istream<wchar_t, std::char_traits<wchar_t> >::~basic_istream()
00121f8c 00000038 W std::basic_istream<wchar_t, std::char_traits<wchar_t> >::~basic_istream()
00121fc4 00000048 W virtual thunk to std::basic_istream<wchar_t, std::char_traits<wchar_t> >::~basic_istream()
0012200c 0000000c W std::moneypunct<char, false>::do_decimal_point() const
00122018 0000000c W std::moneypunct<char, false>::do_thousands_sep() const
00122024 0000000c W std::moneypunct<char, false>::do_frac_digits() const
00122030 00000014 W std::moneypunct<char, false>::do_pos_format() const
00122044 00000014 W std::moneypunct<char, false>::do_neg_format() const
00122058 0000000c W std::moneypunct<char, true>::do_decimal_point() const
00122064 0000000c W std::moneypunct<char, true>::do_thousands_sep() const
00122070 0000000c W std::moneypunct<char, true>::do_frac_digits() const
0012207c 00000014 W std::moneypunct<char, true>::do_pos_format() const
00122090 00000014 W std::moneypunct<char, true>::do_neg_format() const
001220a4 0000000c W std::numpunct<char>::do_decimal_point() const
001220b0 0000000c W std::numpunct<char>::do_thousands_sep() const
001220bc 00000008 W std::time_get<char, std::istreambuf_iterator<char, std::char_traits<char> > >::do_date_order() const
001220c4 00000008 W std::messages<char>::do_open(std::string const&, std::locale const&) const
001220cc 00000004 W std::messages<char>::do_close(int) const
001220d0 00000020 W std::collate<char>::do_hash(char const*, char const*) const
001220f0 00000020 W std::num_get<char, std::istreambuf_iterator<char, std::char_traits<char> > >::~num_get()
001220f0 00000020 W std::num_get<char, std::istreambuf_iterator<char, std::char_traits<char> > >::~num_get()
00122110 00000020 W std::num_put<char, std::ostreambuf_iterator<char, std::char_traits<char> > >::~num_put()
00122110 00000020 W std::num_put<char, std::ostreambuf_iterator<char, std::char_traits<char> > >::~num_put()
00122130 00000020 W std::money_get<char, std::istreambuf_iterator<char, std::char_traits<char> > >::~money_get()
00122130 00000020 W std::money_get<char, std::istreambuf_iterator<char, std::char_traits<char> > >::~money_get()
00122150 00000020 W std::money_put<char, std::ostreambuf_iterator<char, std::char_traits<char> > >::~money_put()
00122150 00000020 W std::money_put<char, std::ostreambuf_iterator<char, std::char_traits<char> > >::~money_put()
00122170 00000020 W std::__timepunct_cache<char>::~__timepunct_cache()
00122170 00000020 W std::__timepunct_cache<char>::~__timepunct_cache()
00122190 00000020 W std::time_put<char, std::ostreambuf_iterator<char, std::char_traits<char> > >::~time_put()
00122190 00000020 W std::time_put<char, std::ostreambuf_iterator<char, std::char_traits<char> > >::~time_put()
001221b0 00000020 W std::time_get<char, std::istreambuf_iterator<char, std::char_traits<char> > >::~time_get()
001221b0 00000020 W std::time_get<char, std::istreambuf_iterator<char, std::char_traits<char> > >::~time_get()
001221d0 00000028 W std::num_get<char, std::istreambuf_iterator<char, std::char_traits<char> > >::~num_get()
001221f8 00000028 W std::num_put<char, std::ostreambuf_iterator<char, std::char_traits<char> > >::~num_put()
00122220 00000028 W std::money_get<char, std::istreambuf_iterator<char, std::char_traits<char> > >::~money_get()
00122248 00000028 W std::money_put<char, std::ostreambuf_iterator<char, std::char_traits<char> > >::~money_put()
00122270 0000001c W std::__timepunct_cache<char>::~__timepunct_cache()
0012228c 00000028 W std::time_put<char, std::ostreambuf_iterator<char, std::char_traits<char> > >::~time_put()
001222b4 00000028 W std::time_get<char, std::istreambuf_iterator<char, std::char_traits<char> > >::~time_get()
001222dc 00000070 W std::__moneypunct_cache<char, false>::~__moneypunct_cache()
001222dc 00000070 W std::__moneypunct_cache<char, false>::~__moneypunct_cache()
0012234c 0000001c W std::__moneypunct_cache<char, false>::~__moneypunct_cache()
00122368 00000070 W std::__moneypunct_cache<char, true>::~__moneypunct_cache()
00122368 00000070 W std::__moneypunct_cache<char, true>::~__moneypunct_cache()
001223d8 0000001c W std::__moneypunct_cache<char, true>::~__moneypunct_cache()
001223f4 00000060 W std::__numpunct_cache<char>::~__numpunct_cache()
001223f4 00000060 W std::__numpunct_cache<char>::~__numpunct_cache()
00122454 0000001c W std::__numpunct_cache<char>::~__numpunct_cache()
00122470 00000028 W std::messages<char>::~messages()
00122470 00000028 W std::messages<char>::~messages()
00122498 0000001c W std::messages<char>::~messages()
001224b4 00000028 W std::collate<char>::~collate()
001224b4 00000028 W std::collate<char>::~collate()
001224dc 00000060 W std::__timepunct<char>::~__timepunct()
001224dc 00000060 W std::__timepunct<char>::~__timepunct()
0012253c 0000001c W std::__timepunct<char>::~__timepunct()
00122558 00000028 t std::basic_streambuf<char, std::char_traits<char> >::sbumpc() [clone .isra.0]
00122580 0000004c t std::ctype<char>::widen(char) const [clone .part.0]
001225cc 0000009c t std::ctype<char>::widen(char const*, char const*, char*) const [clone .isra.0]
00122668 000000b0 t char* std::string::_S_construct<char const*>(char const*, char const*, std::allocator<char> const&, std::forward_iterator_tag) [clone .isra.0]
00122718 00000030 W std::collate<char>::~collate()
00122748 00000078 t std::basic_string<char, std::char_traits<char>, std::allocator<char> >::~basic_string() [clone .isra.0]
001227c0 00000160 W std::time_put<char, std::ostreambuf_iterator<char, std::char_traits<char> > >::do_put(std::ostreambuf_iterator<char, std::char_traits<char> >, std::ios_base&, char, tm const*, char, char) const
00122920 000000c8 W std::moneypunct<char, false>::do_grouping() const
001229e8 000000c8 W std::moneypunct<char, false>::do_curr_symbol() const
00122ab0 000000c8 W std::moneypunct<char, false>::do_positive_sign() const
00122b78 000000c8 W std::moneypunct<char, false>::do_negative_sign() const
00122c40 000000c8 W std::moneypunct<char, true>::do_grouping() const
00122d08 000000c8 W std::moneypunct<char, true>::do_curr_symbol() const
00122dd0 000000c8 W std::moneypunct<char, true>::do_positive_sign() const
00122e98 000000c8 W std::moneypunct<char, true>::do_negative_sign() const
00122f60 000000c8 W std::numpunct<char>::do_grouping() const
00123028 000000c8 W std::numpunct<char>::do_truename() const
001230f0 000000c8 W std::numpunct<char>::do_falsename() const
001231b8 000001a4 W std::collate<char>::do_compare(char const*, char const*, char const*, char const*) const
0012335c 0000031c W std::collate<char>::do_transform(char const*, char const*) const
00123678 00000068 W std::ctype<char>::narrow(char, char) const
001236e0 00000648 W std::__moneypunct_cache<char, false>::_M_cache(std::locale const&)
00123d28 00000648 W std::__moneypunct_cache<char, true>::_M_cache(std::locale const&)
00124370 000005e4 W std::__numpunct_cache<char>::_M_cache(std::locale const&)
00124954 000000b4 t std::__use_cache<std::__numpunct_cache<char> >::operator()(std::locale const&) const [clone .isra.0]
00124a08 00000050 W std::__timepunct<char>::__timepunct(std::__timepunct_cache<char>*, unsigned int)
00124a08 00000050 W std::__timepunct<char>::__timepunct(std::__timepunct_cache<char>*, unsigned int)
00124a58 000002b0 W std::time_get<char, std::istreambuf_iterator<char, std::char_traits<char> > >::_M_extract_num(std::istreambuf_iterator<char, std::char_traits<char> >, std::istreambuf_iterator<char, std::char_traits<char> >, int&, int, int, unsigned int, std::ios_base&, std::_Ios_Iostate&) const
00124d08 0000003c W std::messages<char>::messages(unsigned int)
00124d08 0000003c W std::messages<char>::messages(unsigned int)
00124d44 00000170 W char* std::__add_grouping<char>(char*, char, char const*, unsigned int, char const*, char const*)
00124eb4 000000ac W std::num_put<char, std::ostreambuf_iterator<char, std::char_traits<char> > >::_M_group_float(char const*, unsigned int, char, char const*, char*, char*, int&) const
00124f60 00000050 W std::num_put<char, std::ostreambuf_iterator<char, std::char_traits<char> > >::_M_group_int(char const*, unsigned int, char, std::ios_base&, char*, char*, int&) const
00124fb0 00000570 W std::ostreambuf_iterator<char, std::char_traits<char> > std::money_put<char, std::ostreambuf_iterator<char, std::char_traits<char> > >::_M_insert<true>(std::ostreambuf_iterator<char, std::char_traits<char> >, std::ios_base&, char, std::string const&) const
00125520 00000570 W std::ostreambuf_iterator<char, std::char_traits<char> > std::money_put<char, std::ostreambuf_iterator<char, std::char_traits<char> > >::_M_insert<false>(std::ostreambuf_iterator<char, std::char_traits<char> >, std::ios_base&, char, std::string const&) const
00125a90 0000025c W std::money_put<char, std::ostreambuf_iterator<char, std::char_traits<char> > >::do_put(std::ostreambuf_iterator<char, std::char_traits<char> >, bool, std::ios_base&, char, long double) const
00125cec 00000054 W std::money_put<char, std::ostreambuf_iterator<char, std::char_traits<char> > >::do_put(std::ostreambuf_iterator<char, std::char_traits<char> >, bool, std::ios_base&, char, std::string const&) const
00125d40 00000308 W std::__pad<char, std::char_traits<char> >::_S_pad(std::ios_base&, char, char*, char const*, int, int)
00126048 00000034 W std::num_put<char, std::ostreambuf_iterator<char, std::char_traits<char> > >::_M_pad(char, int, std::ios_base&, char*, char const*, int&) const
0012607c 000003ec W std::ostreambuf_iterator<char, std::char_traits<char> > std::num_put<char, std::ostreambuf_iterator<char, std::char_traits<char> > >::_M_insert_float<double>(std::ostreambuf_iterator<char, std::char_traits<char> >, std::ios_base&, char, char, double) const
00126468 0000003c W std::num_put<char, std::ostreambuf_iterator<char, std::char_traits<char> > >::do_put(std::ostreambuf_iterator<char, std::char_traits<char> >, std::ios_base&, char, double) const
001264a4 000003ec W std::ostreambuf_iterator<char, std::char_traits<char> > std::num_put<char, std::ostreambuf_iterator<char, std::char_traits<char> > >::_M_insert_float<long double>(std::ostreambuf_iterator<char, std::char_traits<char> >, std::ios_base&, char, char, long double) const
00126890 0000003c W std::num_put<char, std::ostreambuf_iterator<char, std::char_traits<char> > >::do_put(std::ostreambuf_iterator<char, std::char_traits<char> >, std::ios_base&, char, long double) const
001268cc 000000ac W int std::__int_to_char<char, unsigned long>(char*, unsigned long, char const*, std::_Ios_Fmtflags, bool)
00126978 0000023c W std::ostreambuf_iterator<char, std::char_traits<char> > std::num_put<char, std::ostreambuf_iterator<char, std::char_traits<char> > >::_M_insert_int<long>(std::ostreambuf_iterator<char, std::char_traits<char> >, std::ios_base&, char, long) const
00126bb4 0000003c W std::num_put<char, std::ostreambuf_iterator<char, std::char_traits<char> > >::do_put(std::ostreambuf_iterator<char, std::char_traits<char> >, std::ios_base&, char, long) const
00126bf0 000001b0 W std::num_put<char, std::ostreambuf_iterator<char, std::char_traits<char> > >::do_put(std::ostreambuf_iterator<char, std::char_traits<char> >, std::ios_base&, char, bool) const
00126da0 000001dc W std::ostreambuf_iterator<char, std::char_traits<char> > std::num_put<char, std::ostreambuf_iterator<char, std::char_traits<char> > >::_M_insert_int<unsigned long>(std::ostreambuf_iterator<char, std::char_traits<char> >, std::ios_base&, char, unsigned long) const
00126f7c 0000003c W std::num_put<char, std::ostreambuf_iterator<char, std::char_traits<char> > >::do_put(std::ostreambuf_iterator<char, std::char_traits<char> >, std::ios_base&, char, unsigned long) const
00126fb8 0000006c W std::num_put<char, std::ostreambuf_iterator<char, std::char_traits<char> > >::do_put(std::ostreambuf_iterator<char, std::char_traits<char> >, std::ios_base&, char, void const*) const
00127024 00000114 W int std::__int_to_char<char, unsigned long long>(char*, unsigned long long, char const*, std::_Ios_Fmtflags, bool)
00127138 0000025c W std::ostreambuf_iterator<char, std::char_traits<char> > std::num_put<char, std::ostreambuf_iterator<char, std::char_traits<char> > >::_M_insert_int<long long>(std::ostreambuf_iterator<char, std::char_traits<char> >, std::ios_base&, char, long long) const
00127394 0000003c W std::num_put<char, std::ostreambuf_iterator<char, std::char_traits<char> > >::do_put(std::ostreambuf_iterator<char, std::char_traits<char> >, std::ios_base&, char, long long) const
001273d0 000001fc W std::ostreambuf_iterator<char, std::char_traits<char> > std::num_put<char, std::ostreambuf_iterator<char, std::char_traits<char> > >::_M_insert_int<unsigned long long>(std::ostreambuf_iterator<char, std::char_traits<char> >, std::ios_base&, char, unsigned long long) const
001275cc 0000003c W std::num_put<char, std::ostreambuf_iterator<char, std::char_traits<char> > >::do_put(std::ostreambuf_iterator<char, std::char_traits<char> >, std::ios_base&, char, unsigned long long) const
00127608 00000100 W std::istreambuf_iterator<char, std::char_traits<char> >::equal(std::istreambuf_iterator<char, std::char_traits<char> > const&) const
00127708 00000068 W std::istreambuf_iterator<char, std::char_traits<char> >::_M_get() const
00127770 00000c14 W std::num_get<char, std::istreambuf_iterator<char, std::char_traits<char> > >::_M_extract_float(std::istreambuf_iterator<char, std::char_traits<char> >, std::istreambuf_iterator<char, std::char_traits<char> >, std::ios_base&, std::_Ios_Iostate&, std::string&) const
00128384 000001e8 W std::num_get<char, std::istreambuf_iterator<char, std::char_traits<char> > >::do_get(std::istreambuf_iterator<char, std::char_traits<char> >, std::istreambuf_iterator<char, std::char_traits<char> >, std::ios_base&, std::_Ios_Iostate&, float&) const
0012856c 000001e8 W std::num_get<char, std::istreambuf_iterator<char, std::char_traits<char> > >::do_get(std::istreambuf_iterator<char, std::char_traits<char> >, std::istreambuf_iterator<char, std::char_traits<char> >, std::ios_base&, std::_Ios_Iostate&, double&) const
00128754 000001e8 W std::num_get<char, std::istreambuf_iterator<char, std::char_traits<char> > >::do_get(std::istreambuf_iterator<char, std::char_traits<char> >, std::istreambuf_iterator<char, std::char_traits<char> >, std::ios_base&, std::_Ios_Iostate&, long double&) const
0012893c 000009ec W std::istreambuf_iterator<char, std::char_traits<char> > std::num_get<char, std::istreambuf_iterator<char, std::char_traits<char> > >::_M_extract_int<long>(std::istreambuf_iterator<char, std::char_traits<char> >, std::istreambuf_iterator<char, std::char_traits<char> >, std::ios_base&, std::_Ios_Iostate&, long&) const
00129328 000004f4 W std::num_get<char, std::istreambuf_iterator<char, std::char_traits<char> > >::do_get(std::istreambuf_iterator<char, std::char_traits<char> >, std::istreambuf_iterator<char, std::char_traits<char> >, std::ios_base&, std::_Ios_Iostate&, bool&) const
0012981c 00000048 W std::num_get<char, std::istreambuf_iterator<char, std::char_traits<char> > >::do_get(std::istreambuf_iterator<char, std::char_traits<char> >, std::istreambuf_iterator<char, std::char_traits<char> >, std::ios_base&, std::_Ios_Iostate&, long&) const
00129864 00000a98 W std::istreambuf_iterator<char, std::char_traits<char> > std::num_get<char, std::istreambuf_iterator<char, std::char_traits<char> > >::_M_extract_int<unsigned short>(std::istreambuf_iterator<char, std::char_traits<char> >, std::istreambuf_iterator<char, std::char_traits<char> >, std::ios_base&, std::_Ios_Iostate&, unsigned short&) const
0012a2fc 00000048 W std::num_get<char, std::istreambuf_iterator<char, std::char_traits<char> > >::do_get(std::istreambuf_iterator<char, std::char_traits<char> >, std::istreambuf_iterator<char, std::char_traits<char> >, std::ios_base&, std::_Ios_Iostate&, unsigned short&) const
0012a344 00000a60 W std::istreambuf_iterator<char, std::char_traits<char> > std::num_get<char, std::istreambuf_iterator<char, std::char_traits<char> > >::_M_extract_int<unsigned int>(std::istreambuf_iterator<char, std::char_traits<char> >, std::istreambuf_iterator<char, std::char_traits<char> >, std::ios_base&, std::_Ios_Iostate&, unsigned int&) const
0012ada4 00000048 W std::num_get<char, std::istreambuf_iterator<char, std::char_traits<char> > >::do_get(std::istreambuf_iterator<char, std::char_traits<char> >, std::istreambuf_iterator<char, std::char_traits<char> >, std::ios_base&, std::_Ios_Iostate&, unsigned int&) const
0012adec 00000a04 W std::istreambuf_iterator<char, std::char_traits<char> > std::num_get<char, std::istreambuf_iterator<char, std::char_traits<char> > >::_M_extract_int<unsigned long>(std::istreambuf_iterator<char, std::char_traits<char> >, std::istreambuf_iterator<char, std::char_traits<char> >, std::ios_base&, std::_Ios_Iostate&, unsigned long&) const
0012b7f0 00000048 W std::num_get<char, std::istreambuf_iterator<char, std::char_traits<char> > >::do_get(std::istreambuf_iterator<char, std::char_traits<char> >, std::istreambuf_iterator<char, std::char_traits<char> >, std::ios_base&, std::_Ios_Iostate&, unsigned long&) const
0012b838 0000007c W std::num_get<char, std::istreambuf_iterator<char, std::char_traits<char> > >::do_get(std::istreambuf_iterator<char, std::char_traits<char> >, std::istreambuf_iterator<char, std::char_traits<char> >, std::ios_base&, std::_Ios_Iostate&, void*&) const
0012b8b4 00000a80 W std::istreambuf_iterator<char, std::char_traits<char> > std::num_get<char, std::istreambuf_iterator<char, std::char_traits<char> > >::_M_extract_int<long long>(std::istreambuf_iterator<char, std::char_traits<char> >, std::istreambuf_iterator<char, std::char_traits<char> >, std::ios_base&, std::_Ios_Iostate&, long long&) const
0012c334 00000048 W std::num_get<char, std::istreambuf_iterator<char, std::char_traits<char> > >::do_get(std::istreambuf_iterator<char, std::char_traits<char> >, std::istreambuf_iterator<char, std::char_traits<char> >, std::ios_base&, std::_Ios_Iostate&, long long&) const
0012c37c 00000ad4 W std::istreambuf_iterator<char, std::char_traits<char> > std::num_get<char, std::istreambuf_iterator<char, std::char_traits<char> > >::_M_extract_int<unsigned long long>(std::istreambuf_iterator<char, std::char_traits<char> >, std::istreambuf_iterator<char, std::char_traits<char> >, std::ios_base&, std::_Ios_Iostate&, unsigned long long&) const
0012ce50 00000048 W std::num_get<char, std::istreambuf_iterator<char, std::char_traits<char> > >::do_get(std::istreambuf_iterator<char, std::char_traits<char> >, std::istreambuf_iterator<char, std::char_traits<char> >, std::ios_base&, std::_Ios_Iostate&, unsigned long long&) const
0012ce98 000002c4 W std::time_get<char, std::istreambuf_iterator<char, std::char_traits<char> > >::do_get_year(std::istreambuf_iterator<char, std::char_traits<char> >, std::istreambuf_iterator<char, std::char_traits<char> >, std::ios_base&, std::_Ios_Iostate&, tm*) const
0012d15c 00000a7c W std::time_get<char, std::istreambuf_iterator<char, std::char_traits<char> > >::_M_extract_name(std::istreambuf_iterator<char, std::char_traits<char> >, std::istreambuf_iterator<char, std::char_traits<char> >, int&, char const**, unsigned int, std::ios_base&, std::_Ios_Iostate&) const
0012dbd8 0000040c W std::time_get<char, std::istreambuf_iterator<char, std::char_traits<char> > >::_M_extract_wday_or_month(std::istreambuf_iterator<char, std::char_traits<char> >, std::istreambuf_iterator<char, std::char_traits<char> >, int&, char const**, unsigned int, std::ios_base&, std::_Ios_Iostate&) const
0012dfe4 00000244 W std::time_get<char, std::istreambuf_iterator<char, std::char_traits<char> > >::do_get_weekday(std::istreambuf_iterator<char, std::char_traits<char> >, std::istreambuf_iterator<char, std::char_traits<char> >, std::ios_base&, std::_Ios_Iostate&, tm*) const
0012e228 000002b4 W std::time_get<char, std::istreambuf_iterator<char, std::char_traits<char> > >::do_get_monthname(std::istreambuf_iterator<char, std::char_traits<char> >, std::istreambuf_iterator<char, std::char_traits<char> >, std::ios_base&, std::_Ios_Iostate&, tm*) const
0012e4dc 00001450 W std::time_get<char, std::istreambuf_iterator<char, std::char_traits<char> > >::_M_extract_via_format(std::istreambuf_iterator<char, std::char_traits<char> >, std::istreambuf_iterator<char, std::char_traits<char> >, std::ios_base&, std::_Ios_Iostate&, tm*, char const*, std::__time_get_state&) const
0012e4dc 00001450 t std::time_get<char, std::istreambuf_iterator<char, std::char_traits<char> > >::_M_extract_via_format(std::istreambuf_iterator<char, std::char_traits<char> >, std::istreambuf_iterator<char, std::char_traits<char> >, std::ios_base&, std::_Ios_Iostate&, tm*, char const*, std::__time_get_state&) const [clone .localalias]
0012f92c 000001b8 W std::time_get<char, std::istreambuf_iterator<char, std::char_traits<char> > >::do_get_time(std::istreambuf_iterator<char, std::char_traits<char> >, std::istreambuf_iterator<char, std::char_traits<char> >, std::ios_base&, std::_Ios_Iostate&, tm*) const
0012fae4 000001b8 W std::time_get<char, std::istreambuf_iterator<char, std::char_traits<char> > >::do_get_date(std::istreambuf_iterator<char, std::char_traits<char> >, std::istreambuf_iterator<char, std::char_traits<char> >, std::ios_base&, std::_Ios_Iostate&, tm*) const
0012fc9c 00000f64 W std::istreambuf_iterator<char, std::char_traits<char> > std::money_get<char, std::istreambuf_iterator<char, std::char_traits<char> > >::_M_extract<true>(std::istreambuf_iterator<char, std::char_traits<char> >, std::istreambuf_iterator<char, std::char_traits<char> >, std::ios_base&, std::_Ios_Iostate&, std::string&) const
00130c00 00000f64 W std::istreambuf_iterator<char, std::char_traits<char> > std::money_get<char, std::istreambuf_iterator<char, std::char_traits<char> > >::_M_extract<false>(std::istreambuf_iterator<char, std::char_traits<char> >, std::istreambuf_iterator<char, std::char_traits<char> >, std::ios_base&, std::_Ios_Iostate&, std::string&) const
00131b64 0000011c W std::money_get<char, std::istreambuf_iterator<char, std::char_traits<char> > >::do_get(std::istreambuf_iterator<char, std::char_traits<char> >, std::istreambuf_iterator<char, std::char_traits<char> >, bool, std::ios_base&, std::_Ios_Iostate&, long double&) const
00131c80 00000220 W std::money_get<char, std::istreambuf_iterator<char, std::char_traits<char> > >::do_get(std::istreambuf_iterator<char, std::char_traits<char> >, std::istreambuf_iterator<char, std::char_traits<char> >, bool, std::ios_base&, std::_Ios_Iostate&, std::string&) const
00131ea0 000000f4 t _GLOBAL__sub_I__ZNSt12ctype_bynameIcEC2ERKSsj
00131f94 0000002c W __gnu_cxx::__throw_concurrence_lock_error()
00131fc0 00000b88 T std::locale::_Impl::_Impl(unsigned int)
00131fc0 00000b88 T std::locale::_Impl::_Impl(unsigned int)
00132b48 00000054 T std::locale::_S_initialize_once()
00132ba0 00000184 T std::locale::locale()
00132ba0 00000184 T std::locale::locale()
00132d24 0000002c W std::basic_ostream<char, std::char_traits<char> >::~basic_ostream()
00132d50 00000038 W virtual thunk to std::basic_ostream<char, std::char_traits<char> >::~basic_ostream()
00132d88 00000034 W std::basic_ostream<char, std::char_traits<char> >::~basic_ostream()
00132dbc 00000040 W virtual thunk to std::basic_ostream<char, std::char_traits<char> >::~basic_ostream()
00132dfc 0000002c W std::basic_ostream<wchar_t, std::char_traits<wchar_t> >::~basic_ostream()
00132e28 00000038 W virtual thunk to std::basic_ostream<wchar_t, std::char_traits<wchar_t> >::~basic_ostream()
00132e60 00000034 W std::basic_ostream<wchar_t, std::char_traits<wchar_t> >::~basic_ostream()
00132e94 00000040 W virtual thunk to std::basic_ostream<wchar_t, std::char_traits<wchar_t> >::~basic_ostream()
00132ed4 000000e4 W std::ostream::sentry::~sentry()
00132ed4 000000e4 W std::ostream::sentry::~sentry()
00132fb8 000001b8 W std::ostream::flush()
00133170 000000b0 W std::ostream::sentry::sentry(std::ostream&)
00133170 000000b0 W std::ostream::sentry::sentry(std::ostream&)
00133220 000001c8 W std::ostream::put(char)
001333e8 00000244 W std::ostream& std::ostream::_M_insert<long long>(long long)
0013362c 000000e4 W std::basic_ostream<wchar_t, std::char_traits<wchar_t> >::sentry::~sentry()
0013362c 000000e4 W std::basic_ostream<wchar_t, std::char_traits<wchar_t> >::sentry::~sentry()
00133710 000001b8 W std::basic_ostream<wchar_t, std::char_traits<wchar_t> >::flush()
001338c8 000000b0 W std::basic_ostream<wchar_t, std::char_traits<wchar_t> >::sentry::sentry(std::basic_ostream<wchar_t, std::char_traits<wchar_t> >&)
001338c8 000000b0 W std::basic_ostream<wchar_t, std::char_traits<wchar_t> >::sentry::sentry(std::basic_ostream<wchar_t, std::char_traits<wchar_t> >&)
00133978 000001c0 W std::system_error::system_error(std::error_code, char const*)
00133978 000001c0 W std::system_error::system_error(std::error_code, char const*)
00133b38 00000004 W std::basic_streambuf<char, std::char_traits<char> >::imbue(std::locale const&)
00133b3c 00000004 W std::basic_streambuf<char, std::char_traits<char> >::setbuf(char*, int)
00133b40 00000020 W std::basic_streambuf<char, std::char_traits<char> >::seekoff(long long, std::_Ios_Seekdir, std::_Ios_Openmode)
00133b60 00000028 W std::basic_streambuf<char, std::char_traits<char> >::seekpos(std::fpos<_mbstate_t>, std::_Ios_Openmode)
00133b88 00000008 W std::basic_streambuf<char, std::char_traits<char> >::sync()
00133b90 00000008 W std::basic_streambuf<char, std::char_traits<char> >::showmanyc()
00133b98 00000008 W std::basic_streambuf<char, std::char_traits<char> >::underflow()
00133ba0 00000008 W std::basic_streambuf<char, std::char_traits<char> >::pbackfail(int)
00133ba8 00000008 W std::basic_streambuf<char, std::char_traits<char> >::overflow(int)
00133bb0 00000004 W std::basic_streambuf<wchar_t, std::char_traits<wchar_t> >::imbue(std::locale const&)
00133bb4 00000004 W std::basic_streambuf<wchar_t, std::char_traits<wchar_t> >::setbuf(wchar_t*, int)
00133bb8 00000020 W std::basic_streambuf<wchar_t, std::char_traits<wchar_t> >::seekoff(long long, std::_Ios_Seekdir, std::_Ios_Openmode)
00133bd8 00000028 W std::basic_streambuf<wchar_t, std::char_traits<wchar_t> >::seekpos(std::fpos<_mbstate_t>, std::_Ios_Openmode)
00133c00 00000008 W std::basic_streambuf<wchar_t, std::char_traits<wchar_t> >::sync()
00133c08 00000008 W std::basic_streambuf<wchar_t, std::char_traits<wchar_t> >::showmanyc()
00133c10 00000008 W std::basic_streambuf<wchar_t, std::char_traits<wchar_t> >::underflow()
00133c18 00000008 W std::basic_streambuf<wchar_t, std::char_traits<wchar_t> >::pbackfail(unsigned int)
00133c20 00000008 W std::basic_streambuf<wchar_t, std::char_traits<wchar_t> >::overflow(unsigned int)
00133c28 00000020 W std::basic_streambuf<char, std::char_traits<char> >::~basic_streambuf()
00133c28 00000020 W std::basic_streambuf<char, std::char_traits<char> >::~basic_streambuf()
00133c48 00000020 W std::basic_streambuf<wchar_t, std::char_traits<wchar_t> >::~basic_streambuf()
00133c48 00000020 W std::basic_streambuf<wchar_t, std::char_traits<wchar_t> >::~basic_streambuf()
00133c68 00000028 W std::basic_streambuf<char, std::char_traits<char> >::~basic_streambuf()
00133c90 00000028 W std::basic_streambuf<wchar_t, std::char_traits<wchar_t> >::~basic_streambuf()
00133cb8 000000c0 W std::basic_streambuf<wchar_t, std::char_traits<wchar_t> >::xsputn(wchar_t const*, int)
00133d78 000000a0 W std::basic_streambuf<char, std::char_traits<char> >::xsputn(char const*, int)
00133e18 0000005c W std::basic_streambuf<wchar_t, std::char_traits<wchar_t> >::uflow()
00133e74 0000005c W std::basic_streambuf<char, std::char_traits<char> >::uflow()
00133ed0 000000d4 W std::basic_streambuf<char, std::char_traits<char> >::xsgetn(char*, int)
00133fa4 000000ec W std::basic_streambuf<wchar_t, std::char_traits<wchar_t> >::xsgetn(wchar_t*, int)
00134090 00000054 W std::__cxx11::basic_string<char, std::char_traits<char>, std::allocator<char> >::_M_create(unsigned int&, unsigned int)
001340e4 00000014 W std::__cxx11::basic_string<char, std::char_traits<char>, std::allocator<char> >::_M_dispose()
001340f8 00000094 W std::__cxx11::basic_string<char, std::char_traits<char>, std::allocator<char> >::_M_construct(unsigned int, char)
0013418c 00000104 W std::__cxx11::basic_string<char, std::char_traits<char>, std::allocator<char> >::_M_mutate(unsigned int, unsigned int, char const*, unsigned int)
00134290 00000074 W std::__cxx11::basic_string<char, std::char_traits<char>, std::allocator<char> >::_M_erase(unsigned int, unsigned int)
00134304 00000098 W std::__cxx11::basic_string<char, std::char_traits<char>, std::allocator<char> >::reserve(unsigned int)
0013439c 00000110 W std::__cxx11::basic_string<char, std::char_traits<char>, std::allocator<char> >::_M_replace_aux(unsigned int, unsigned int, unsigned int, char)
001344ac 00000044 W std::__cxx11::basic_string<char, std::char_traits<char>, std::allocator<char> >::resize(unsigned int, char)
001344f0 00000140 W std::__cxx11::basic_string<char, std::char_traits<char>, std::allocator<char> >::_M_replace_cold(char*, unsigned int, char const*, unsigned int, unsigned int)
00134630 00000130 W std::__cxx11::basic_string<char, std::char_traits<char>, std::allocator<char> >::_M_replace(unsigned int, unsigned int, char const*, unsigned int)
00134760 00000090 W std::__cxx11::basic_string<char, std::char_traits<char>, std::allocator<char> >::_M_append(char const*, unsigned int)
001347f0 00000088 W std::__cxx11::basic_string<char, std::char_traits<char>, std::allocator<char> >::copy(char*, unsigned int, unsigned int) const
00134878 00000194 W std::__cxx11::basic_string<char, std::char_traits<char>, std::allocator<char> >::swap(std::__cxx11::basic_string<char, std::char_traits<char>, std::allocator<char> >&)
00134a0c 00000034 W std::__cxx11::basic_string<char, std::char_traits<char>, std::allocator<char> >::find_first_not_of(char, unsigned int) const
00134a40 000000a8 W void std::__cxx11::basic_string<char, std::char_traits<char>, std::allocator<char> >::_M_construct<true>(char const*, unsigned int)
00134ae8 0000000c t (anonymous namespace)::generic_error_category::name() const
00134af4 00000020 t (anonymous namespace)::generic_error_category::equivalent(int, std::error_condition const&) const
00134b14 00000004 t (anonymous namespace)::generic_error_category::~generic_error_category()
00134b14 00000004 t (anonymous namespace)::generic_error_category::~generic_error_category()
00134b18 0000000c T std::_V2::error_category::default_error_condition(int) const
00134b24 00000054 T std::_V2::error_category::equivalent(int, std::error_condition const&) const
00134b78 00000020 T std::_V2::error_category::equivalent(std::error_code const&, int) const
00134b98 000000f4 t (anonymous namespace)::system_error_category::message[abi:cxx11](int) const
00134b98 000000f4 t (anonymous namespace)::generic_error_category::message[abi:cxx11](int) const
00134c8c 0000001c t (anonymous namespace)::generic_error_category::~generic_error_category()
00134ca8 00000020 T std::system_error::~system_error()
00134ca8 00000020 T std::system_error::~system_error()
00134cc8 00000028 T std::system_error::~system_error()
00134cf0 00000054 T std::_V2::error_category::_M_message[abi:cxx11](int) const
00134d44 0000009c T std::__throw_system_error(int)
00134de0 00000004 T std::_V2::error_category::~error_category()
00134de0 00000004 T std::_V2::error_category::~error_category()
00134de4 0000000c W std::moneypunct<wchar_t, false>::do_decimal_point() const
00134df0 0000000c W std::moneypunct<wchar_t, false>::do_thousands_sep() const
00134dfc 0000000c W std::moneypunct<wchar_t, false>::do_frac_digits() const
00134e08 00000014 W std::moneypunct<wchar_t, false>::do_pos_format() const
00134e1c 00000014 W std::moneypunct<wchar_t, false>::do_neg_format() const
00134e30 0000000c W std::moneypunct<wchar_t, true>::do_decimal_point() const
00134e3c 0000000c W std::moneypunct<wchar_t, true>::do_thousands_sep() const
00134e48 0000000c W std::moneypunct<wchar_t, true>::do_frac_digits() const
00134e54 00000014 W std::moneypunct<wchar_t, true>::do_pos_format() const
00134e68 00000014 W std::moneypunct<wchar_t, true>::do_neg_format() const
00134e7c 0000000c W std::numpunct<wchar_t>::do_decimal_point() const
00134e88 0000000c W std::numpunct<wchar_t>::do_thousands_sep() const
00134e94 00000008 W std::time_get<wchar_t, std::istreambuf_iterator<wchar_t, std::char_traits<wchar_t> > >::do_date_order() const
00134e9c 00000008 W std::messages<wchar_t>::do_open(std::string const&, std::locale const&) const
00134ea4 00000004 W std::messages<wchar_t>::do_close(int) const
00134ea8 00000020 W std::collate<wchar_t>::do_hash(wchar_t const*, wchar_t const*) const
00134ec8 00000020 W std::num_get<wchar_t, std::istreambuf_iterator<wchar_t, std::char_traits<wchar_t> > >::~num_get()
00134ec8 00000020 W std::num_get<wchar_t, std::istreambuf_iterator<wchar_t, std::char_traits<wchar_t> > >::~num_get()
00134ee8 00000020 W std::num_put<wchar_t, std::ostreambuf_iterator<wchar_t, std::char_traits<wchar_t> > >::~num_put()
00134ee8 00000020 W std::num_put<wchar_t, std::ostreambuf_iterator<wchar_t, std::char_traits<wchar_t> > >::~num_put()
00134f08 00000020 W std::money_get<wchar_t, std::istreambuf_iterator<wchar_t, std::char_traits<wchar_t> > >::~money_get()
00134f08 00000020 W std::money_get<wchar_t, std::istreambuf_iterator<wchar_t, std::char_traits<wchar_t> > >::~money_get()
00134f28 00000020 W std::money_put<wchar_t, std::ostreambuf_iterator<wchar_t, std::char_traits<wchar_t> > >::~money_put()
00134f28 00000020 W std::money_put<wchar_t, std::ostreambuf_iterator<wchar_t, std::char_traits<wchar_t> > >::~money_put()
00134f48 00000020 W std::__timepunct_cache<wchar_t>::~__timepunct_cache()
00134f48 00000020 W std::__timepunct_cache<wchar_t>::~__timepunct_cache()
00134f68 00000020 W std::time_put<wchar_t, std::ostreambuf_iterator<wchar_t, std::char_traits<wchar_t> > >::~time_put()
00134f68 00000020 W std::time_put<wchar_t, std::ostreambuf_iterator<wchar_t, std::char_traits<wchar_t> > >::~time_put()
00134f88 00000020 W std::time_get<wchar_t, std::istreambuf_iterator<wchar_t, std::char_traits<wchar_t> > >::~time_get()
00134f88 00000020 W std::time_get<wchar_t, std::istreambuf_iterator<wchar_t, std::char_traits<wchar_t> > >::~time_get()
00134fa8 00000028 W std::num_get<wchar_t, std::istreambuf_iterator<wchar_t, std::char_traits<wchar_t> > >::~num_get()
00134fd0 00000028 W std::num_put<wchar_t, std::ostreambuf_iterator<wchar_t, std::char_traits<wchar_t> > >::~num_put()
00134ff8 00000028 W std::money_get<wchar_t, std::istreambuf_iterator<wchar_t, std::char_traits<wchar_t> > >::~money_get()
00135020 00000028 W std::money_put<wchar_t, std::ostreambuf_iterator<wchar_t, std::char_traits<wchar_t> > >::~money_put()
00135048 0000001c W std::__timepunct_cache<wchar_t>::~__timepunct_cache()
00135064 00000028 W std::time_put<wchar_t, std::ostreambuf_iterator<wchar_t, std::char_traits<wchar_t> > >::~time_put()
0013508c 00000028 W std::time_get<wchar_t, std::istreambuf_iterator<wchar_t, std::char_traits<wchar_t> > >::~time_get()
001350b4 00000070 W std::__moneypunct_cache<wchar_t, false>::~__moneypunct_cache()
001350b4 00000070 W std::__moneypunct_cache<wchar_t, false>::~__moneypunct_cache()
00135124 0000001c W std::__moneypunct_cache<wchar_t, false>::~__moneypunct_cache()
00135140 00000070 W std::__moneypunct_cache<wchar_t, true>::~__moneypunct_cache()
00135140 00000070 W std::__moneypunct_cache<wchar_t, true>::~__moneypunct_cache()
001351b0 0000001c W std::__moneypunct_cache<wchar_t, true>::~__moneypunct_cache()
001351cc 00000060 W std::__numpunct_cache<wchar_t>::~__numpunct_cache()
001351cc 00000060 W std::__numpunct_cache<wchar_t>::~__numpunct_cache()
0013522c 0000001c W std::__numpunct_cache<wchar_t>::~__numpunct_cache()
00135248 00000028 W std::messages<wchar_t>::~messages()
00135248 00000028 W std::messages<wchar_t>::~messages()
00135270 0000001c W std::messages<wchar_t>::~messages()
0013528c 00000028 W std::collate<wchar_t>::~collate()
0013528c 00000028 W std::collate<wchar_t>::~collate()
001352b4 00000060 W std::__timepunct<wchar_t>::~__timepunct()
001352b4 00000060 W std::__timepunct<wchar_t>::~__timepunct()
00135314 0000001c W std::__timepunct<wchar_t>::~__timepunct()
00135330 00000028 t std::basic_streambuf<wchar_t, std::char_traits<wchar_t> >::sbumpc() [clone .isra.0]
00135358 00000074 t std::basic_string<wchar_t, std::char_traits<wchar_t>, std::allocator<wchar_t> >::~basic_string() [clone .isra.0]
001353cc 000000c0 t wchar_t* std::basic_string<wchar_t, std::char_traits<wchar_t>, std::allocator<wchar_t> >::_S_construct<wchar_t const*>(wchar_t const*, wchar_t const*, std::allocator<wchar_t> const&, std::forward_iterator_tag) [clone .isra.0]
0013548c 00000030 W std::collate<wchar_t>::~collate()
001354bc 00000074 t std::basic_string<char, std::char_traits<char>, std::allocator<char> >::~basic_string() [clone .isra.0]
00135530 000000c8 W std::moneypunct<wchar_t, false>::do_grouping() const
001355f8 000000c8 W std::moneypunct<wchar_t, true>::do_grouping() const
001356c0 000000c8 W std::numpunct<wchar_t>::do_grouping() const
00135788 000001a4 W std::collate<wchar_t>::do_compare(wchar_t const*, wchar_t const*, wchar_t const*, wchar_t const*) const
0013592c 00000130 W std::time_put<wchar_t, std::ostreambuf_iterator<wchar_t, std::char_traits<wchar_t> > >::do_put(std::ostreambuf_iterator<wchar_t, std::char_traits<wchar_t> >, std::ios_base&, wchar_t, tm const*, char, char) const
00135a5c 000000e4 W std::moneypunct<wchar_t, false>::do_curr_symbol() const
00135b40 000000e4 W std::moneypunct<wchar_t, false>::do_positive_sign() const
00135c24 000000e4 W std::moneypunct<wchar_t, false>::do_negative_sign() const
00135d08 000000e4 W std::moneypunct<wchar_t, true>::do_curr_symbol() const
00135dec 000000e4 W std::moneypunct<wchar_t, true>::do_positive_sign() const
00135ed0 000000e4 W std::moneypunct<wchar_t, true>::do_negative_sign() const
00135fb4 000000e4 W std::numpunct<wchar_t>::do_truename() const
00136098 000000e4 W std::numpunct<wchar_t>::do_falsename() const
0013617c 00000330 W std::collate<wchar_t>::do_transform(wchar_t const*, wchar_t const*) const
001364ac 00000854 W std::__moneypunct_cache<wchar_t, false>::_M_cache(std::locale const&)
00136d00 00000854 W std::__moneypunct_cache<wchar_t, true>::_M_cache(std::locale const&)
00137554 0000054c W std::__numpunct_cache<wchar_t>::_M_cache(std::locale const&)
00137aa0 000000b8 t std::__use_cache<std::__numpunct_cache<wchar_t> >::operator()(std::locale const&) const [clone .isra.0]
00137b58 00000050 W std::__timepunct<wchar_t>::__timepunct(std::__timepunct_cache<wchar_t>*, unsigned int)
00137b58 00000050 W std::__timepunct<wchar_t>::__timepunct(std::__timepunct_cache<wchar_t>*, unsigned int)
00137ba8 00000280 W std::time_get<wchar_t, std::istreambuf_iterator<wchar_t, std::char_traits<wchar_t> > >::_M_extract_num(std::istreambuf_iterator<wchar_t, std::char_traits<wchar_t> >, std::istreambuf_iterator<wchar_t, std::char_traits<wchar_t> >, int&, int, int, unsigned int, std::ios_base&, std::_Ios_Iostate&) const
00137e28 0000003c W std::messages<wchar_t>::messages(unsigned int)
00137e28 0000003c W std::messages<wchar_t>::messages(unsigned int)
00137e64 00000178 W wchar_t* std::__add_grouping<wchar_t>(wchar_t*, wchar_t, char const*, unsigned int, wchar_t const*, wchar_t const*)
00137fdc 000000b0 W std::num_put<wchar_t, std::ostreambuf_iterator<wchar_t, std::char_traits<wchar_t> > >::_M_group_float(char const*, unsigned int, wchar_t, wchar_t const*, wchar_t*, wchar_t*, int&) const
0013808c 00000054 W std::num_put<wchar_t, std::ostreambuf_iterator<wchar_t, std::char_traits<wchar_t> > >::_M_group_int(char const*, unsigned int, wchar_t, std::ios_base&, wchar_t*, wchar_t*, int&) const
001380e0 00000690 W std::ostreambuf_iterator<wchar_t, std::char_traits<wchar_t> > std::money_put<wchar_t, std::ostreambuf_iterator<wchar_t, std::char_traits<wchar_t> > >::_M_insert<true>(std::ostreambuf_iterator<wchar_t, std::char_traits<wchar_t> >, std::ios_base&, wchar_t, std::basic_string<wchar_t, std::char_traits<wchar_t>, std::allocator<wchar_t> > const&) const
00138770 00000614 W std::ostreambuf_iterator<wchar_t, std::char_traits<wchar_t> > std::money_put<wchar_t, std::ostreambuf_iterator<wchar_t, std::char_traits<wchar_t> > >::_M_insert<false>(std::ostreambuf_iterator<wchar_t, std::char_traits<wchar_t> >, std::ios_base&, wchar_t, std::basic_string<wchar_t, std::char_traits<wchar_t>, std::allocator<wchar_t> > const&) const
00138d84 000001f0 W std::money_put<wchar_t, std::ostreambuf_iterator<wchar_t, std::char_traits<wchar_t> > >::do_put(std::ostreambuf_iterator<wchar_t, std::char_traits<wchar_t> >, bool, std::ios_base&, wchar_t, long double) const
00138f74 00000054 W std::money_put<wchar_t, std::ostreambuf_iterator<wchar_t, std::char_traits<wchar_t> > >::do_put(std::ostreambuf_iterator<wchar_t, std::char_traits<wchar_t> >, bool, std::ios_base&, wchar_t, std::basic_string<wchar_t, std::char_traits<wchar_t>, std::allocator<wchar_t> > const&) const
00138fc8 00000220 W std::__pad<wchar_t, std::char_traits<wchar_t> >::_S_pad(std::ios_base&, wchar_t, wchar_t*, wchar_t const*, int, int)
001391e8 00000034 W std::num_put<wchar_t, std::ostreambuf_iterator<wchar_t, std::char_traits<wchar_t> > >::_M_pad(wchar_t, int, std::ios_base&, wchar_t*, wchar_t const*, int&) const
0013921c 0000034c W std::ostreambuf_iterator<wchar_t, std::char_traits<wchar_t> > std::num_put<wchar_t, std::ostreambuf_iterator<wchar_t, std::char_traits<wchar_t> > >::_M_insert_float<double>(std::ostreambuf_iterator<wchar_t, std::char_traits<wchar_t> >, std::ios_base&, wchar_t, char, double) const
00139568 0000003c W std::num_put<wchar_t, std::ostreambuf_iterator<wchar_t, std::char_traits<wchar_t> > >::do_put(std::ostreambuf_iterator<wchar_t, std::char_traits<wchar_t> >, std::ios_base&, wchar_t, double) const
001395a4 0000034c W std::ostreambuf_iterator<wchar_t, std::char_traits<wchar_t> > std::num_put<wchar_t, std::ostreambuf_iterator<wchar_t, std::char_traits<wchar_t> > >::_M_insert_float<long double>(std::ostreambuf_iterator<wchar_t, std::char_traits<wchar_t> >, std::ios_base&, wchar_t, char, long double) const
001398f0 0000003c W std::num_put<wchar_t, std::ostreambuf_iterator<wchar_t, std::char_traits<wchar_t> > >::do_put(std::ostreambuf_iterator<wchar_t, std::char_traits<wchar_t> >, std::ios_base&, wchar_t, long double) const
0013992c 000000b4 W int std::__int_to_char<wchar_t, unsigned long>(wchar_t*, unsigned long, wchar_t const*, std::_Ios_Fmtflags, bool)
001399e0 00000238 W std::ostreambuf_iterator<wchar_t, std::char_traits<wchar_t> > std::num_put<wchar_t, std::ostreambuf_iterator<wchar_t, std::char_traits<wchar_t> > >::_M_insert_int<long>(std::ostreambuf_iterator<wchar_t, std::char_traits<wchar_t> >, std::ios_base&, wchar_t, long) const
00139c18 0000003c W std::num_put<wchar_t, std::ostreambuf_iterator<wchar_t, std::char_traits<wchar_t> > >::do_put(std::ostreambuf_iterator<wchar_t, std::char_traits<wchar_t> >, std::ios_base&, wchar_t, long) const
00139c54 000001b8 W std::num_put<wchar_t, std::ostreambuf_iterator<wchar_t, std::char_traits<wchar_t> > >::do_put(std::ostreambuf_iterator<wchar_t, std::char_traits<wchar_t> >, std::ios_base&, wchar_t, bool) const
00139e0c 000001d4 W std::ostreambuf_iterator<wchar_t, std::char_traits<wchar_t> > std::num_put<wchar_t, std::ostreambuf_iterator<wchar_t, std::char_traits<wchar_t> > >::_M_insert_int<unsigned long>(std::ostreambuf_iterator<wchar_t, std::char_traits<wchar_t> >, std::ios_base&, wchar_t, unsigned long) const
00139fe0 0000003c W std::num_put<wchar_t, std::ostreambuf_iterator<wchar_t, std::char_traits<wchar_t> > >::do_put(std::ostreambuf_iterator<wchar_t, std::char_traits<wchar_t> >, std::ios_base&, wchar_t, unsigned long) const
0013a01c 0000006c W std::num_put<wchar_t, std::ostreambuf_iterator<wchar_t, std::char_traits<wchar_t> > >::do_put(std::ostreambuf_iterator<wchar_t, std::char_traits<wchar_t> >, std::ios_base&, wchar_t, void const*) const
0013a088 00000118 W int std::__int_to_char<wchar_t, unsigned long long>(wchar_t*, unsigned long long, wchar_t const*, std::_Ios_Fmtflags, bool)
0013a1a0 00000258 W std::ostreambuf_iterator<wchar_t, std::char_traits<wchar_t> > std::num_put<wchar_t, std::ostreambuf_iterator<wchar_t, std::char_traits<wchar_t> > >::_M_insert_int<long long>(std::ostreambuf_iterator<wchar_t, std::char_traits<wchar_t> >, std::ios_base&, wchar_t, long long) const
0013a3f8 0000003c W std::num_put<wchar_t, std::ostreambuf_iterator<wchar_t, std::char_traits<wchar_t> > >::do_put(std::ostreambuf_iterator<wchar_t, std::char_traits<wchar_t> >, std::ios_base&, wchar_t, long long) const
0013a434 000001f8 W std::ostreambuf_iterator<wchar_t, std::char_traits<wchar_t> > std::num_put<wchar_t, std::ostreambuf_iterator<wchar_t, std::char_traits<wchar_t> > >::_M_insert_int<unsigned long long>(std::ostreambuf_iterator<wchar_t, std::char_traits<wchar_t> >, std::ios_base&, wchar_t, unsigned long long) const
0013a62c 0000003c W std::num_put<wchar_t, std::ostreambuf_iterator<wchar_t, std::char_traits<wchar_t> > >::do_put(std::ostreambuf_iterator<wchar_t, std::char_traits<wchar_t> >, std::ios_base&, wchar_t, unsigned long long) const
0013a668 000000fc W std::istreambuf_iterator<wchar_t, std::char_traits<wchar_t> >::equal(std::istreambuf_iterator<wchar_t, std::char_traits<wchar_t> > const&) const
0013a764 00000ccc W std::num_get<wchar_t, std::istreambuf_iterator<wchar_t, std::char_traits<wchar_t> > >::_M_extract_float(std::istreambuf_iterator<wchar_t, std::char_traits<wchar_t> >, std::istreambuf_iterator<wchar_t, std::char_traits<wchar_t> >, std::ios_base&, std::_Ios_Iostate&, std::string&) const
0013b430 000001f4 W std::num_get<wchar_t, std::istreambuf_iterator<wchar_t, std::char_traits<wchar_t> > >::do_get(std::istreambuf_iterator<wchar_t, std::char_traits<wchar_t> >, std::istreambuf_iterator<wchar_t, std::char_traits<wchar_t> >, std::ios_base&, std::_Ios_Iostate&, float&) const
0013b624 000001f4 W std::num_get<wchar_t, std::istreambuf_iterator<wchar_t, std::char_traits<wchar_t> > >::do_get(std::istreambuf_iterator<wchar_t, std::char_traits<wchar_t> >, std::istreambuf_iterator<wchar_t, std::char_traits<wchar_t> >, std::ios_base&, std::_Ios_Iostate&, double&) const
0013b818 000001f4 W std::num_get<wchar_t, std::istreambuf_iterator<wchar_t, std::char_traits<wchar_t> > >::do_get(std::istreambuf_iterator<wchar_t, std::char_traits<wchar_t> >, std::istreambuf_iterator<wchar_t, std::char_traits<wchar_t> >, std::ios_base&, std::_Ios_Iostate&, long double&) const
0013ba0c 00000a1c W std::istreambuf_iterator<wchar_t, std::char_traits<wchar_t> > std::num_get<wchar_t, std::istreambuf_iterator<wchar_t, std::char_traits<wchar_t> > >::_M_extract_int<long>(std::istreambuf_iterator<wchar_t, std::char_traits<wchar_t> >, std::istreambuf_iterator<wchar_t, std::char_traits<wchar_t> >, std::ios_base&, std::_Ios_Iostate&, long&) const
0013c428 000004f8 W std::num_get<wchar_t, std::istreambuf_iterator<wchar_t, std::char_traits<wchar_t> > >::do_get(std::istreambuf_iterator<wchar_t, std::char_traits<wchar_t> >, std::istreambuf_iterator<wchar_t, std::char_traits<wchar_t> >, std::ios_base&, std::_Ios_Iostate&, bool&) const
0013c920 00000048 W std::num_get<wchar_t, std::istreambuf_iterator<wchar_t, std::char_traits<wchar_t> > >::do_get(std::istreambuf_iterator<wchar_t, std::char_traits<wchar_t> >, std::istreambuf_iterator<wchar_t, std::char_traits<wchar_t> >, std::ios_base&, std::_Ios_Iostate&, long&) const
0013c968 00000a18 W std::istreambuf_iterator<wchar_t, std::char_traits<wchar_t> > std::num_get<wchar_t, std::istreambuf_iterator<wchar_t, std::char_traits<wchar_t> > >::_M_extract_int<unsigned short>(std::istreambuf_iterator<wchar_t, std::char_traits<wchar_t> >, std::istreambuf_iterator<wchar_t, std::char_traits<wchar_t> >, std::ios_base&, std::_Ios_Iostate&, unsigned short&) const
0013d380 00000048 W std::num_get<wchar_t, std::istreambuf_iterator<wchar_t, std::char_traits<wchar_t> > >::do_get(std::istreambuf_iterator<wchar_t, std::char_traits<wchar_t> >, std::istreambuf_iterator<wchar_t, std::char_traits<wchar_t> >, std::ios_base&, std::_Ios_Iostate&, unsigned short&) const
0013d3c8 000009fc W std::istreambuf_iterator<wchar_t, std::char_traits<wchar_t> > std::num_get<wchar_t, std::istreambuf_iterator<wchar_t, std::char_traits<wchar_t> > >::_M_extract_int<unsigned int>(std::istreambuf_iterator<wchar_t, std::char_traits<wchar_t> >, std::istreambuf_iterator<wchar_t, std::char_traits<wchar_t> >, std::ios_base&, std::_Ios_Iostate&, unsigned int&) const
0013ddc4 00000048 W std::num_get<wchar_t, std::istreambuf_iterator<wchar_t, std::char_traits<wchar_t> > >::do_get(std::istreambuf_iterator<wchar_t, std::char_traits<wchar_t> >, std::istreambuf_iterator<wchar_t, std::char_traits<wchar_t> >, std::ios_base&, std::_Ios_Iostate&, unsigned int&) const
0013de0c 000009fc W std::istreambuf_iterator<wchar_t, std::char_traits<wchar_t> > std::num_get<wchar_t, std::istreambuf_iterator<wchar_t, std::char_traits<wchar_t> > >::_M_extract_int<unsigned long>(std::istreambuf_iterator<wchar_t, std::char_traits<wchar_t> >, std::istreambuf_iterator<wchar_t, std::char_traits<wchar_t> >, std::ios_base&, std::_Ios_Iostate&, unsigned long&) const
0013e808 00000048 W std::num_get<wchar_t, std::istreambuf_iterator<wchar_t, std::char_traits<wchar_t> > >::do_get(std::istreambuf_iterator<wchar_t, std::char_traits<wchar_t> >, std::istreambuf_iterator<wchar_t, std::char_traits<wchar_t> >, std::ios_base&, std::_Ios_Iostate&, unsigned long&) const
0013e850 0000007c W std::num_get<wchar_t, std::istreambuf_iterator<wchar_t, std::char_traits<wchar_t> > >::do_get(std::istreambuf_iterator<wchar_t, std::char_traits<wchar_t> >, std::istreambuf_iterator<wchar_t, std::char_traits<wchar_t> >, std::ios_base&, std::_Ios_Iostate&, void*&) const
0013e8cc 00000aa8 W std::istreambuf_iterator<wchar_t, std::char_traits<wchar_t> > std::num_get<wchar_t, std::istreambuf_iterator<wchar_t, std::char_traits<wchar_t> > >::_M_extract_int<long long>(std::istreambuf_iterator<wchar_t, std::char_traits<wchar_t> >, std::istreambuf_iterator<wchar_t, std::char_traits<wchar_t> >, std::ios_base&, std::_Ios_Iostate&, long long&) const
0013f374 00000048 W std::num_get<wchar_t, std::istreambuf_iterator<wchar_t, std::char_traits<wchar_t> > >::do_get(std::istreambuf_iterator<wchar_t, std::char_traits<wchar_t> >, std::istreambuf_iterator<wchar_t, std::char_traits<wchar_t> >, std::ios_base&, std::_Ios_Iostate&, long long&) const
0013f3bc 00000b10 W std::istreambuf_iterator<wchar_t, std::char_traits<wchar_t> > std::num_get<wchar_t, std::istreambuf_iterator<wchar_t, std::char_traits<wchar_t> > >::_M_extract_int<unsigned long long>(std::istreambuf_iterator<wchar_t, std::char_traits<wchar_t> >, std::istreambuf_iterator<wchar_t, std::char_traits<wchar_t> >, std::ios_base&, std::_Ios_Iostate&, unsigned long long&) const
0013fecc 00000048 W std::num_get<wchar_t, std::istreambuf_iterator<wchar_t, std::char_traits<wchar_t> > >::do_get(std::istreambuf_iterator<wchar_t, std::char_traits<wchar_t> >, std::istreambuf_iterator<wchar_t, std::char_traits<wchar_t> >, std::ios_base&, std::_Ios_Iostate&, unsigned long long&) const
0013ff14 000002e4 W std::time_get<wchar_t, std::istreambuf_iterator<wchar_t, std::char_traits<wchar_t> > >::do_get_year(std::istreambuf_iterator<wchar_t, std::char_traits<wchar_t> >, std::istreambuf_iterator<wchar_t, std::char_traits<wchar_t> >, std::ios_base&, std::_Ios_Iostate&, tm*) const
001401f8 00000aa8 W std::time_get<wchar_t, std::istreambuf_iterator<wchar_t, std::char_traits<wchar_t> > >::_M_extract_name(std::istreambuf_iterator<wchar_t, std::char_traits<wchar_t> >, std::istreambuf_iterator<wchar_t, std::char_traits<wchar_t> >, int&, wchar_t const**, unsigned int, std::ios_base&, std::_Ios_Iostate&) const
00140ca0 00000418 W std::time_get<wchar_t, std::istreambuf_iterator<wchar_t, std::char_traits<wchar_t> > >::_M_extract_wday_or_month(std::istreambuf_iterator<wchar_t, std::char_traits<wchar_t> >, std::istreambuf_iterator<wchar_t, std::char_traits<wchar_t> >, int&, wchar_t const**, unsigned int, std::ios_base&, std::_Ios_Iostate&) const
001410b8 00000250 W std::time_get<wchar_t, std::istreambuf_iterator<wchar_t, std::char_traits<wchar_t> > >::do_get_weekday(std::istreambuf_iterator<wchar_t, std::char_traits<wchar_t> >, std::istreambuf_iterator<wchar_t, std::char_traits<wchar_t> >, std::ios_base&, std::_Ios_Iostate&, tm*) const
00141308 000002c8 W std::time_get<wchar_t, std::istreambuf_iterator<wchar_t, std::char_traits<wchar_t> > >::do_get_monthname(std::istreambuf_iterator<wchar_t, std::char_traits<wchar_t> >, std::istreambuf_iterator<wchar_t, std::char_traits<wchar_t> >, std::ios_base&, std::_Ios_Iostate&, tm*) const
001415d0 00001418 W std::time_get<wchar_t, std::istreambuf_iterator<wchar_t, std::char_traits<wchar_t> > >::_M_extract_via_format(std::istreambuf_iterator<wchar_t, std::char_traits<wchar_t> >, std::istreambuf_iterator<wchar_t, std::char_traits<wchar_t> >, std::ios_base&, std::_Ios_Iostate&, tm*, wchar_t const*, std::__time_get_state&) const
001415d0 00001418 t std::time_get<wchar_t, std::istreambuf_iterator<wchar_t, std::char_traits<wchar_t> > >::_M_extract_via_format(std::istreambuf_iterator<wchar_t, std::char_traits<wchar_t> >, std::istreambuf_iterator<wchar_t, std::char_traits<wchar_t> >, std::ios_base&, std::_Ios_Iostate&, tm*, wchar_t const*, std::__time_get_state&) const [clone .localalias]
001429e8 000001c8 W std::time_get<wchar_t, std::istreambuf_iterator<wchar_t, std::char_traits<wchar_t> > >::do_get_time(std::istreambuf_iterator<wchar_t, std::char_traits<wchar_t> >, std::istreambuf_iterator<wchar_t, std::char_traits<wchar_t> >, std::ios_base&, std::_Ios_Iostate&, tm*) const
00142bb0 000001c8 W std::time_get<wchar_t, std::istreambuf_iterator<wchar_t, std::char_traits<wchar_t> > >::do_get_date(std::istreambuf_iterator<wchar_t, std::char_traits<wchar_t> >, std::istreambuf_iterator<wchar_t, std::char_traits<wchar_t> >, std::ios_base&, std::_Ios_Iostate&, tm*) const
00142d78 00000f30 W std::istreambuf_iterator<wchar_t, std::char_traits<wchar_t> > std::money_get<wchar_t, std::istreambuf_iterator<wchar_t, std::char_traits<wchar_t> > >::_M_extract<true>(std::istreambuf_iterator<wchar_t, std::char_traits<wchar_t> >, std::istreambuf_iterator<wchar_t, std::char_traits<wchar_t> >, std::ios_base&, std::_Ios_Iostate&, std::string&) const
00143ca8 00000f30 W std::istreambuf_iterator<wchar_t, std::char_traits<wchar_t> > std::money_get<wchar_t, std::istreambuf_iterator<wchar_t, std::char_traits<wchar_t> > >::_M_extract<false>(std::istreambuf_iterator<wchar_t, std::char_traits<wchar_t> >, std::istreambuf_iterator<wchar_t, std::char_traits<wchar_t> >, std::ios_base&, std::_Ios_Iostate&, std::string&) const
00144bd8 0000011c W std::money_get<wchar_t, std::istreambuf_iterator<wchar_t, std::char_traits<wchar_t> > >::do_get(std::istreambuf_iterator<wchar_t, std::char_traits<wchar_t> >, std::istreambuf_iterator<wchar_t, std::char_traits<wchar_t> >, bool, std::ios_base&, std::_Ios_Iostate&, long double&) const
00144cf4 000001b0 W std::money_get<wchar_t, std::istreambuf_iterator<wchar_t, std::char_traits<wchar_t> > >::do_get(std::istreambuf_iterator<wchar_t, std::char_traits<wchar_t> >, std::istreambuf_iterator<wchar_t, std::char_traits<wchar_t> >, bool, std::ios_base&, std::_Ios_Iostate&, std::basic_string<wchar_t, std::char_traits<wchar_t>, std::allocator<wchar_t> >&) const
00144ea4 000000f4 t _GLOBAL__sub_I__ZNSt12ctype_bynameIwEC2ERKSsj
00144f98 0000005c W std::__cxx11::basic_string<wchar_t, std::char_traits<wchar_t>, std::allocator<wchar_t> >::_M_create(unsigned int&, unsigned int)
00144ff4 00000014 W std::__cxx11::basic_string<wchar_t, std::char_traits<wchar_t>, std::allocator<wchar_t> >::_M_dispose()
00145008 00000090 W std::__cxx11::basic_string<wchar_t, std::char_traits<wchar_t>, std::allocator<wchar_t> >::_M_construct(unsigned int, wchar_t)
00145098 00000104 W std::__cxx11::basic_string<wchar_t, std::char_traits<wchar_t>, std::allocator<wchar_t> >::_M_mutate(unsigned int, unsigned int, wchar_t const*, unsigned int)
0014519c 0000009c W std::__cxx11::basic_string<wchar_t, std::char_traits<wchar_t>, std::allocator<wchar_t> >::reserve(unsigned int)
00145238 00000108 W std::__cxx11::basic_string<wchar_t, std::char_traits<wchar_t>, std::allocator<wchar_t> >::_M_replace_aux(unsigned int, unsigned int, unsigned int, wchar_t)
00145340 00000044 W std::__cxx11::basic_string<wchar_t, std::char_traits<wchar_t>, std::allocator<wchar_t> >::resize(unsigned int, wchar_t)
00145384 00000144 W std::__cxx11::basic_string<wchar_t, std::char_traits<wchar_t>, std::allocator<wchar_t> >::_M_replace_cold(wchar_t*, unsigned int, wchar_t const*, unsigned int, unsigned int)
001454c8 00000130 W std::__cxx11::basic_string<wchar_t, std::char_traits<wchar_t>, std::allocator<wchar_t> >::_M_replace(unsigned int, unsigned int, wchar_t const*, unsigned int)
001455f8 0000008c W std::__cxx11::basic_string<wchar_t, std::char_traits<wchar_t>, std::allocator<wchar_t> >::_M_append(wchar_t const*, unsigned int)
00145684 00000088 W std::__cxx11::basic_string<wchar_t, std::char_traits<wchar_t>, std::allocator<wchar_t> >::copy(wchar_t*, unsigned int, unsigned int) const
0014570c 000000a8 W void std::__cxx11::basic_string<wchar_t, std::char_traits<wchar_t>, std::allocator<wchar_t> >::_M_construct<true>(wchar_t const*, unsigned int)
001457b4 0000000c T std::bad_alloc::what() const
001457c0 00000020 T std::bad_alloc::~bad_alloc()
001457c0 00000020 T std::bad_alloc::~bad_alloc()
001457e0 0000002c T std::bad_alloc::~bad_alloc()
0014580c 0000000c T std::bad_array_new_length::what() const
00145818 00000020 T std::bad_array_new_length::~bad_array_new_length()
00145818 00000020 T std::bad_array_new_length::~bad_array_new_length()
00145838 0000002c T std::bad_array_new_length::~bad_array_new_length()
00145864 0000000c T std::bad_cast::what() const
00145870 00000020 T std::bad_cast::~bad_cast()
00145870 00000020 T std::bad_cast::~bad_cast()
00145890 0000002c T std::bad_cast::~bad_cast()
001458bc 0000005c T __cxxabiv1::__class_type_info::__do_upcast(__cxxabiv1::__class_type_info const*, void**) const
00145918 00000014 T __cxxabiv1::__class_type_info::__do_find_public_src(int, void const*, __cxxabiv1::__class_type_info const*, void const*) const
0014592c 00000020 T __cxxabiv1::__class_type_info::~__class_type_info()
0014592c 00000020 T __cxxabiv1::__class_type_info::~__class_type_info()
0014594c 0000002c T __cxxabiv1::__class_type_info::~__class_type_info()
00145978 00000070 T __cxxabiv1::__class_type_info::__do_upcast(__cxxabiv1::__class_type_info const*, void const*, __cxxabiv1::__class_type_info::__upcast_result&) const
001459e8 00000090 T __cxxabiv1::__class_type_info::__do_catch(std::type_info const*, void**, unsigned int) const
00145a78 000000f8 T __cxxabiv1::__class_type_info::__do_dyncast(int, __cxxabiv1::__class_type_info::__sub_kind, __cxxabiv1::__class_type_info const*, void const*, __cxxabiv1::__class_type_info const*, void const*, __cxxabiv1::__class_type_info::__dyncast_result&) const
00145b70 00000004 T operator delete(void*)
00145b74 00000004 T operator delete(void*, unsigned int)
00145b78 00000004 T operator delete[](void*)
00145b7c 00000194 T __dynamic_cast
00145d10 0000012c t (anonymous namespace)::pool::free(void*) [clone .constprop.0]
00145e3c 000000f0 t (anonymous namespace)::pool::allocate(unsigned int) [clone .constprop.0]
00145f2c 00000044 T __cxa_allocate_exception
00145f70 00000028 T __cxa_free_exception
00145f98 000001a4 t _GLOBAL__sub_I__ZN9__gnu_cxx9__freeresEv
0014613c T __cxa_end_cleanup
0014614c 00000138 T __cxa_type_match
00146284 000000b4 T __cxa_begin_cleanup
00146338 000000b4 T __gnu_end_cleanup
001463ec 0000002c T __cxa_throw_bad_array_new_length
00146418 00000070 t __cxxabiv1::__is_gxx_exception_class(char*)
00146488 0000002c T __cxa_call_terminate
001464b4 00000148 T __cxa_call_unexpected
001465fc 000000e0 T __cxa_begin_catch
001466dc 000000e0 T __cxa_end_catch
001467bc 00000018 T std::uncaught_exception()
001467d4 00000004 T std::exception::~exception()
001467d4 00000004 T std::exception::~exception()
001467d8 00000004 T std::bad_exception::~bad_exception()
001467d8 00000004 T std::bad_exception::~bad_exception()
001467dc 0000000c T transaction clone for std::exception::what() const
001467dc 0000000c T std::exception::what() const
001467e8 0000000c T transaction clone for std::bad_exception::what() const
001467e8 0000000c T std::bad_exception::what() const
001467f4 00000020 T std::bad_exception::~bad_exception()
00146814 00000038 t eh_globals_dtor(void*)
0014684c 00000038 T __cxa_get_globals_fast
00146884 00000090 T __cxa_get_globals
00146914 00000040 t _GLOBAL__sub_I__ZN17__eh_globals_init7_S_initE
00146954 00000034 t _GLOBAL__sub_D__ZN17__eh_globals_init7_S_initE
00146988 00000150 t read_encoded_value_with_base(unsigned char, unsigned int, unsigned char const*, unsigned int*)
00146ad8 0000005c t base_of_encoded_value(unsigned char, _Unwind_Context*)
00146b34 000000f0 t parse_lsda_header(_Unwind_Context*, unsigned char const*, lsda_header_info*)
00146c24 000006c8 T __gxx_personality_v0
001472ec 00000014 T __cxxabiv1::__terminate(void (*)())
00147300 00000018 T std::terminate()
00147318 0000000c T __cxxabiv1::__unexpected(void (*)())
00147324 00000018 T std::unexpected()
0014733c 00000014 T std::get_terminate()
00147350 00000014 T std::get_unexpected()
00147364 00000070 t __gxx_exception_cleanup(_Unwind_Reason_Code, _Unwind_Control_Block*)
001473d4 00000054 T __cxa_init_primary_exception
00147428 00000054 T __cxa_throw
0014747c 000000b0 T __cxa_rethrow
0014752c 0000000c W __gnu_cxx::__concurrence_broadcast_error::what() const
00147538 0000000c W __gnu_cxx::__concurrence_wait_error::what() const
00147548 00000038 t (anonymous namespace)::init()
00147580 00000024 t (anonymous namespace)::init_static_cond()
001475a4 00000020 W __gnu_cxx::__concurrence_wait_error::~__concurrence_wait_error()
001475a4 00000020 W __gnu_cxx::__concurrence_wait_error::~__concurrence_wait_error()
001475c4 0000002c W __gnu_cxx::__concurrence_wait_error::~__concurrence_wait_error()
001475f0 00000020 W __gnu_cxx::__concurrence_broadcast_error::~__concurrence_broadcast_error()
001475f0 00000020 W __gnu_cxx::__concurrence_broadcast_error::~__concurrence_broadcast_error()
00147610 0000002c W __gnu_cxx::__concurrence_broadcast_error::~__concurrence_broadcast_error()
0014763c 0000002c W __gnu_cxx::__throw_concurrence_broadcast_error()
00147668 000001b0 T __cxa_guard_acquire
00147818 000000f0 T __cxa_guard_release
00147908 00000020 T __gnu_cxx::recursive_init_error::~recursive_init_error()
00147908 00000020 T __gnu_cxx::recursive_init_error::~recursive_init_error()
00147928 0000002c T __gnu_cxx::recursive_init_error::~recursive_init_error()
00147954 00000010 T __gnu_cxx::recursive_init_error::recursive_init_error()
00147954 00000010 T __gnu_cxx::recursive_init_error::recursive_init_error()
00147964 00000014 T std::get_new_handler()
00147978 0000005c T operator new(unsigned int)
001479d4 00000004 T operator new[](unsigned int)
001479d8 0000001c T operator new[](unsigned int, std::nothrow_t const&)
001479f4 00000020 T __cxxabiv1::__si_class_type_info::~__si_class_type_info()
001479f4 00000020 T __cxxabiv1::__si_class_type_info::~__si_class_type_info()
00147a14 0000002c T __cxxabiv1::__si_class_type_info::~__si_class_type_info()
00147a40 00000140 T __cxxabiv1::__si_class_type_info::__do_dyncast(int, __cxxabiv1::__class_type_info::__sub_kind, __cxxabiv1::__class_type_info const*, void const*, __cxxabiv1::__class_type_info const*, void const*, __cxxabiv1::__class_type_info::__dyncast_result&) const
00147b80 00000088 T __cxxabiv1::__si_class_type_info::__do_find_public_src(int, void const*, __cxxabiv1::__class_type_info const*, void const*) const
00147c08 00000044 T __cxxabiv1::__si_class_type_info::__do_upcast(__cxxabiv1::__class_type_info const*, void const*, __cxxabiv1::__class_type_info::__upcast_result&) const
00147c4c 00000004 T std::type_info::~type_info()
00147c4c 00000004 T std::type_info::~type_info()
00147c50 00000008 T std::type_info::__is_pointer_p() const
00147c50 00000008 T std::type_info::__is_function_p() const
00147c58 00000020 T __cxxabiv1::__vmi_class_type_info::~__vmi_class_type_info()
00147c58 00000020 T __cxxabiv1::__vmi_class_type_info::~__vmi_class_type_info()
00147c78 0000002c T __cxxabiv1::__vmi_class_type_info::~__vmi_class_type_info()
00147ca4 000000f4 T __cxxabiv1::__vmi_class_type_info::__do_find_public_src(int, void const*, __cxxabiv1::__class_type_info const*, void const*) const
00147d98 0000071c T __cxxabiv1::__vmi_class_type_info::__do_dyncast(int, __cxxabiv1::__class_type_info::__sub_kind, __cxxabiv1::__class_type_info const*, void const*, __cxxabiv1::__class_type_info const*, void const*, __cxxabiv1::__class_type_info::__dyncast_result&) const
001484b4 0000022c T __cxxabiv1::__vmi_class_type_info::__do_upcast(__cxxabiv1::__class_type_info const*, void const*, __cxxabiv1::__class_type_info::__upcast_result&) const
001486e0 00000068 t std::(anonymous namespace)::__set_C_locale()
00148748 000000c4 T void std::__convert_to_v<float>(char const*, float&, std::_Ios_Iostate&, int* const&)
00148810 000000dc T void std::__convert_to_v<double>(char const*, double&, std::_Ios_Iostate&, int* const&)
001488f0 000000d0 T void std::__convert_to_v<long double>(char const*, long double&, std::_Ios_Iostate&, int* const&)
001489c0 00000034 T std::locale::facet::_S_create_c_locale(int*&, char const*, int*)
001489f4 0000000c T std::locale::facet::_S_destroy_c_locale(int*&)
00148a00 0000001c T std::codecvt<char, char, _mbstate_t>::do_in(_mbstate_t&, char const*, char const*, char const*&, char*, char*, char*&) const
00148a00 0000001c T std::codecvt<char, char, _mbstate_t>::do_out(_mbstate_t&, char const*, char const*, char const*&, char*, char*, char*&) const
00148a1c 00000010 T std::codecvt<char, char, _mbstate_t>::do_unshift(_mbstate_t&, char*, char*, char*&) const
00148a1c 00000010 T std::codecvt<wchar_t, char, _mbstate_t>::do_unshift(_mbstate_t&, char*, char*, char*&) const
00148a2c 00000008 T std::codecvt<char, char, _mbstate_t>::do_encoding() const
00148a2c 00000008 T std::codecvt<char, char, _mbstate_t>::do_max_length() const
00148a34 00000008 T std::codecvt<char, char, _mbstate_t>::do_always_noconv() const
00148a3c 00000014 T std::codecvt<char, char, _mbstate_t>::do_length(_mbstate_t&, char const*, char const*, unsigned int) const
00148a50 00000008 T std::codecvt<wchar_t, char, _mbstate_t>::do_always_noconv() const
00148a58 00000048 T std::codecvt<char, char, _mbstate_t>::~codecvt()
00148a58 00000048 T std::codecvt<char, char, _mbstate_t>::~codecvt()
00148aa0 00000048 T std::codecvt<wchar_t, char, _mbstate_t>::~codecvt()
00148aa0 00000048 T std::codecvt<wchar_t, char, _mbstate_t>::~codecvt()
00148ae8 0000005c T std::codecvt<char, char, _mbstate_t>::~codecvt()
00148b44 0000005c T std::codecvt<wchar_t, char, _mbstate_t>::~codecvt()
00148ba0 00000048 T std::codecvt<char, char, _mbstate_t>::codecvt(unsigned int)
00148ba0 00000048 T std::codecvt<char, char, _mbstate_t>::codecvt(unsigned int)
00148be8 00000048 T std::codecvt<wchar_t, char, _mbstate_t>::codecvt(unsigned int)
00148be8 00000048 T std::codecvt<wchar_t, char, _mbstate_t>::codecvt(unsigned int)
00148c30 0000015c T std::codecvt<wchar_t, char, _mbstate_t>::do_out(_mbstate_t&, wchar_t const*, wchar_t const*, wchar_t const*&, char*, char*, char*&) const
00148d8c 000000c0 T std::codecvt<wchar_t, char, _mbstate_t>::do_in(_mbstate_t&, char const*, char const*, char const*&, wchar_t*, wchar_t*, wchar_t*&) const
00148e4c 00000028 T std::codecvt<wchar_t, char, _mbstate_t>::do_encoding() const
00148e74 0000001c T std::codecvt<wchar_t, char, _mbstate_t>::do_max_length() const
00148e90 000000a0 T std::codecvt<wchar_t, char, _mbstate_t>::do_length(_mbstate_t&, char const*, char const*, unsigned int) const
00148f30 00000020 T std::__cxx11::collate<char>::_M_compare(char const*, char const*) const
00148f50 00000010 T std::__cxx11::collate<char>::_M_transform(char*, char const*, unsigned int) const
00148f60 00000020 T std::__cxx11::collate<wchar_t>::_M_compare(wchar_t const*, wchar_t const*) const
00148f80 00000010 T std::__cxx11::collate<wchar_t>::_M_transform(wchar_t*, wchar_t const*, unsigned int) const
00148f90 00000020 T std::collate<char>::_M_compare(char const*, char const*) const
00148fb0 00000010 T std::collate<char>::_M_transform(char*, char const*, unsigned int) const
00148fc0 00000020 T std::collate<wchar_t>::_M_compare(wchar_t const*, wchar_t const*) const
00148fe0 00000010 T std::collate<wchar_t>::_M_transform(wchar_t*, wchar_t const*, unsigned int) const
00148ff0 00000048 T std::ios_base::_M_init()
00149038 000000d8 t std::(anonymous namespace)::day_of_the_week(int, int, int)
00149110 000000e4 T std::__num_base::_S_format_float(std::ios_base const&, char*, char)
001491f4 000000e0 T std::__verify_grouping_impl(char const*, unsigned int, char const*, unsigned int)
001492d4 0000000c T std::__verify_grouping(char const*, unsigned int, std::string const&)
001492e0 000004f4 T std::__time_get_state::_M_finalize_state(tm*)
001497d4 000000cc T std::__cxx11::messages<char>::do_get(int, int, int, std::__cxx11::basic_string<char, std::char_traits<char>, std::allocator<char> > const&) const
001498a0 000000c8 T std::__cxx11::messages<wchar_t>::do_get(int, int, int, std::__cxx11::basic_string<wchar_t, std::char_traits<wchar_t>, std::allocator<wchar_t> > const&) const
00149968 000000a8 T std::messages<char>::do_get(int, int, int, std::string const&) const
00149a10 000000a8 T std::messages<wchar_t>::do_get(int, int, int, std::basic_string<wchar_t, std::char_traits<wchar_t>, std::allocator<wchar_t> > const&) const
00149ab8 00000020 T std::__verify_grouping(char const*, unsigned int, std::__cxx11::basic_string<char, std::char_traits<char>, std::allocator<char> > const&)
00149ad8 00000108 T std::__cxx11::moneypunct<char, true>::_M_initialize_moneypunct(int*, char const*)
00149be0 00000108 T std::__cxx11::moneypunct<char, false>::_M_initialize_moneypunct(int*, char const*)
00149ce8 00000048 T std::__cxx11::moneypunct<char, true>::~moneypunct()
00149ce8 00000048 T std::__cxx11::moneypunct<char, true>::~moneypunct()
00149d30 0000005c T std::__cxx11::moneypunct<char, true>::~moneypunct()
00149d8c 00000048 T std::__cxx11::moneypunct<char, false>::~moneypunct()
00149d8c 00000048 T std::__cxx11::moneypunct<char, false>::~moneypunct()
00149dd4 0000005c T std::__cxx11::moneypunct<char, false>::~moneypunct()
00149e30 00000118 T std::__cxx11::moneypunct<wchar_t, true>::_M_initialize_moneypunct(int*, char const*)
00149f48 00000118 T std::__cxx11::moneypunct<wchar_t, false>::_M_initialize_moneypunct(int*, char const*)
0014a060 00000048 T std::__cxx11::moneypunct<wchar_t, true>::~moneypunct()
0014a060 00000048 T std::__cxx11::moneypunct<wchar_t, true>::~moneypunct()
0014a0a8 0000005c T std::__cxx11::moneypunct<wchar_t, true>::~moneypunct()
0014a104 00000048 T std::__cxx11::moneypunct<wchar_t, false>::~moneypunct()
0014a104 00000048 T std::__cxx11::moneypunct<wchar_t, false>::~moneypunct()
0014a14c 0000005c T std::__cxx11::moneypunct<wchar_t, false>::~moneypunct()
0014a1a8 00000108 T std::moneypunct<char, true>::_M_initialize_moneypunct(int*, char const*)
0014a2b0 00000108 T std::moneypunct<char, false>::_M_initialize_moneypunct(int*, char const*)
0014a3b8 00000078 T std::moneypunct<char, true>::~moneypunct()
0014a3b8 00000078 T std::moneypunct<char, true>::~moneypunct()
0014a430 00000028 T std::moneypunct<char, true>::~moneypunct()
0014a458 00000078 T std::moneypunct<char, false>::~moneypunct()
0014a458 00000078 T std::moneypunct<char, false>::~moneypunct()
0014a4d0 00000028 T std::moneypunct<char, false>::~moneypunct()
0014a4f8 00000118 T std::moneypunct<wchar_t, true>::_M_initialize_moneypunct(int*, char const*)
0014a610 00000118 T std::moneypunct<wchar_t, false>::_M_initialize_moneypunct(int*, char const*)
0014a728 00000078 T std::moneypunct<wchar_t, true>::~moneypunct()
0014a728 00000078 T std::moneypunct<wchar_t, true>::~moneypunct()
0014a7a0 00000028 T std::moneypunct<wchar_t, true>::~moneypunct()
0014a7c8 00000078 T std::moneypunct<wchar_t, false>::~moneypunct()
0014a7c8 00000078 T std::moneypunct<wchar_t, false>::~moneypunct()
0014a840 00000028 T std::moneypunct<wchar_t, false>::~moneypunct()
0014a868 0000011c T std::__cxx11::numpunct<char>::_M_initialize_numpunct(int*)
0014a984 00000048 T std::__cxx11::numpunct<char>::~numpunct()
0014a984 00000048 T std::__cxx11::numpunct<char>::~numpunct()
0014a9cc 0000005c T std::__cxx11::numpunct<char>::~numpunct()
0014aa28 00000104 T std::__cxx11::numpunct<wchar_t>::_M_initialize_numpunct(int*)
0014ab2c 00000048 T std::__cxx11::numpunct<wchar_t>::~numpunct()
0014ab2c 00000048 T std::__cxx11::numpunct<wchar_t>::~numpunct()
0014ab74 0000005c T std::__cxx11::numpunct<wchar_t>::~numpunct()
0014abd0 0000011c T std::numpunct<char>::_M_initialize_numpunct(int*)
0014acec 00000078 T std::numpunct<char>::~numpunct()
0014acec 00000078 T std::numpunct<char>::~numpunct()
0014ad64 00000028 T std::numpunct<char>::~numpunct()
0014ad8c 00000104 T std::numpunct<wchar_t>::_M_initialize_numpunct(int*)
0014ae90 00000078 T std::numpunct<wchar_t>::~numpunct()
0014ae90 00000078 T std::numpunct<wchar_t>::~numpunct()
0014af08 00000028 T std::numpunct<wchar_t>::~numpunct()
0014af30 00000008 T std::logic_error::what() const
0014af30 00000008 T std::runtime_error::what() const
0014af38 00000098 T std::logic_error::~logic_error()
0014af38 00000098 T std::logic_error::~logic_error()
0014afd0 00000098 T std::runtime_error::~runtime_error()
0014afd0 00000098 T std::runtime_error::~runtime_error()
0014b068 000000a0 T std::runtime_error::~runtime_error()
0014b108 00000098 T std::length_error::~length_error()
0014b108 00000098 T std::length_error::~length_error()
0014b1a0 00000098 T std::out_of_range::~out_of_range()
0014b1a0 00000098 T std::out_of_range::~out_of_range()
0014b238 000000a0 T std::logic_error::~logic_error()
0014b2d8 000000a0 T std::length_error::~length_error()
0014b378 000000a0 T std::out_of_range::~out_of_range()
0014b418 00000098 T std::__timepunct<char>::_M_put(char*, unsigned int, char const*, tm const*) const
0014b4b0 00000304 T std::__timepunct<char>::_M_initialize_timepunct(int*)
0014b7b4 00000098 T std::__timepunct<wchar_t>::_M_put(wchar_t*, unsigned int, wchar_t const*, tm const*) const
0014b84c 00000304 T std::__timepunct<wchar_t>::_M_initialize_timepunct(int*)
0014bb50 00000010 T std::__codecvt_utf8_base<char32_t>::do_unshift(_mbstate_t&, char*, char*, char*&) const
0014bb50 00000010 T std::__codecvt_utf8_base<char16_t>::do_unshift(_mbstate_t&, char*, char*, char*&) const
0014bb50 00000010 T std::__codecvt_utf8_base<wchar_t>::do_unshift(_mbstate_t&, char*, char*, char*&) const
0014bb50 00000010 T std::__codecvt_utf16_base<char32_t>::do_unshift(_mbstate_t&, char*, char*, char*&) const
0014bb50 00000010 T std::__codecvt_utf16_base<char16_t>::do_unshift(_mbstate_t&, char*, char*, char*&) const
0014bb50 00000010 T std::__codecvt_utf16_base<wchar_t>::do_unshift(_mbstate_t&, char*, char*, char*&) const
0014bb50 00000010 T std::__codecvt_utf8_utf16_base<char32_t>::do_unshift(_mbstate_t&, char*, char*, char*&) const
0014bb50 00000010 T std::__codecvt_utf8_utf16_base<char16_t>::do_unshift(_mbstate_t&, char*, char*, char*&) const
0014bb50 00000010 T std::__codecvt_utf8_utf16_base<wchar_t>::do_unshift(_mbstate_t&, char*, char*, char*&) const
0014bb50 00000010 T std::codecvt<char32_t, char, _mbstate_t>::do_unshift(_mbstate_t&, char*, char*, char*&) const
0014bb50 00000010 T std::codecvt<char16_t, char, _mbstate_t>::do_unshift(_mbstate_t&, char*, char*, char*&) const
0014bb60 00000008 T std::__codecvt_utf8_base<char32_t>::do_encoding() const
0014bb60 00000008 T std::__codecvt_utf8_base<char16_t>::do_encoding() const
0014bb60 00000008 T std::__codecvt_utf8_base<wchar_t>::do_encoding() const
0014bb60 00000008 T std::__codecvt_utf16_base<char32_t>::do_encoding() const
0014bb60 00000008 T std::__codecvt_utf16_base<char16_t>::do_encoding() const
0014bb60 00000008 T std::__codecvt_utf16_base<wchar_t>::do_encoding() const
0014bb60 00000008 T std::__codecvt_utf8_utf16_base<char32_t>::do_encoding() const
0014bb60 00000008 T std::__codecvt_utf8_utf16_base<char16_t>::do_encoding() const
0014bb60 00000008 T std::__codecvt_utf8_utf16_base<wchar_t>::do_encoding() const
0014bb60 00000008 T std::codecvt<char32_t, char, _mbstate_t>::do_encoding() const
0014bb60 00000008 T std::codecvt<char32_t, char8_t, _mbstate_t>::do_encoding() const
0014bb60 00000008 T std::codecvt<char16_t, char, _mbstate_t>::do_encoding() const
0014bb60 00000008 T std::codecvt<char16_t, char8_t, _mbstate_t>::do_encoding() const
0014bb68 00000008 T std::__codecvt_utf8_base<char32_t>::do_always_noconv() const
0014bb68 00000008 T std::__codecvt_utf8_base<char16_t>::do_always_noconv() const
0014bb68 00000008 T std::__codecvt_utf8_base<wchar_t>::do_always_noconv() const
0014bb68 00000008 T std::__codecvt_utf16_base<char32_t>::do_always_noconv() const
0014bb68 00000008 T std::__codecvt_utf16_base<char16_t>::do_always_noconv() const
0014bb68 00000008 T std::__codecvt_utf16_base<wchar_t>::do_always_noconv() const
0014bb68 00000008 T std::__codecvt_utf8_utf16_base<char32_t>::do_always_noconv() const
0014bb68 00000008 T std::__codecvt_utf8_utf16_base<char16_t>::do_always_noconv() const
0014bb68 00000008 T std::__codecvt_utf8_utf16_base<wchar_t>::do_always_noconv() const
0014bb68 00000008 T std::codecvt<char32_t, char, _mbstate_t>::do_always_noconv() const
0014bb68 00000008 T std::codecvt<char32_t, char8_t, _mbstate_t>::do_always_noconv() const
0014bb68 00000008 T std::codecvt<char16_t, char, _mbstate_t>::do_always_noconv() const
0014bb68 00000008 T std::codecvt<char16_t, char8_t, _mbstate_t>::do_always_noconv() const
0014bb70 00000008 T std::codecvt<char32_t, char, _mbstate_t>::do_max_length() const
0014bb70 00000008 T std::codecvt<char32_t, char8_t, _mbstate_t>::do_max_length() const
0014bb70 00000008 T std::codecvt<char16_t, char, _mbstate_t>::do_max_length() const
0014bb70 00000008 T std::codecvt<char16_t, char8_t, _mbstate_t>::do_max_length() const
0014bb78 00000010 T std::codecvt<char32_t, char8_t, _mbstate_t>::do_unshift(_mbstate_t&, char8_t*, char8_t*, char8_t*&) const
0014bb78 00000010 T std::codecvt<char16_t, char8_t, _mbstate_t>::do_unshift(_mbstate_t&, char8_t*, char8_t*, char8_t*&) const
0014bb88 00000104 t bool std::(anonymous namespace)::write_utf8_code_point<char>(std::(anonymous namespace)::range<char, true>&, char32_t)
0014bc8c 000001c0 t char32_t std::(anonymous namespace)::read_utf8_code_point<char>(std::(anonymous namespace)::range<char const, true>&, unsigned long)
0014be4c 0000012c t bool std::(anonymous namespace)::write_utf8_code_point<char8_t>(std::(anonymous namespace)::range<char8_t, true>&, char32_t)
0014bf78 000001c0 t char32_t std::(anonymous namespace)::read_utf8_code_point<char8_t>(std::(anonymous namespace)::range<char8_t const, true>&, unsigned long)
0014c138 00000020 T std::codecvt<char16_t, char, _mbstate_t>::~codecvt()
0014c138 00000020 T std::codecvt<char16_t, char, _mbstate_t>::~codecvt()
0014c158 00000020 T std::codecvt<char32_t, char, _mbstate_t>::~codecvt()
0014c158 00000020 T std::codecvt<char32_t, char, _mbstate_t>::~codecvt()
0014c178 00000020 T std::codecvt<char16_t, char8_t, _mbstate_t>::~codecvt()
0014c178 00000020 T std::codecvt<char16_t, char8_t, _mbstate_t>::~codecvt()
0014c198 00000020 T std::codecvt<char32_t, char8_t, _mbstate_t>::~codecvt()
0014c198 00000020 T std::codecvt<char32_t, char8_t, _mbstate_t>::~codecvt()
0014c1b8 00000028 T std::codecvt<char16_t, char, _mbstate_t>::~codecvt()
0014c1e0 00000028 T std::codecvt<char32_t, char, _mbstate_t>::~codecvt()
0014c208 00000028 T std::codecvt<char16_t, char8_t, _mbstate_t>::~codecvt()
0014c230 00000028 T std::codecvt<char32_t, char8_t, _mbstate_t>::~codecvt()
0014c258 00000070 T std::codecvt<char32_t, char8_t, _mbstate_t>::do_length(_mbstate_t&, char8_t const*, char8_t const*, unsigned int) const
0014c2c8 0000008c T std::codecvt<char32_t, char8_t, _mbstate_t>::do_in(_mbstate_t&, char8_t const*, char8_t const*, char8_t const*&, char32_t*, char32_t*, char32_t*&) const
0014c354 000000a4 T std::codecvt<char32_t, char8_t, _mbstate_t>::do_out(_mbstate_t&, char32_t const*, char32_t const*, char32_t const*&, char8_t*, char8_t*, char8_t*&) const
0014c3f8 0000009c T std::codecvt<char16_t, char8_t, _mbstate_t>::do_length(_mbstate_t&, char8_t const*, char8_t const*, unsigned int) const
0014c494 000000c4 T std::codecvt<char16_t, char8_t, _mbstate_t>::do_out(_mbstate_t&, char16_t const*, char16_t const*, char16_t const*&, char8_t*, char8_t*, char8_t*&) const
0014c558 00000104 t std::codecvt_base::result std::(anonymous namespace)::utf16_out<char16_t, char>(std::(anonymous namespace)::range<char16_t const, true>&, std::(anonymous namespace)::range<char, true>&, unsigned long, std::codecvt_mode, std::(anonymous namespace)::surrogates)
0014c65c 00000064 T std::codecvt<char16_t, char, _mbstate_t>::do_out(_mbstate_t&, char16_t const*, char16_t const*, char16_t const*&, char*, char*, char*&) const
0014c6c0 000000fc t std::codecvt_base::result std::(anonymous namespace)::utf16_in<char, char16_t>(std::(anonymous namespace)::range<char const, true>&, std::(anonymous namespace)::range<char16_t, true>&, unsigned long, std::codecvt_mode)
0014c7bc 00000060 T std::codecvt<char16_t, char, _mbstate_t>::do_in(_mbstate_t&, char const*, char const*, char const*&, char16_t*, char16_t*, char16_t*&) const
0014c81c 000000e0 T std::codecvt<char16_t, char8_t, _mbstate_t>::do_in(_mbstate_t&, char8_t const*, char8_t const*, char8_t const*&, char16_t*, char16_t*, char16_t*&) const
0014c8fc 00000070 T std::codecvt<char32_t, char, _mbstate_t>::do_length(_mbstate_t&, char const*, char const*, unsigned int) const
0014c96c 0000008c T std::codecvt<char32_t, char, _mbstate_t>::do_in(_mbstate_t&, char const*, char const*, char const*&, char32_t*, char32_t*, char32_t*&) const
0014c9f8 000000a4 T std::codecvt<char32_t, char, _mbstate_t>::do_out(_mbstate_t&, char32_t const*, char32_t const*, char32_t const*&, char*, char*, char*&) const
0014ca9c 0000009c T std::codecvt<char16_t, char, _mbstate_t>::do_length(_mbstate_t&, char const*, char const*, unsigned int) const
0014cb38 000007f0 T std::locale::_Impl::_M_init_extra(std::locale::facet**)
0014d328 000000d8 T std::logic_error::logic_error(char const*)
0014d328 000000d8 T std::logic_error::logic_error(char const*)
0014d400 00000020 T std::length_error::length_error(char const*)
0014d400 00000020 T std::length_error::length_error(char const*)
0014d420 00000020 T std::out_of_range::out_of_range(char const*)
0014d420 00000020 T std::out_of_range::out_of_range(char const*)
0014d440 000000d8 T std::runtime_error::runtime_error(char const*)
0014d440 000000d8 T std::runtime_error::runtime_error(char const*)
0014d518 000000c8 T std::__cow_string::__cow_string(char const*, unsigned int)
0014d518 000000c8 T std::__cow_string::__cow_string(char const*, unsigned int)
0014d5e0 00000004 T std::ios_base::failure[abi:cxx11]::what() const
0014d5e4 00000020 T std::ios_base::failure[abi:cxx11]::~failure()
0014d5e4 00000020 T std::ios_base::failure[abi:cxx11]::~failure()
0014d604 00000028 T std::ios_base::failure[abi:cxx11]::~failure()
0014d62c 00000020 T std::__iosfail_type_info::~__iosfail_type_info()
0014d62c 00000020 T std::__iosfail_type_info::~__iosfail_type_info()
0014d64c 00000028 T std::__iosfail_type_info::~__iosfail_type_info()
0014d674 0000004c T std::__iosfail_type_info::__do_upcast(__cxxabiv1::__class_type_info const*, void**) const
0014d6c0 00000034 W std::__ios_failure::~__ios_failure()
0014d6c0 00000034 W std::__ios_failure::~__ios_failure()
0014d6f4 0000003c W std::__ios_failure::~__ios_failure()
0014d730 00000094 T std::__throw_ios_failure(char const*)
0014d7c4 0000000c W std::__cxx11::moneypunct<char, false>::do_decimal_point() const
0014d7d0 0000000c W std::__cxx11::moneypunct<char, false>::do_thousands_sep() const
0014d7dc 0000000c W std::__cxx11::moneypunct<char, false>::do_frac_digits() const
0014d7e8 00000014 W std::__cxx11::moneypunct<char, false>::do_pos_format() const
0014d7fc 00000014 W std::__cxx11::moneypunct<char, false>::do_neg_format() const
0014d810 0000000c W std::__cxx11::moneypunct<char, true>::do_decimal_point() const
0014d81c 0000000c W std::__cxx11::moneypunct<char, true>::do_thousands_sep() const
0014d828 0000000c W std::__cxx11::moneypunct<char, true>::do_frac_digits() const
0014d834 00000014 W std::__cxx11::moneypunct<char, true>::do_pos_format() const
0014d848 00000014 W std::__cxx11::moneypunct<char, true>::do_neg_format() const
0014d85c 0000000c W std::__cxx11::numpunct<char>::do_decimal_point() const
0014d868 0000000c W std::__cxx11::numpunct<char>::do_thousands_sep() const
0014d874 00000008 W std::__cxx11::time_get<char, std::istreambuf_iterator<char, std::char_traits<char> > >::do_date_order() const
0014d87c 00000008 W std::__cxx11::messages<char>::do_open(std::__cxx11::basic_string<char, std::char_traits<char>, std::allocator<char> > const&, std::locale const&) const
0014d884 00000004 W std::__cxx11::messages<char>::do_close(int) const
0014d888 00000020 W std::__cxx11::collate<char>::do_hash(char const*, char const*) const
0014d8a8 00000020 W std::__cxx11::money_get<char, std::istreambuf_iterator<char, std::char_traits<char> > >::~money_get()
0014d8a8 00000020 W std::__cxx11::money_get<char, std::istreambuf_iterator<char, std::char_traits<char> > >::~money_get()
0014d8c8 00000028 W std::__cxx11::money_get<char, std::istreambuf_iterator<char, std::char_traits<char> > >::~money_get()
0014d8f0 00000020 W std::__cxx11::money_put<char, std::ostreambuf_iterator<char, std::char_traits<char> > >::~money_put()
0014d8f0 00000020 W std::__cxx11::money_put<char, std::ostreambuf_iterator<char, std::char_traits<char> > >::~money_put()
0014d910 00000028 W std::__cxx11::money_put<char, std::ostreambuf_iterator<char, std::char_traits<char> > >::~money_put()
0014d938 00000020 W std::__cxx11::time_get<char, std::istreambuf_iterator<char, std::char_traits<char> > >::~time_get()
0014d938 00000020 W std::__cxx11::time_get<char, std::istreambuf_iterator<char, std::char_traits<char> > >::~time_get()
0014d958 00000028 W std::__cxx11::time_get<char, std::istreambuf_iterator<char, std::char_traits<char> > >::~time_get()
0014d980 00000028 W std::__cxx11::messages<char>::~messages()
0014d980 00000028 W std::__cxx11::messages<char>::~messages()
0014d9a8 0000001c W std::__cxx11::messages<char>::~messages()
0014d9c4 00000028 W std::__cxx11::collate<char>::~collate()
0014d9c4 00000028 W std::__cxx11::collate<char>::~collate()
0014d9ec 00000094 t void std::__cxx11::basic_string<char, std::char_traits<char>, std::allocator<char> >::_M_construct<char const*>(char const*, char const*, std::forward_iterator_tag) [clone .isra.0]
0014da80 00000030 W std::__cxx11::collate<char>::~collate()
0014dab0 00000058 W std::__cxx11::moneypunct<char, false>::do_grouping() const
0014db08 00000058 W std::__cxx11::moneypunct<char, false>::do_curr_symbol() const
0014db60 00000058 W std::__cxx11::moneypunct<char, false>::do_positive_sign() const
0014dbb8 00000058 W std::__cxx11::moneypunct<char, false>::do_negative_sign() const
0014dc10 00000058 W std::__cxx11::moneypunct<char, true>::do_grouping() const
0014dc68 00000058 W std::__cxx11::moneypunct<char, true>::do_curr_symbol() const
0014dcc0 00000058 W std::__cxx11::moneypunct<char, true>::do_positive_sign() const
0014dd18 00000058 W std::__cxx11::moneypunct<char, true>::do_negative_sign() const
0014dd70 00000058 W std::__cxx11::numpunct<char>::do_grouping() const
0014ddc8 00000058 W std::__cxx11::numpunct<char>::do_truename() const
0014de20 00000058 W std::__cxx11::numpunct<char>::do_falsename() const
0014de78 000000f8 W std::__cxx11::collate<char>::do_compare(char const*, char const*, char const*, char const*) const
0014df70 000002c0 W std::__cxx11::collate<char>::do_transform(char const*, char const*) const
0014e230 00001300 W std::istreambuf_iterator<char, std::char_traits<char> > std::__cxx11::money_get<char, std::istreambuf_iterator<char, std::char_traits<char> > >::_M_extract<true>(std::istreambuf_iterator<char, std::char_traits<char> >, std::istreambuf_iterator<char, std::char_traits<char> >, std::ios_base&, std::_Ios_Iostate&, std::__cxx11::basic_string<char, std::char_traits<char>, std::allocator<char> >&) const
0014f530 00001300 W std::istreambuf_iterator<char, std::char_traits<char> > std::__cxx11::money_get<char, std::istreambuf_iterator<char, std::char_traits<char> > >::_M_extract<false>(std::istreambuf_iterator<char, std::char_traits<char> >, std::istreambuf_iterator<char, std::char_traits<char> >, std::ios_base&, std::_Ios_Iostate&, std::__cxx11::basic_string<char, std::char_traits<char>, std::allocator<char> >&) const
00150830 000000cc W std::__cxx11::money_get<char, std::istreambuf_iterator<char, std::char_traits<char> > >::do_get(std::istreambuf_iterator<char, std::char_traits<char> >, std::istreambuf_iterator<char, std::char_traits<char> >, bool, std::ios_base&, std::_Ios_Iostate&, long double&) const
001508fc 000001b4 W std::__cxx11::money_get<char, std::istreambuf_iterator<char, std::char_traits<char> > >::do_get(std::istreambuf_iterator<char, std::char_traits<char> >, std::istreambuf_iterator<char, std::char_traits<char> >, bool, std::ios_base&, std::_Ios_Iostate&, std::__cxx11::basic_string<char, std::char_traits<char>, std::allocator<char> >&) const
00150ab0 00000750 W std::ostreambuf_iterator<char, std::char_traits<char> > std::__cxx11::money_put<char, std::ostreambuf_iterator<char, std::char_traits<char> > >::_M_insert<true>(std::ostreambuf_iterator<char, std::char_traits<char> >, std::ios_base&, char, std::__cxx11::basic_string<char, std::char_traits<char>, std::allocator<char> > const&) const
00151200 00000750 W std::ostreambuf_iterator<char, std::char_traits<char> > std::__cxx11::money_put<char, std::ostreambuf_iterator<char, std::char_traits<char> > >::_M_insert<false>(std::ostreambuf_iterator<char, std::char_traits<char> >, std::ios_base&, char, std::__cxx11::basic_string<char, std::char_traits<char>, std::allocator<char> > const&) const
00151950 000001f0 W std::__cxx11::money_put<char, std::ostreambuf_iterator<char, std::char_traits<char> > >::do_put(std::ostreambuf_iterator<char, std::char_traits<char> >, bool, std::ios_base&, char, long double) const
00151b40 00000054 W std::__cxx11::money_put<char, std::ostreambuf_iterator<char, std::char_traits<char> > >::do_put(std::ostreambuf_iterator<char, std::char_traits<char> >, bool, std::ios_base&, char, std::__cxx11::basic_string<char, std::char_traits<char>, std::allocator<char> > const&) const
00151b94 000002b0 W std::__cxx11::time_get<char, std::istreambuf_iterator<char, std::char_traits<char> > >::_M_extract_num(std::istreambuf_iterator<char, std::char_traits<char> >, std::istreambuf_iterator<char, std::char_traits<char> >, int&, int, int, unsigned int, std::ios_base&, std::_Ios_Iostate&) const
00151e44 000008e4 W std::__cxx11::time_get<char, std::istreambuf_iterator<char, std::char_traits<char> > >::do_get_year(std::istreambuf_iterator<char, std::char_traits<char> >, std::istreambuf_iterator<char, std::char_traits<char> >, std::ios_base&, std::_Ios_Iostate&, tm*) const
00152728 00000d14 W std::__cxx11::time_get<char, std::istreambuf_iterator<char, std::char_traits<char> > >::_M_extract_name(std::istreambuf_iterator<char, std::char_traits<char> >, std::istreambuf_iterator<char, std::char_traits<char> >, int&, char const**, unsigned int, std::ios_base&, std::_Ios_Iostate&) const
0015343c 000006b4 W std::__cxx11::time_get<char, std::istreambuf_iterator<char, std::char_traits<char> > >::_M_extract_wday_or_month(std::istreambuf_iterator<char, std::char_traits<char> >, std::istreambuf_iterator<char, std::char_traits<char> >, int&, char const**, unsigned int, std::ios_base&, std::_Ios_Iostate&) const
00153af0 00000244 W std::__cxx11::time_get<char, std::istreambuf_iterator<char, std::char_traits<char> > >::do_get_weekday(std::istreambuf_iterator<char, std::char_traits<char> >, std::istreambuf_iterator<char, std::char_traits<char> >, std::ios_base&, std::_Ios_Iostate&, tm*) const
00153d34 000002b4 W std::__cxx11::time_get<char, std::istreambuf_iterator<char, std::char_traits<char> > >::do_get_monthname(std::istreambuf_iterator<char, std::char_traits<char> >, std::istreambuf_iterator<char, std::char_traits<char> >, std::ios_base&, std::_Ios_Iostate&, tm*) const
00153fe8 0000003c W std::__cxx11::messages<char>::messages(unsigned int)
00153fe8 0000003c W std::__cxx11::messages<char>::messages(unsigned int)
00154024 0000221c W std::__cxx11::time_get<char, std::istreambuf_iterator<char, std::char_traits<char> > >::_M_extract_via_format(std::istreambuf_iterator<char, std::char_traits<char> >, std::istreambuf_iterator<char, std::char_traits<char> >, std::ios_base&, std::_Ios_Iostate&, tm*, char const*, std::__time_get_state&) const
00154024 0000221c t std::__cxx11::time_get<char, std::istreambuf_iterator<char, std::char_traits<char> > >::_M_extract_via_format(std::istreambuf_iterator<char, std::char_traits<char> >, std::istreambuf_iterator<char, std::char_traits<char> >, std::ios_base&, std::_Ios_Iostate&, tm*, char const*, std::__time_get_state&) const [clone .localalias]
00156240 000001b8 W std::__cxx11::time_get<char, std::istreambuf_iterator<char, std::char_traits<char> > >::do_get_time(std::istreambuf_iterator<char, std::char_traits<char> >, std::istreambuf_iterator<char, std::char_traits<char> >, std::ios_base&, std::_Ios_Iostate&, tm*) const
001563f8 000001b8 W std::__cxx11::time_get<char, std::istreambuf_iterator<char, std::char_traits<char> > >::do_get_date(std::istreambuf_iterator<char, std::char_traits<char> >, std::istreambuf_iterator<char, std::char_traits<char> >, std::ios_base&, std::_Ios_Iostate&, tm*) const
001565b0 000001f0 W std::__cxx11::time_get<char, std::istreambuf_iterator<char, std::char_traits<char> > >::do_get(std::istreambuf_iterator<char, std::char_traits<char> >, std::istreambuf_iterator<char, std::char_traits<char> >, std::ios_base&, std::_Ios_Iostate&, tm*, char, char) const
001567a0 000000a4 t _GLOBAL__sub_I__ZNSt12ctype_bynameIcEC2ERKNSt7__cxx1112basic_stringIcSt11char_traitsIcESaIcEEEj
00156844 00000030 T std::runtime_error::runtime_error(std::__cxx11::basic_string<char, std::char_traits<char>, std::allocator<char> > const&)
00156844 00000030 T std::runtime_error::runtime_error(std::__cxx11::basic_string<char, std::char_traits<char>, std::allocator<char> > const&)
00156874 0000000c t (anonymous namespace)::io_error_category::name() const
00156880 00000020 t (anonymous namespace)::io_error_category::~io_error_category()
00156880 00000020 t (anonymous namespace)::io_error_category::~io_error_category()
001568a0 00000028 t (anonymous namespace)::io_error_category::~io_error_category()
001568c8 00000080 t (anonymous namespace)::io_error_category::message[abi:cxx11](int) const
00156948 0000000c T std::iostream_category()
00156954 00000008 T std::ios_base::failure::what() const
0015695c 00000098 T std::ios_base::failure::~failure()
0015695c 00000098 T std::ios_base::failure::~failure()
001569f4 000000a0 T std::ios_base::failure::~failure()
00156a94 000000d4 T std::ios_base::failure::failure(std::string const&)
00156a94 000000d4 T std::ios_base::failure::failure(std::string const&)
00156b68 00000130 T std::__construct_ios_failure(void*, char const*)
00156c98 000000c0 T std::__destroy_ios_failure(void*)
00156d58 00000044 T std::__is_ios_failure_handler(__cxxabiv1::__class_type_info const*)
00156d9c 0000002c T __aeabi_d2lz
00156d9c 0000002c T __fixdfdi
00156dc8 00000040 T __aeabi_d2ulz
00156dc8 00000040 T __fixunsdfdi
00156e08 00000130 T __udivmoddi4
00156f38 00000018 t selfrel_offset31
00156f50 00000090 t search_EIT_table
00156fe0 00000040 t __gnu_unwind_get_pr_addr
00157020 00000110 t get_eit_entry
00157130 00000088 t restore_non_core_regs
001571b8 00000014 t _Unwind_decode_typeinfo_ptr.constprop.0
001571cc 00000004 t _Unwind_DebugHook
001571d0 00000064 t unwind_phase2
00157234 0000013c t unwind_phase2_forced
00157370 000000a4 T __gnu_Unwind_RaiseException
00157414 00000020 T __gnu_Unwind_ForcedUnwind
00157434 00000074 T __gnu_Unwind_Resume
001574a8 00000020 T __gnu_Unwind_Resume_or_Rethrow
001574c8 00000004 T _Unwind_Complete
001574cc 00000018 T _Unwind_DeleteException
001574e4 00000064 T _Unwind_VRS_Get
00157548 0000002c t _Unwind_GetGR
00157574 00000064 T _Unwind_VRS_Set
001575d8 0000002c t _Unwind_SetGR
00157604 000000c0 T __gnu_Unwind_Backtrace
001576c4 0000040c t __gnu_unwind_pr_common
00157ad0 00000008 T __aeabi_unwind_cpp_pr0
00157ad8 00000008 W __aeabi_unwind_cpp_pr1
00157ae0 00000008 W __aeabi_unwind_cpp_pr2
00157ae8 00000458 T _Unwind_VRS_Pop
00157f40 00000064 t next_unwind_byte
00157fa4 0000002c t _Unwind_GetGR.constprop.0
00157fd0 00000004 t unwind_UCB_from_context
00157fd4 00000464 T __gnu_unwind_execute
00158438 00000048 T __gnu_unwind_frame
00158480 00000010 T _Unwind_GetRegionStart
00158490 0000001c T _Unwind_GetLanguageSpecificData
001584ac 00000008 T _Unwind_GetDataRelBase
001584b4 00000008 T _Unwind_GetTextRelBase
001584bc 000000d8 T strncmp
00158594 00000140 T strchr
001586d4 00000024 T getenv
001586f8 0000016c T memmove
00158864 00000008 T wmemmove
0015886c 00000140 t iso_year_adjust
001589ac 00001118 t __strftime.isra.0
00159ac4 00000038 T strftime
00159afc 00000144 T _fclose_r
00159c40 0000000c T abs
00159c4c 0000007c t currentlocale
00159cc8 000007c8 T __loadlocale
0015a490 0000008c T __get_locale_env
0015a51c 00000348 T _setlocale_r
0015a864 00000024 T __locale_mb_cur_max
0015a888 00000028 T setlocale
0015a8b0 00000004 T putwc
0015a8b4 00000004 T wcsxfrm
0015a8b8 000000b8 T __submore
0015a970 00000230 T _ungetc_r
0015aba0 00000028 T ungetc
0015abc8 00000060 t sulp
0015ac28 00001428 T _strtod_l
0015c050 00000044 T _strtod_r
0015c094 00000048 T strtod
0015c0e0 00000110 T strtof
0015c1f0 00000104 T _fwrite_r
0015c2f4 00000038 T fwrite
0015c32c 0000008c T strlen
0015c3b8 00000140 t iso_year_adjust
0015c4f8 000011d0 t __strftime.isra.0
0015d6c8 00000038 T wcsftime
0015d700 00000070 T strcat
0015d770 000000f4 t rshift
0015d864 000008b4 T __gethex
0015e118 00000078 T strxfrm
0015e190 000000e4 T putc
0015e274 000000d8 T memcmp
0015e34c 0000001c t stdio_exit_handler
0015e368 0000005c t cleanup_stdio
0015e3c4 00000154 t global_stdio_init.part.0
0015e518 0000005c T __sinit
0015e574 0000000c T __sfp_lock_acquire
0015e580 0000000c T __sfp_lock_release
0015e58c 000001ec t _strtoul_l.isra.0
0015e778 00000038 T _strtoul_r
0015e7b0 0000003c T strtoul
0015e7ec 00000044 T __ascii_mbtowc
0015e830 00000340 T __utf8_mbtowc
0015eb70 000000dc T __sjis_mbtowc
0015ec4c 00000150 T __eucjp_mbtowc
0015ed9c 000001d8 T __jis_mbtowc
0015ef74 00000084 T __libc_init_array
0015eff8 0000009c T strncat
0015f094 00000070 T _fwalk_sglue
0015f104 00000078 T bsearch
0015f17c 00000010 T _tzset_unlocked
0015f18c 000000e8 T _ungetwc_r
0015f274 00000050 T ungetwc
0015f2c4 0000000c T __errno
0015f2d0 00000008 T wmemcpy
0015f2d8 00000088 T _vsnprintf_r
0015f360 00000038 T vsnprintf
0015f398 000001c8 T _wctype_r
0015f560 00000020 T wctype
0015f580 0000000c T labs
0015f58c 00000014 T abort
0015f5a0 0000000c T __gettzinfo
0015f5ac 000000d8 T getc
0015f684 00000044 T strlcpy
0015f6c8 00000034 T fseek
0015f6fc 00000028 T memalign
0015f724 0000000c T __tz_lock
0015f730 0000000c T __tz_unlock
0015f73c 0000082c T _malloc_r
0015ff68 000000e8 T memchr
00160050 00000068 T strcasecmp
001600b8 000000a0 T _wcrtomb_r
00160158 000000a8 T wcrtomb
00160200 000000f0 T strcpy
001602f0 00000114 T _malloc_trim_r
00160404 00000314 T _free_r
00160718 00000008 T towupper
00160720 000005e0 t get_arg
00160d00 0000345c T _svfprintf_r
0016415c 00000384 t _strtol_l.part.0
001644e0 0000006c T _strtol_r
0016454c 00000074 T strtol
001645c0 00000048 T wcslcpy
00164608 0000003c T strnlen
00164644 00000004 T strcoll
00164648 00000648 T _tzset_unlocked_r
00164c90 00000040 T malloc
00164cd0 00000020 T free
00164cf0 000000a0 T __xpg_strerror_r
00164d90 00000080 T wctob
00164e10 00000034 T wcscpy
00164e44 000000a0 T sniprintf
00164ee4 0000022c T __sflush_r
00165110 000000c4 T _fflush_r
001651d4 00000044 T fflush
00165218 00000010 T __set_ctype
00165228 0000007c T btowc
001652a4 00000040 T mbstowcs
001652e4 000000dc T _findenv_r
001653c0 00000018 T _getenv_r
001653d8 000000c4 T swprintf
0016549c 000000e4 T memset
00165580 00000030 T wmemchr
001655b0 000004f0 T _realloc_r
00165aa0 00000094 T strncasecmp
00165b34 00000334 T _fread_r
00165e68 00000038 T fread
00165ea0 0000000c T __malloc_lock
00165eac 0000000c T __malloc_unlock
00165eb8 00000258 T __tzcalc_limits
00166110 00000004 W __call_exitprocs
00166114 00000030 T exit
00166144 00000294 T setvbuf
001663d8 0000002c T __ascii_wctomb
00166404 000000f8 T __utf8_wctomb
001664fc 00000088 T __sjis_wctomb
00166584 000000b4 T __eucjp_wctomb
00166638 000000c8 T __jis_wctomb
00166700 0000002c T wcslen
0016672c 00000068 T __srget_r
00166794 000000d4 T strncpy
00166868 00000034 T ftell
0016689c 0000012c T memcpy
001669c8 00000024 T wmemset
001669ec 00000028 T _wcsrtombs_r
00166a14 00000004 T wcscoll
00166a18 000005e0 t get_arg
00166ff8 0000226c T _svfiprintf_r
00169264 00000070 T __match
001692d4 000002a8 T __hexnan
0016957c 00000008 T towlower
00169584 00000078 T sscanf
001695fc 00000004 T getwc
00169600 000000c4 T _mbrtowc_r
001696c4 000000b8 T mbrtowc
0016977c 00000058 T iswctype
001697d8 00000010 T nan
001697e8 0000000c T nanf
001697f8 00000088 T frexp
00169880 000004a4 T __sfvwrite_r
00169d24 000001f0 T _wcstoul_l
00169f14 00000054 T wcstoul
00169f68 00000008 T iswalnum
00169f70 00000044 T __sread
00169fb4 00000008 T __seofread
00169fbc 00000068 T __swrite
0016a024 00000040 T __sseek
0016a064 00000008 T __sclose
0016a06c 0000009c T _raise_r
0016a108 00000020 T raise
0016a128 000000fc T __fputwc
0016a224 000000b8 T fputwc
0016a2dc 0000000c T __env_lock
0016a2e8 0000000c T __env_unlock
0016a2f4 0000005c T __assert_func
0016a350 00000410 T _strerror_r
0016a760 00000038 T iswspace_l
0016a798 00000088 T _Balloc
0016a820 0000001c T _Bfree
0016a83c 000000f4 T __multadd
0016a930 0000010c T __s2b
0016aa3c 00000080 T __hi0bits
0016aabc 000000f0 T __lo0bits
0016abac 000000a4 T __i2b
0016ac50 00000230 T __multiply
0016ae80 00000130 T __pow5mult
0016afb0 00000138 T __lshift
0016b0e8 00000058 T __mcmp
0016b140 00000218 T __mdiff
0016b358 00000068 T __ulp
0016b3c0 000000d4 T __b2d
0016b494 00000120 T __d2b
0016b5b4 00000078 T __ratio
0016b62c 0000008c T __copybits
0016b6b8 0000005c T __any_on
0016b714 00000008 T _user_strerror
0016b71c 000000a4 T __ssprint_r
0016b7c0 00000008 T iswblank
0016b7c8 00000008 T iswlower
0016b7d0 0000003c T fiprintf
0016b80c 0000016c T _memalign_r
0016b978 00000124 T __swbuf_r
0016ba9c 0000015c T _wcsnrtombs_l
0016bbf8 00000064 T _wcsnrtombs_r
0016bc5c 0000002c T wcscmp
0016bc88 00000088 T fgetwc
0016bd10 00000008 T iswalpha
0016bd18 00000044 T towctrans
0016bd5c 00000588 T _fseeko_r
0016c2e4 00000078 T siscanf
0016c35c 00000008 T iswspace
0016c364 00000014 T iswdigit
0016c378 000000b8 T _mbstowcs_r
0016c430 00000024 T _localeconv_r
0016c454 000000d8 T _calloc_r
0016c52c 00000024 T iswalpha_l
0016c550 000001c0 t quorem
0016c710 000013f0 T _dtoa_r
0016db00 00000078 T __swbufw_r
0016db78 00000008 T iswprint
0016db80 0000003c T __libc_fini_array
0016dbbc 00000008 T iswcntrl
0016dbc4 00000090 T category
0016dc54 00000020 T iswxdigit
0016dc74 00000038 t lflush
0016dcac 000001a8 T __srefill_r
0016de54 00000164 T __smakebuf_r
0016dfb8 00000090 T __swhatbuf_r
0016e048 00000288 t wcvt
0016e2d0 0000057c t get_arg.isra.0
0016e850 00003134 T _svfwprintf_r
00171984 0000012c T __ssputs_r
00171ab0 00000008 T iswupper
00171ab8 00000008 T iswgraph
00171ac0 000001c4 T _ftello_r
00171c84 00000050 t get_arg
00171cd4 00002b88 T __ssvfscanf_r
0017485c 00000044 T iswlower_l
001748a0 00000020 T iswblank_l
001748c0 00000264 t _strtoull_l.isra.0
00174b24 00000038 T _strtoull_r
00174b5c 00000038 T iswalnum_l
00174b94 00000008 T iswpunct
00174b9c 00000140 T __swsetup_r
00174cdc 0000047c t _strtoll_l.isra.0
00175158 00000038 T _strtoll_r
00175190 000005e0 t get_arg
00175770 000022f8 T _vfiprintf_r
00177a68 000000b4 t __sbprintf
00177b1c 00000050 t get_arg
00177b6c 000000e4 T _sungetc_r
00177c50 0000006c T __ssrefill_r
00177cbc 000000b4 T _sfread_r
00177d70 000022c4 T __ssvfiscanf_r
0017a034 00000238 T towctrans_l
0017a26c 00000068 T sprintf
0017a2d4 000000a4 T __sswprint_r
0017a378 00000018 T iswprint_l
0017a390 00000024 T iswcntrl_l
0017a3b4 00000044 T iswupper_l
0017a3f8 00000030 T __sprint_r
0017a428 00000028 T realloc
0017a450 00000024 T iswgraph_l
0017a474 000000fc T _mbsnrtowcs_r
0017a570 000000f8 T __sccl
0017a668 00000020 T iswpunct_l
0017a688 00000040 T mbrlen
0017a6c8 000000dc T stpncpy
0017a7a4 00000020 T _exit
0017a7c4 00000140 T chdir
0017a904 00000034 T clock_gettime
0017a938 000001c8 T _concatenate_path
0017ab00 0000009c T _fstat_r
0017ab9c 00000014 T _getpid_r
0017abb0 0000002c T __getreent
0017abdc 00000058 T __get_handle
0017ac34 00000110 T _close_r
0017ad44 00000008 t null_write
0017ad4c 00000018 T setDefaultDevice
0017ad64 000000c4 T FindDevice
0017ae28 00000028 T RemoveDevice
0017ae50 00000098 T AddDevice
0017aee8 00000020 T GetDeviceOpTab
0017af08 00000008 T _isatty_r
0017af10 00000014 T _kill_r
0017af24 00000094 T _lseek_r
0017afb8 00000094 T _read_r
0017b04c 00000078 W _sbrk_r
0017b0c4 0000001c T __libc_lock_acquire
0017b0e0 0000001c T __libc_lock_release
0017b0fc 0000001c T __libc_lock_acquire_recursive
0017b118 0000001c T __libc_lock_release_recursive
0017b134 00000094 T _write_r
0017b1c8 00000048 T strrchr
0017b210 T _fini
0017c2ec r .LC11
0017c2ec r .LC11
0017c2ec r .LC16
0017c2ec r .LC16
0017c2f8 r .LC12
0017c2f8 r .LC12
0017c2f8 r .LC17
0017c2f8 r .LC17
0017c300 r .LC13
0017c300 r .LC13
0017c300 r .LC18
0017c300 r .LC18
0017d0cc r .LC2
0017d27c 00000080 r dotab_stdout
0017d2fc 00000018 r grayScale
0017d314 00000006 r colorCube
0017d31c 00000030 r colorTable
0017d368 00000008 r morton_y.2
0017d370 00000008 r morton_x.3
0017d378 00000008 r s_sleepWakeEvents.4
0017d380 0000000c r serviceNameTable.5
0017d38c R default_font_bin
0017db8c R default_font_bin_end
0017db8c 00000030 r error_table
0017dbbc 00000080 r archive_devoptab
0017dc3c 00000012 R typeinfo name for std::locale::facet
0017dc50 00000008 R typeinfo for std::locale::facet
0017dc58 00000027 V typeinfo name for __gnu_cxx::__concurrence_lock_error
0017dc80 0000000c V typeinfo for __gnu_cxx::__concurrence_lock_error
0017dc8c 00000029 V typeinfo name for __gnu_cxx::__concurrence_unlock_error
0017dcb8 0000000c V typeinfo for __gnu_cxx::__concurrence_unlock_error
0017dcc4 00000014 V vtable for __gnu_cxx::__concurrence_lock_error
0017dcd8 00000014 V vtable for __gnu_cxx::__concurrence_unlock_error
0017dcec 00000002 R std::locale::facet::_S_c_name
0017dd1c 00000020 r typeinfo for std::__facet_shims::(anonymous namespace)::numpunct_shim<char>
0017dd3c 00000035 r typeinfo name for std::__facet_shims::(anonymous namespace)::numpunct_shim<char>
0017dd74 00000020 r typeinfo for std::__facet_shims::(anonymous namespace)::collate_shim<char>
0017dd94 00000034 r typeinfo name for std::__facet_shims::(anonymous namespace)::collate_shim<char>
0017ddc8 00000020 r typeinfo for std::__facet_shims::(anonymous namespace)::moneypunct_shim<char, true>
0017dde8 0000003b r typeinfo name for std::__facet_shims::(anonymous namespace)::moneypunct_shim<char, true>
0017de24 00000020 r typeinfo for std::__facet_shims::(anonymous namespace)::moneypunct_shim<char, false>
0017de44 0000003b r typeinfo name for std::__facet_shims::(anonymous namespace)::moneypunct_shim<char, false>
0017de80 00000020 r typeinfo for std::__facet_shims::(anonymous namespace)::money_get_shim<char>
0017dea0 00000036 r typeinfo name for std::__facet_shims::(anonymous namespace)::money_get_shim<char>
0017ded8 00000020 r typeinfo for std::__facet_shims::(anonymous namespace)::money_put_shim<char>
0017def8 00000036 r typeinfo name for std::__facet_shims::(anonymous namespace)::money_put_shim<char>
0017df30 00000020 r typeinfo for std::__facet_shims::(anonymous namespace)::messages_shim<char>
0017df50 00000035 r typeinfo name for std::__facet_shims::(anonymous namespace)::messages_shim<char>
0017df88 00000020 r typeinfo for std::__facet_shims::(anonymous namespace)::numpunct_shim<wchar_t>
0017dfa8 00000035 r typeinfo name for std::__facet_shims::(anonymous namespace)::numpunct_shim<wchar_t>
0017dfe0 00000020 r typeinfo for std::__facet_shims::(anonymous namespace)::collate_shim<wchar_t>
0017e000 00000034 r typeinfo name for std::__facet_shims::(anonymous namespace)::collate_shim<wchar_t>
0017e034 00000020 r typeinfo for std::__facet_shims::(anonymous namespace)::moneypunct_shim<wchar_t, true>
0017e054 0000003b r typeinfo name for std::__facet_shims::(anonymous namespace)::moneypunct_shim<wchar_t, true>
0017e090 00000020 r typeinfo for std::__facet_shims::(anonymous namespace)::moneypunct_shim<wchar_t, false>
0017e0b0 0000003b r typeinfo name for std::__facet_shims::(anonymous namespace)::moneypunct_shim<wchar_t, false>
0017e0ec 00000020 r typeinfo for std::__facet_shims::(anonymous namespace)::money_get_shim<wchar_t>
0017e10c 00000036 r typeinfo name for std::__facet_shims::(anonymous namespace)::money_get_shim<wchar_t>
0017e144 00000020 r typeinfo for std::__facet_shims::(anonymous namespace)::money_put_shim<wchar_t>
0017e164 00000036 r typeinfo name for std::__facet_shims::(anonymous namespace)::money_put_shim<wchar_t>
0017e19c 00000020 r typeinfo for std::__facet_shims::(anonymous namespace)::messages_shim<wchar_t>
0017e1bc 00000035 r typeinfo name for std::__facet_shims::(anonymous namespace)::messages_shim<wchar_t>
0017e1f4 00000019 V typeinfo name for std::locale::facet::__shim
0017e210 00000008 V typeinfo for std::locale::facet::__shim
0017e218 00000020 r typeinfo for std::__facet_shims::(anonymous namespace)::time_get_shim<char>
0017e238 00000035 r typeinfo name for std::__facet_shims::(anonymous namespace)::time_get_shim<char>
0017e270 00000020 r typeinfo for std::__facet_shims::(anonymous namespace)::time_get_shim<wchar_t>
0017e290 00000035 r typeinfo name for std::__facet_shims::(anonymous namespace)::time_get_shim<wchar_t>
0017e2c8 00000024 r vtable for std::__facet_shims::(anonymous namespace)::numpunct_shim<char>
0017e2ec 0000001c r vtable for std::__facet_shims::(anonymous namespace)::collate_shim<char>
0017e308 00000034 r vtable for std::__facet_shims::(anonymous namespace)::moneypunct_shim<char, true>
0017e33c 00000034 r vtable for std::__facet_shims::(anonymous namespace)::moneypunct_shim<char, false>
0017e370 00000018 r vtable for std::__facet_shims::(anonymous namespace)::money_get_shim<char>
0017e388 00000018 r vtable for std::__facet_shims::(anonymous namespace)::money_put_shim<char>
0017e3a0 0000001c r vtable for std::__facet_shims::(anonymous namespace)::messages_shim<char>
0017e3bc 00000024 r vtable for std::__facet_shims::(anonymous namespace)::numpunct_shim<wchar_t>
0017e3e0 0000001c r vtable for std::__facet_shims::(anonymous namespace)::collate_shim<wchar_t>
0017e3fc 00000034 r vtable for std::__facet_shims::(anonymous namespace)::moneypunct_shim<wchar_t, true>
0017e430 00000034 r vtable for std::__facet_shims::(anonymous namespace)::moneypunct_shim<wchar_t, false>
0017e464 00000018 r vtable for std::__facet_shims::(anonymous namespace)::money_get_shim<wchar_t>
0017e47c 00000018 r vtable for std::__facet_shims::(anonymous namespace)::money_put_shim<wchar_t>
0017e494 0000001c r vtable for std::__facet_shims::(anonymous namespace)::messages_shim<wchar_t>
0017e4b0 00000028 r vtable for std::__facet_shims::(anonymous namespace)::time_get_shim<char>
0017e4d8 00000028 r vtable for std::__facet_shims::(anonymous namespace)::time_get_shim<wchar_t>
0017e500 0000000f V typeinfo name for std::ctype_base
0017e510 00000008 V typeinfo for std::ctype_base
0017e518 0000000c V typeinfo name for std::ctype<char>
0017e524 00000020 V typeinfo for std::ctype<char>
0017e544 0000000c V typeinfo name for std::ctype<wchar_t>
0017e550 0000000c V typeinfo for std::ctype<wchar_t>
0017e55c 00000030 V vtable for std::ctype<char>
0017e58c 00000040 V vtable for std::ctype<wchar_t>
0017e63c 00000020 r typeinfo for std::__facet_shims::(anonymous namespace)::numpunct_shim<char>
0017e65c 00000035 r typeinfo name for std::__facet_shims::(anonymous namespace)::numpunct_shim<char>
0017e694 00000020 r typeinfo for std::__facet_shims::(anonymous namespace)::collate_shim<char>
0017e6b4 00000034 r typeinfo name for std::__facet_shims::(anonymous namespace)::collate_shim<char>
0017e6e8 00000020 r typeinfo for std::__facet_shims::(anonymous namespace)::moneypunct_shim<char, true>
0017e708 0000003b r typeinfo name for std::__facet_shims::(anonymous namespace)::moneypunct_shim<char, true>
0017e744 00000020 r typeinfo for std::__facet_shims::(anonymous namespace)::moneypunct_shim<char, false>
0017e764 0000003b r typeinfo name for std::__facet_shims::(anonymous namespace)::moneypunct_shim<char, false>
0017e7a0 00000020 r typeinfo for std::__facet_shims::(anonymous namespace)::money_get_shim<char>
0017e7c0 00000036 r typeinfo name for std::__facet_shims::(anonymous namespace)::money_get_shim<char>
0017e7f8 00000020 r typeinfo for std::__facet_shims::(anonymous namespace)::money_put_shim<char>
0017e818 00000036 r typeinfo name for std::__facet_shims::(anonymous namespace)::money_put_shim<char>
0017e850 00000020 r typeinfo for std::__facet_shims::(anonymous namespace)::messages_shim<char>
0017e870 00000035 r typeinfo name for std::__facet_shims::(anonymous namespace)::messages_shim<char>
0017e8a8 00000020 r typeinfo for std::__facet_shims::(anonymous namespace)::numpunct_shim<wchar_t>
0017e8c8 00000035 r typeinfo name for std::__facet_shims::(anonymous namespace)::numpunct_shim<wchar_t>
0017e900 00000020 r typeinfo for std::__facet_shims::(anonymous namespace)::collate_shim<wchar_t>
0017e920 00000034 r typeinfo name for std::__facet_shims::(anonymous namespace)::collate_shim<wchar_t>
0017e954 00000020 r typeinfo for std::__facet_shims::(anonymous namespace)::moneypunct_shim<wchar_t, true>
0017e974 0000003b r typeinfo name for std::__facet_shims::(anonymous namespace)::moneypunct_shim<wchar_t, true>
0017e9b0 00000020 r typeinfo for std::__facet_shims::(anonymous namespace)::moneypunct_shim<wchar_t, false>
0017e9d0 0000003b r typeinfo name for std::__facet_shims::(anonymous namespace)::moneypunct_shim<wchar_t, false>
0017ea0c 00000020 r typeinfo for std::__facet_shims::(anonymous namespace)::money_get_shim<wchar_t>
0017ea2c 00000036 r typeinfo name for std::__facet_shims::(anonymous namespace)::money_get_shim<wchar_t>
0017ea64 00000020 r typeinfo for std::__facet_shims::(anonymous namespace)::money_put_shim<wchar_t>
0017ea84 00000036 r typeinfo name for std::__facet_shims::(anonymous namespace)::money_put_shim<wchar_t>
0017eabc 00000020 r typeinfo for std::__facet_shims::(anonymous namespace)::messages_shim<wchar_t>
0017eadc 00000035 r typeinfo name for std::__facet_shims::(anonymous namespace)::messages_shim<wchar_t>
0017eb14 00000020 r typeinfo for std::__facet_shims::(anonymous namespace)::time_get_shim<char>
0017eb34 00000035 r typeinfo name for std::__facet_shims::(anonymous namespace)::time_get_shim<char>
0017eb6c 00000020 r typeinfo for std::__facet_shims::(anonymous namespace)::time_get_shim<wchar_t>
0017eb8c 00000035 r typeinfo name for std::__facet_shims::(anonymous namespace)::time_get_shim<wchar_t>
0017ebc4 00000024 r vtable for std::__facet_shims::(anonymous namespace)::numpunct_shim<char>
0017ebe8 0000001c r vtable for std::__facet_shims::(anonymous namespace)::collate_shim<char>
0017ec04 00000034 r vtable for std::__facet_shims::(anonymous namespace)::moneypunct_shim<char, true>
0017ec38 00000034 r vtable for std::__facet_shims::(anonymous namespace)::moneypunct_shim<char, false>
0017ec6c 00000018 r vtable for std::__facet_shims::(anonymous namespace)::money_get_shim<char>
0017ec84 00000018 r vtable for std::__facet_shims::(anonymous namespace)::money_put_shim<char>
0017ec9c 0000001c r vtable for std::__facet_shims::(anonymous namespace)::messages_shim<char>
0017ecb8 00000024 r vtable for std::__facet_shims::(anonymous namespace)::numpunct_shim<wchar_t>
0017ecdc 0000001c r vtable for std::__facet_shims::(anonymous namespace)::collate_shim<wchar_t>
0017ecf8 00000034 r vtable for std::__facet_shims::(anonymous namespace)::moneypunct_shim<wchar_t, true>
0017ed2c 00000034 r vtable for std::__facet_shims::(anonymous namespace)::moneypunct_shim<wchar_t, false>
0017ed60 00000018 r vtable for std::__facet_shims::(anonymous namespace)::money_get_shim<wchar_t>
0017ed78 00000018 r vtable for std::__facet_shims::(anonymous namespace)::money_put_shim<wchar_t>
0017ed90 0000001c r vtable for std::__facet_shims::(anonymous namespace)::messages_shim<wchar_t>
0017edac 0000002c r vtable for std::__facet_shims::(anonymous namespace)::time_get_shim<char>
0017edd8 0000002c r vtable for std::__facet_shims::(anonymous namespace)::time_get_shim<wchar_t>
0017eecc 0000000d V typeinfo name for std::time_base
0017eedc 00000008 V typeinfo for std::time_base
0017eee4 0000000f V typeinfo name for std::money_base
0017eef4 00000008 V typeinfo for std::money_base
0017eefc 00000012 V typeinfo name for std::messages_base
0017ef10 00000008 V typeinfo for std::messages_base
0017ef18 00000018 V typeinfo name for std::__cxx11::collate<wchar_t>
0017ef30 0000000c V typeinfo for std::__cxx11::collate<wchar_t>
0017ef3c 00000019 V typeinfo name for std::__cxx11::numpunct<wchar_t>
0017ef58 0000000c V typeinfo for std::__cxx11::numpunct<wchar_t>
0017ef64 00000020 V typeinfo name for std::__cxx11::moneypunct<wchar_t, true>
0017ef84 00000020 V typeinfo for std::__cxx11::moneypunct<wchar_t, true>
0017efa4 00000020 V typeinfo name for std::__cxx11::moneypunct<wchar_t, false>
0017efc4 00000020 V typeinfo for std::__cxx11::moneypunct<wchar_t, false>
0017efe4 00000019 V typeinfo name for std::__cxx11::messages<wchar_t>
0017f000 00000020 V typeinfo for std::__cxx11::messages<wchar_t>
0017f020 00000046 V typeinfo name for std::__cxx11::money_get<wchar_t, std::istreambuf_iterator<wchar_t, std::char_traits<wchar_t> > >
0017f068 0000000c V typeinfo for std::__cxx11::money_get<wchar_t, std::istreambuf_iterator<wchar_t, std::char_traits<wchar_t> > >
0017f074 00000046 V typeinfo name for std::__cxx11::money_put<wchar_t, std::ostreambuf_iterator<wchar_t, std::char_traits<wchar_t> > >
0017f0bc 0000000c V typeinfo for std::__cxx11::money_put<wchar_t, std::ostreambuf_iterator<wchar_t, std::char_traits<wchar_t> > >
0017f0c8 00000045 V typeinfo name for std::__cxx11::time_get<wchar_t, std::istreambuf_iterator<wchar_t, std::char_traits<wchar_t> > >
0017f110 00000020 V typeinfo for std::__cxx11::time_get<wchar_t, std::istreambuf_iterator<wchar_t, std::char_traits<wchar_t> > >
0017f130 0000001c V vtable for std::__cxx11::collate<wchar_t>
0017f14c 00000024 V vtable for std::__cxx11::numpunct<wchar_t>
0017f170 00000034 V vtable for std::__cxx11::moneypunct<wchar_t, true>
0017f1a4 00000034 V vtable for std::__cxx11::moneypunct<wchar_t, false>
0017f1d8 0000001c V vtable for std::__cxx11::messages<wchar_t>
0017f1f4 00000018 V vtable for std::__cxx11::money_get<wchar_t, std::istreambuf_iterator<wchar_t, std::char_traits<wchar_t> > >
0017f20c 00000018 V vtable for std::__cxx11::money_put<wchar_t, std::ostreambuf_iterator<wchar_t, std::char_traits<wchar_t> > >
0017f224 0000002c V vtable for std::__cxx11::time_get<wchar_t, std::istreambuf_iterator<wchar_t, std::char_traits<wchar_t> > >
0017f250 00000036 V typeinfo name for __gnu_cxx::stdio_sync_filebuf<char, std::char_traits<char> >
0017f288 0000000c V typeinfo for __gnu_cxx::stdio_sync_filebuf<char, std::char_traits<char> >
0017f294 00000036 V typeinfo name for __gnu_cxx::stdio_sync_filebuf<wchar_t, std::char_traits<wchar_t> >
0017f2cc 0000000c V typeinfo for __gnu_cxx::stdio_sync_filebuf<wchar_t, std::char_traits<wchar_t> >
0017f2d8 00000040 V vtable for __gnu_cxx::stdio_sync_filebuf<char, std::char_traits<char> >
0017f318 00000040 V vtable for __gnu_cxx::stdio_sync_filebuf<wchar_t, std::char_traits<wchar_t> >
0017f358 00000022 V typeinfo name for std::basic_ios<char, std::char_traits<char> >
0017f37c 0000000c V typeinfo for std::basic_ios<char, std::char_traits<char> >
0017f388 00000022 V typeinfo name for std::basic_ios<wchar_t, std::char_traits<wchar_t> >
0017f3ac 0000000c V typeinfo for std::basic_ios<wchar_t, std::char_traits<wchar_t> >
0017f3b8 00000010 V vtable for std::basic_ios<char, std::char_traits<char> >
0017f3c8 00000010 V vtable for std::basic_ios<wchar_t, std::char_traits<wchar_t> >
0017f3d8 0000000c R typeinfo name for std::ios_base
0017f3e4 00000008 R typeinfo for std::ios_base
0017f3ec 00000010 R vtable for std::ios_base
0017f3fc 00000003 V typeinfo name for std::istream
0017f400 00000018 V typeinfo for std::istream
0017f418 00000027 V typeinfo name for std::basic_istream<wchar_t, std::char_traits<wchar_t> >
0017f440 00000018 V typeinfo for std::basic_istream<wchar_t, std::char_traits<wchar_t> >
0017f458 00000008 V VTT for std::istream
0017f460 00000028 V vtable for std::istream
0017f488 00000008 V VTT for std::basic_istream<wchar_t, std::char_traits<wchar_t> >
0017f490 00000028 V vtable for std::basic_istream<wchar_t, std::char_traits<wchar_t> >
0017f580 00000011 V typeinfo name for std::codecvt_base
0017f594 00000008 V typeinfo for std::codecvt_base
0017f59c 0000000e V typeinfo name for std::collate<char>
0017f5ac 0000000c V typeinfo for std::collate<char>
0017f5b8 0000000f V typeinfo name for std::numpunct<char>
0017f5c8 0000000c V typeinfo for std::numpunct<char>
0017f5d4 0000003a V typeinfo name for std::num_get<char, std::istreambuf_iterator<char, std::char_traits<char> > >
0017f610 0000000c V typeinfo for std::num_get<char, std::istreambuf_iterator<char, std::char_traits<char> > >
0017f61c 0000003a V typeinfo name for std::num_put<char, std::ostreambuf_iterator<char, std::char_traits<char> > >
0017f658 0000000c V typeinfo for std::num_put<char, std::ostreambuf_iterator<char, std::char_traits<char> > >
0017f664 00000019 V typeinfo name for std::__timepunct_cache<char>
0017f680 0000000c V typeinfo for std::__timepunct_cache<char>
0017f68c 00000013 V typeinfo name for std::__timepunct<char>
0017f6a0 0000000c V typeinfo for std::__timepunct<char>
0017f6ac 00000016 V typeinfo name for std::moneypunct<char, true>
0017f6c4 00000020 V typeinfo for std::moneypunct<char, true>
0017f6e4 00000016 V typeinfo name for std::moneypunct<char, false>
0017f6fc 00000020 V typeinfo for std::moneypunct<char, false>
0017f71c 0000000f V typeinfo name for std::messages<char>
0017f72c 00000020 V typeinfo for std::messages<char>
0017f74c 0000002c V typeinfo name for std::__codecvt_abstract_base<char, char, _mbstate_t>
0017f778 00000020 V typeinfo for std::__codecvt_abstract_base<char, char, _mbstate_t>
0017f798 0000003c V typeinfo name for std::money_get<char, std::istreambuf_iterator<char, std::char_traits<char> > >
0017f7d4 0000000c V typeinfo for std::money_get<char, std::istreambuf_iterator<char, std::char_traits<char> > >
0017f7e0 0000003c V typeinfo name for std::money_put<char, std::ostreambuf_iterator<char, std::char_traits<char> > >
0017f81c 0000000c V typeinfo for std::money_put<char, std::ostreambuf_iterator<char, std::char_traits<char> > >
0017f828 0000003b V typeinfo name for std::time_put<char, std::ostreambuf_iterator<char, std::char_traits<char> > >
0017f864 0000000c V typeinfo for std::time_put<char, std::ostreambuf_iterator<char, std::char_traits<char> > >
0017f870 0000003b V typeinfo name for std::time_get<char, std::istreambuf_iterator<char, std::char_traits<char> > >
0017f8ac 00000020 V typeinfo for std::time_get<char, std::istreambuf_iterator<char, std::char_traits<char> > >
0017f8cc 0000001e V typeinfo name for std::__moneypunct_cache<char, false>
0017f8ec 0000000c V typeinfo for std::__moneypunct_cache<char, false>
0017f8f8 0000001e V typeinfo name for std::__moneypunct_cache<char, true>
0017f918 0000000c V typeinfo for std::__moneypunct_cache<char, true>
0017f924 00000018 V typeinfo name for std::__numpunct_cache<char>
0017f93c 0000000c V typeinfo for std::__numpunct_cache<char>
0017f948 0000001c V vtable for std::collate<char>
0017f964 00000024 V vtable for std::numpunct<char>
0017f988 0000003c V vtable for std::num_get<char, std::istreambuf_iterator<char, std::char_traits<char> > >
0017f9c4 00000030 V vtable for std::num_put<char, std::ostreambuf_iterator<char, std::char_traits<char> > >
0017f9f4 00000010 V vtable for std::__timepunct_cache<char>
0017fa04 00000010 V vtable for std::__timepunct<char>
0017fa14 00000034 V vtable for std::moneypunct<char, true>
0017fa48 00000034 V vtable for std::moneypunct<char, false>
0017fa7c 0000001c V vtable for std::messages<char>
0017fa98 0000002c V vtable for std::__codecvt_abstract_base<char, char, _mbstate_t>
0017fac4 00000018 V vtable for std::money_get<char, std::istreambuf_iterator<char, std::char_traits<char> > >
0017fadc 00000018 V vtable for std::money_put<char, std::ostreambuf_iterator<char, std::char_traits<char> > >
0017faf4 00000014 V vtable for std::time_put<char, std::ostreambuf_iterator<char, std::char_traits<char> > >
0017fb08 00000028 V vtable for std::time_get<char, std::istreambuf_iterator<char, std::char_traits<char> > >
0017fb30 00000010 V vtable for std::__moneypunct_cache<char, false>
0017fb40 00000010 V vtable for std::__moneypunct_cache<char, true>
0017fb50 00000010 V vtable for std::__numpunct_cache<char>
0017fb60 00000088 R std::locale::_S_twinned_facets
0017fbe8 00000003 V typeinfo name for std::ostream
0017fbec 00000018 V typeinfo for std::ostream
0017fc04 00000027 V typeinfo name for std::basic_ostream<wchar_t, std::char_traits<wchar_t> >
0017fc2c 00000018 V typeinfo for std::basic_ostream<wchar_t, std::char_traits<wchar_t> >
0017fc44 00000008 V VTT for std::ostream
0017fc4c 00000028 V vtable for std::ostream
0017fc74 00000008 V VTT for std::basic_ostream<wchar_t, std::char_traits<wchar_t> >
0017fc7c 00000028 V vtable for std::basic_ostream<wchar_t, std::char_traits<wchar_t> >
0017fca4 00000029 V typeinfo name for std::basic_streambuf<char, std::char_traits<char> >
0017fcd0 00000008 V typeinfo for std::basic_streambuf<char, std::char_traits<char> >
0017fcd8 00000029 V typeinfo name for std::basic_streambuf<wchar_t, std::char_traits<wchar_t> >
0017fd04 00000008 V typeinfo for std::basic_streambuf<wchar_t, std::char_traits<wchar_t> >
0017fd0c 00000040 V vtable for std::basic_streambuf<char, std::char_traits<char> >
0017fd4c 00000040 V vtable for std::basic_streambuf<wchar_t, std::char_traits<wchar_t> >
0017fd8c 00000019 R typeinfo name for std::_V2::error_category
0017fda8 00000008 R typeinfo for std::_V2::error_category
0017fdb0 00000011 R typeinfo name for std::system_error
0017fdc4 0000000c R typeinfo for std::system_error
0017fdd0 0000000c r typeinfo for (anonymous namespace)::generic_error_category
0017fddc 0000002a r typeinfo name for (anonymous namespace)::generic_error_category
0017fe08 00000014 R vtable for std::system_error
0017fe1c 00000028 r vtable for (anonymous namespace)::generic_error_category
0017ff0c 0000000e V typeinfo name for std::collate<wchar_t>
0017ff1c 0000000c V typeinfo for std::collate<wchar_t>
0017ff28 0000001d V typeinfo name for std::__ctype_abstract_base<wchar_t>
0017ff48 00000020 V typeinfo for std::__ctype_abstract_base<wchar_t>
0017ff68 0000000f V typeinfo name for std::numpunct<wchar_t>
0017ff78 0000000c V typeinfo for std::numpunct<wchar_t>
0017ff84 0000003a V typeinfo name for std::num_get<wchar_t, std::istreambuf_iterator<wchar_t, std::char_traits<wchar_t> > >
0017ffc0 0000000c V typeinfo for std::num_get<wchar_t, std::istreambuf_iterator<wchar_t, std::char_traits<wchar_t> > >
0017ffcc 0000003a V typeinfo name for std::num_put<wchar_t, std::ostreambuf_iterator<wchar_t, std::char_traits<wchar_t> > >
00180008 0000000c V typeinfo for std::num_put<wchar_t, std::ostreambuf_iterator<wchar_t, std::char_traits<wchar_t> > >
00180014 00000019 V typeinfo name for std::__timepunct_cache<wchar_t>
00180030 0000000c V typeinfo for std::__timepunct_cache<wchar_t>
0018003c 00000013 V typeinfo name for std::__timepunct<wchar_t>
00180050 0000000c V typeinfo for std::__timepunct<wchar_t>
0018005c 00000016 V typeinfo name for std::moneypunct<wchar_t, true>
00180074 00000020 V typeinfo for std::moneypunct<wchar_t, true>
00180094 00000016 V typeinfo name for std::moneypunct<wchar_t, false>
001800ac 00000020 V typeinfo for std::moneypunct<wchar_t, false>
001800cc 0000000f V typeinfo name for std::messages<wchar_t>
001800dc 00000020 V typeinfo for std::messages<wchar_t>
001800fc 0000002c V typeinfo name for std::__codecvt_abstract_base<wchar_t, char, _mbstate_t>
00180128 00000020 V typeinfo for std::__codecvt_abstract_base<wchar_t, char, _mbstate_t>
00180148 0000003c V typeinfo name for std::money_get<wchar_t, std::istreambuf_iterator<wchar_t, std::char_traits<wchar_t> > >
00180184 0000000c V typeinfo for std::money_get<wchar_t, std::istreambuf_iterator<wchar_t, std::char_traits<wchar_t> > >
00180190 0000003c V typeinfo name for std::money_put<wchar_t, std::ostreambuf_iterator<wchar_t, std::char_traits<wchar_t> > >
001801cc 0000000c V typeinfo for std::money_put<wchar_t, std::ostreambuf_iterator<wchar_t, std::char_traits<wchar_t> > >
001801d8 0000003b V typeinfo name for std::time_put<wchar_t, std::ostreambuf_iterator<wchar_t, std::char_traits<wchar_t> > >
00180214 0000000c V typeinfo for std::time_put<wchar_t, std::ostreambuf_iterator<wchar_t, std::char_traits<wchar_t> > >
00180220 0000003b V typeinfo name for std::time_get<wchar_t, std::istreambuf_iterator<wchar_t, std::char_traits<wchar_t> > >
0018025c 00000020 V typeinfo for std::time_get<wchar_t, std::istreambuf_iterator<wchar_t, std::char_traits<wchar_t> > >
0018027c 0000001e V typeinfo name for std::__moneypunct_cache<wchar_t, false>
0018029c 0000000c V typeinfo for std::__moneypunct_cache<wchar_t, false>
001802a8 0000001e V typeinfo name for std::__moneypunct_cache<wchar_t, true>
001802c8 0000000c V typeinfo for std::__moneypunct_cache<wchar_t, true>
001802d4 00000018 V typeinfo name for std::__numpunct_cache<wchar_t>
001802ec 0000000c V typeinfo for std::__numpunct_cache<wchar_t>
001802f8 0000001c V vtable for std::collate<wchar_t>
00180314 00000040 V vtable for std::__ctype_abstract_base<wchar_t>
00180354 00000024 V vtable for std::numpunct<wchar_t>
00180378 0000003c V vtable for std::num_get<wchar_t, std::istreambuf_iterator<wchar_t, std::char_traits<wchar_t> > >
001803b4 00000030 V vtable for std::num_put<wchar_t, std::ostreambuf_iterator<wchar_t, std::char_traits<wchar_t> > >
001803e4 00000010 V vtable for std::__timepunct_cache<wchar_t>
001803f4 00000010 V vtable for std::__timepunct<wchar_t>
00180404 00000034 V vtable for std::moneypunct<wchar_t, true>
00180438 00000034 V vtable for std::moneypunct<wchar_t, false>
0018046c 0000001c V vtable for std::messages<wchar_t>
00180488 0000002c V vtable for std::__codecvt_abstract_base<wchar_t, char, _mbstate_t>
001804b4 00000018 V vtable for std::money_get<wchar_t, std::istreambuf_iterator<wchar_t, std::char_traits<wchar_t> > >
001804cc 00000018 V vtable for std::money_put<wchar_t, std::ostreambuf_iterator<wchar_t, std::char_traits<wchar_t> > >
001804e4 00000014 V vtable for std::time_put<wchar_t, std::ostreambuf_iterator<wchar_t, std::char_traits<wchar_t> > >
001804f8 00000028 V vtable for std::time_get<wchar_t, std::istreambuf_iterator<wchar_t, std::char_traits<wchar_t> > >
00180520 00000010 V vtable for std::__moneypunct_cache<wchar_t, false>
00180530 00000010 V vtable for std::__moneypunct_cache<wchar_t, true>
00180540 00000010 V vtable for std::__numpunct_cache<wchar_t>
00180550 0000000d R typeinfo name for std::bad_alloc
00180560 0000000c R typeinfo for std::bad_alloc
0018056c 00000014 R vtable for std::bad_alloc
00180580 00000019 R typeinfo name for std::bad_array_new_length
0018059c 0000000c R typeinfo for std::bad_array_new_length
001805a8 00000014 R vtable for std::bad_array_new_length
001805bc 0000000c R typeinfo name for std::bad_cast
001805c8 0000000c R typeinfo for std::bad_cast
001805d4 00000014 R vtable for std::bad_cast
001805e8 00000022 R typeinfo name for __cxxabiv1::__class_type_info
0018060c 0000000c R typeinfo for __cxxabiv1::__class_type_info
00180618 0000002c R vtable for __cxxabiv1::__class_type_info
00180644 0000000d R typeinfo name for std::exception
00180654 00000008 R typeinfo for std::exception
0018065c 00000012 R typeinfo name for std::bad_exception
00180670 0000000c R typeinfo for std::bad_exception
0018067c 00000020 R typeinfo name for __cxxabiv1::__forced_unwind
0018069c 00000008 R typeinfo for __cxxabiv1::__forced_unwind
001806a4 00000024 R typeinfo name for __cxxabiv1::__foreign_exception
001806c8 00000008 R typeinfo for __cxxabiv1::__foreign_exception
001806d0 00000014 R vtable for std::bad_exception
001806f8 0000002c V typeinfo name for __gnu_cxx::__concurrence_broadcast_error
00180724 0000000c V typeinfo for __gnu_cxx::__concurrence_broadcast_error
00180730 00000027 V typeinfo name for __gnu_cxx::__concurrence_wait_error
00180758 0000000c V typeinfo for __gnu_cxx::__concurrence_wait_error
00180764 00000014 V vtable for __gnu_cxx::__concurrence_broadcast_error
00180778 00000014 V vtable for __gnu_cxx::__concurrence_wait_error
0018078c 00000023 R typeinfo name for __gnu_cxx::recursive_init_error
001807b0 0000000c R typeinfo for __gnu_cxx::recursive_init_error
001807bc 00000014 R vtable for __gnu_cxx::recursive_init_error
001807d0 00000001 R std::nothrow
001807d4 00000025 R typeinfo name for __cxxabiv1::__si_class_type_info
001807fc 0000000c R typeinfo for __cxxabiv1::__si_class_type_info
00180808 0000002c R vtable for __cxxabiv1::__si_class_type_info
00180834 0000000d R typeinfo name for std::type_info
00180844 00000008 R typeinfo for std::type_info
0018084c 00000026 R typeinfo name for __cxxabiv1::__vmi_class_type_info
00180874 0000000c R typeinfo for __cxxabiv1::__vmi_class_type_info
00180880 0000002c R vtable for __cxxabiv1::__vmi_class_type_info
001808ac 0000001b V typeinfo name for std::codecvt<char, char, _mbstate_t>
001808c8 0000000c V typeinfo for std::codecvt<char, char, _mbstate_t>
001808d4 0000001b V typeinfo name for std::codecvt<wchar_t, char, _mbstate_t>
001808f0 0000000c V typeinfo for std::codecvt<wchar_t, char, _mbstate_t>
001808fc 0000002c V vtable for std::codecvt<char, char, _mbstate_t>
00180928 0000002c V vtable for std::codecvt<wchar_t, char, _mbstate_t>
00180954 00000034 r std::(anonymous namespace)::mon_yday
00180988 00000004 R std::money_base::_S_default_pattern
00181114 00000010 R typeinfo name for std::logic_error
00181124 0000000c R typeinfo for std::logic_error
00181130 00000011 R typeinfo name for std::length_error
00181144 0000000c R typeinfo for std::length_error
00181150 00000011 R typeinfo name for std::out_of_range
00181164 0000000c R typeinfo for std::out_of_range
00181170 00000012 R typeinfo name for std::runtime_error
00181184 0000000c R typeinfo for std::runtime_error
00181190 00000014 R vtable for std::logic_error
001811a4 00000014 R vtable for std::length_error
001811b8 00000014 R vtable for std::out_of_range
001811cc 00000014 R vtable for std::runtime_error
001811e0 0000002d V typeinfo name for std::__codecvt_abstract_base<char16_t, char, _mbstate_t>
00181210 00000020 V typeinfo for std::__codecvt_abstract_base<char16_t, char, _mbstate_t>
00181230 0000001c V typeinfo name for std::codecvt<char16_t, char, _mbstate_t>
0018124c 0000000c V typeinfo for std::codecvt<char16_t, char, _mbstate_t>
00181258 0000002d V typeinfo name for std::__codecvt_abstract_base<char32_t, char, _mbstate_t>
00181288 00000020 V typeinfo for std::__codecvt_abstract_base<char32_t, char, _mbstate_t>
001812a8 0000001c V typeinfo name for std::codecvt<char32_t, char, _mbstate_t>
001812c4 0000000c V typeinfo for std::codecvt<char32_t, char, _mbstate_t>
001812d0 0000002e V typeinfo name for std::__codecvt_abstract_base<char16_t, char8_t, _mbstate_t>
00181300 00000020 V typeinfo for std::__codecvt_abstract_base<char16_t, char8_t, _mbstate_t>
00181320 0000001d V typeinfo name for std::codecvt<char16_t, char8_t, _mbstate_t>
00181340 0000000c V typeinfo for std::codecvt<char16_t, char8_t, _mbstate_t>
0018134c 0000002e V typeinfo name for std::__codecvt_abstract_base<char32_t, char8_t, _mbstate_t>
0018137c 00000020 V typeinfo for std::__codecvt_abstract_base<char32_t, char8_t, _mbstate_t>
0018139c 0000001d V typeinfo name for std::codecvt<char32_t, char8_t, _mbstate_t>
001813bc 0000000c V typeinfo for std::codecvt<char32_t, char8_t, _mbstate_t>
001813c8 0000002c V vtable for std::__codecvt_abstract_base<char16_t, char, _mbstate_t>
001813f4 0000002c V vtable for std::codecvt<char16_t, char, _mbstate_t>
00181420 0000002c V vtable for std::__codecvt_abstract_base<char32_t, char, _mbstate_t>
0018144c 0000002c V vtable for std::codecvt<char32_t, char, _mbstate_t>
00181478 0000002c V vtable for std::__codecvt_abstract_base<char16_t, char8_t, _mbstate_t>
001814a4 0000002c V vtable for std::codecvt<char16_t, char8_t, _mbstate_t>
001814d0 0000002c V vtable for std::__codecvt_abstract_base<char32_t, char8_t, _mbstate_t>
001814fc 0000002c V vtable for std::codecvt<char32_t, char8_t, _mbstate_t>
00181528 0000001d R typeinfo name for std::ios_base::failure[abi:cxx11]
00181548 0000000c R typeinfo for std::ios_base::failure[abi:cxx11]
00181554 00000012 V typeinfo name for std::__ios_failure
00181568 0000000c V typeinfo for std::__ios_failure
00181574 00000018 R typeinfo name for std::__iosfail_type_info
0018158c 00000018 R typeinfo for std::__iosfail_type_info
001815a4 00000014 R vtable for std::ios_base::failure[abi:cxx11]
001815b8 00000014 V vtable for std::__ios_failure
001815cc 0000002c R vtable for std::__iosfail_type_info
001816b8 00000018 V typeinfo name for std::__cxx11::collate<char>
001816d0 0000000c V typeinfo for std::__cxx11::collate<char>
001816dc 00000019 V typeinfo name for std::__cxx11::numpunct<char>
001816f8 0000000c V typeinfo for std::__cxx11::numpunct<char>
00181704 00000020 V typeinfo name for std::__cxx11::moneypunct<char, true>
00181724 00000020 V typeinfo for std::__cxx11::moneypunct<char, true>
00181744 00000020 V typeinfo name for std::__cxx11::moneypunct<char, false>
00181764 00000020 V typeinfo for std::__cxx11::moneypunct<char, false>
00181784 00000019 V typeinfo name for std::__cxx11::messages<char>
001817a0 00000020 V typeinfo for std::__cxx11::messages<char>
001817c0 00000046 V typeinfo name for std::__cxx11::money_get<char, std::istreambuf_iterator<char, std::char_traits<char> > >
00181808 0000000c V typeinfo for std::__cxx11::money_get<char, std::istreambuf_iterator<char, std::char_traits<char> > >
00181814 00000046 V typeinfo name for std::__cxx11::money_put<char, std::ostreambuf_iterator<char, std::char_traits<char> > >
0018185c 0000000c V typeinfo for std::__cxx11::money_put<char, std::ostreambuf_iterator<char, std::char_traits<char> > >
00181868 00000045 V typeinfo name for std::__cxx11::time_get<char, std::istreambuf_iterator<char, std::char_traits<char> > >
001818b0 00000020 V typeinfo for std::__cxx11::time_get<char, std::istreambuf_iterator<char, std::char_traits<char> > >
001818d0 0000001c V vtable for std::__cxx11::collate<char>
001818ec 00000024 V vtable for std::__cxx11::numpunct<char>
00181910 00000034 V vtable for std::__cxx11::moneypunct<char, true>
00181944 00000034 V vtable for std::__cxx11::moneypunct<char, false>
00181978 0000001c V vtable for std::__cxx11::messages<char>
00181994 00000018 V vtable for std::__cxx11::money_get<char, std::istreambuf_iterator<char, std::char_traits<char> > >
001819ac 00000018 V vtable for std::__cxx11::money_put<char, std::ostreambuf_iterator<char, std::char_traits<char> > >
001819c4 0000002c V vtable for std::__cxx11::time_get<char, std::istreambuf_iterator<char, std::char_traits<char> > >
001819f0 0000000c r typeinfo for (anonymous namespace)::io_error_category
001819fc 00000025 r typeinfo name for (anonymous namespace)::io_error_category
00181a24 00000028 r vtable for (anonymous namespace)::io_error_category
00181a4c 00000016 R typeinfo name for std::ios_base::failure
00181a64 0000000c R typeinfo for std::ios_base::failure
00181a70 00000014 R vtable for std::ios_base::failure
00181b80 0000001c r categories
00181c00 00000014 r fpinan.0
00181c14 00000014 r fpi.1
00181c28 00000028 r tinytens
00181cfc 00000100 R __hexdig
00181e34 00000048 r JIS_action_table
00181e7c 00000048 r JIS_state_table
00182008 00000010 r zeroes.0
00182018 00000010 r blanks.1
00182028 00000101 R _ctype_
00182214 00000010 r zeroes.0
00182224 00000010 r blanks.1
00182234 0000006c R __action_table
001822a0 0000006c R __state_table
0018230c 00000100 R __chclass
0018240c 000000fc R _C_time_locale
001825a4 0000000c r p05.0
001825b0 00000028 R __mprec_bigtens
001825d8 000000c8 R __mprec_tens
001826a0 00000060 R __month_lengths
00182708 000035dc r categories
00185db0 00000040 r zeroes.0
00185df0 00000040 r blanks.1
00185f44 00000022 r basefix.0
00186050 00000010 r zeroes.0
00186060 00000010 r blanks.1
001860f0 00000022 r basefix.0
00186114 00000080 R dotab_stdnull
00186194 R __tdata_align
00186198 r __EH_FRAME_BEGIN__
00188564 R __exidx_start
001897a4 R __exidx_end
0018a000 00000001 d firstConsoleInit.0
0018a004 00000004 D currentConsole
0018a008 00000048 D defaultConsole
0018a050 00000004 d aptChainloadDeliverArgSize
0018a054 00000004 d kCount
0018a058 00000004 d kInterval
0018a05c 00000004 d kDelay
0018a060 W __stacksize__
0018a064 00000001 D std::ios_base::Init::_S_synced_with_stdio
0018a068 00000004 d (anonymous namespace)::generic_category_instance
0018a06c 00000004 D __cxxabiv1::__unexpected_handler
0018a070 00000004 D std::__num_base::_S_atoms_out
0018a074 00000004 D std::__num_base::_S_atoms_in
0018a078 00000004 D std::money_base::_S_atoms
0018a07c 00000038 D std::__timepunct_cache<wchar_t>::_S_timezones
0018a0b4 00000038 D std::__timepunct_cache<char>::_S_timezones
0018a0ec 00000004 d (anonymous namespace)::io_category_instance
0018a0f0 00000004 D __cxxabiv1::__terminate_handler
0018a0f4 000000e7 d global_locale_string
0018a1dc 0000016c D __global_locale
0018a348 00000020 D __default_locale
0018a368 0000000c D __sglue
0018a378 00000058 d tzinfo
0018a3d0 00000004 D __malloc_sbrk_base
0018a3d4 00000004 D __malloc_trim_threshold
0018a3d8 00000408 D __malloc_av_
0018a7e0 00000004 D _impure_ptr
0018a7e8 00000140 D _impure_data
0018a928 00000008 D _tzname
0018a930 00000004 D environ
0018a934 000007b0 d caseconv_table
0018b0e4 00000400 d _current_working_directory
0018b4e8 00001000 d handles
0018c4e8 0000000c d __stderr_handle
0018c4f4 0000000c d __stdout_handle
0018c500 0000000c d __stdin_handle
0018c50c 0000008c D devoptab_list
0018c598 00000004 d defaultDevice
0018c5a4 d _GLOBAL_OFFSET_TABLE_
0018c5b0 D __init_array_start
0018c5b0 B __preinit_array_end
0018c5b0 B __preinit_array_start
0018c5b0 D __tdata_lma
0018c5b0 D __tdata_lma_end
0018c5b4 d __frame_dummy_init_array_entry
0018c5d0 d __do_global_dtors_aux_fini_array_entry
0018c5d0 D __fini_array_start
0018c5d0 D __init_array_end
0018c5dc D __bss_start__
0018c5dc D __fini_array_end
0018c5dc b completed.1
0018c5e0 b object.0
0018c5f8 00000064 b escapeSeq
0018c65c 00000048 B currentCopy
0018c6a4 00000004 b screenAlloc
0018c6a8 00000004 b screenFree
0018c6ac 00000002 b gfxIsDoubleBuf
0018c6b0 00000002 b gfxCurBuf
0018c6b2 00000001 b gfxIsVram
0018c6b3 00000001 b gfxTopMode
0018c6b4 00000002 b gfxFramebufferFormats
0018c6b8 00000004 b gfxBottomFramebufferMaxSize
0018c6bc 00000004 b gfxTopFramebufferMaxSize
0018c6c0 00000008 b gfxBottomFramebuffers
0018c6c8 00000008 b gfxTopFramebuffers
0018c6d0 00000004 b romfs_mount_list
0018c6d4 00000001 b flagValue.0
0018c6d5 00000001 b flagInit.1
0018c6d8 00000004 b serviceName.6
0018c6dc 00000001 b aptChainloadFlags
0018c6dd 00000001 b aptChainloadMediatype
0018c6e0 00000020 b aptChainloadHmac
0018c700 00000300 b aptChainloadDeliverArg
0018ca00 00000008 b aptChainloadTid
0018ca08 00001000 b aptParameters
0018da08 00000004 b aptFlags
0018da0c 00000001 b aptHomeButtonState
0018da10 00000004 b aptMessageFuncData
0018da14 00000004 b aptMessageFunc
0018da18 0000000c b aptFirstHook
0018da24 00000001 b aptEventHandlerThreadQuit
0018da28 00000004 b aptEventHandlerThread
0018da2c 00000008 b aptSleepEvent
0018da34 00000008 b aptReceiveEvent
0018da3c 00000008 b aptEvents
0018da44 00000004 b aptLockHandle
0018da48 00000004 b aptRefCount
0018da50 00000080 b fsExemptArchives
0018dad0 00000004 b fsuRefCount
0018dad4 00000004 b fsuHandle
0018dad8 00000007 b gspEventCbOneShot
0018dae0 0000001c b gspEventCbData
0018dafc 0000001c b gspEventCb
0018db18 00000038 b gspEvents
0018db50 00000004 b gspLastEvent
0018db54 00000001 b gspRunEvents
0018db58 00000004 b gspEventThread
0018db5c 00000004 b gspEvent
0018db60 00000001 b gspGpuRight
0018db61 00000001 b gspThreadId
0018db64 00000004 b gspSharedMem
0018db68 00000004 b gspSharedMemHandle
0018db6c 00000004 b gspRefCount
0018db70 00000004 b gspGpuHandle
0018db74 00000001 b usingIrrst
0018db78 00000004 b hidRefCount
0018db7c 00000006 b gRate
0018db84 00000006 b aVec
0018db8c 00000004 b cPos
0018db90 00000004 b tPos
0018db94 00000004 b kRepeat
0018db98 00000004 b kUp
0018db9c 00000004 b kDown
0018dba0 00000004 b kHeld
0018dba4 00000004 b kOld
0018dba8 00000004 B hidSharedMem
0018dbac 00000014 B hidEvents
0018dbc0 00000004 B hidMemHandle
0018dbc4 00000004 B hidHandle
0018dbc8 00000004 b irrstRefCount
0018dbcc 00000004 b csPos
0018dbd0 00000004 b kHeld
0018dbd4 00000004 B irrstSharedMem
0018dbd8 00000004 B irrstEvent
0018dbdc 00000004 B irrstMemHandle
0018dbe0 00000004 B irrstHandle
0018dbe4 00000004 B __system_retAddr
0018dbe8 00000004 B __system_argv
0018dbec 00000004 B __system_argc
0018dbf0 b saved_stack
0018dbf8 00000008 b sLinearPool
0018dc00 0000000c b sAddrMap
0018dc10 00000008 b sVramPoolB
0018dc18 00000008 b sVramPoolA
0018dc20 0000000c b sAddrMap
0018dc2c 00000004 B __3dslink_host
0018dc30 00000001 V __ctru_speedup
0018dc34 00000004 b srvRefCount
0018dc38 00000004 b srvHandle
0018dc3c 00000004 b arbiter
0018dc40 00000004 b currentAddr
0018dc44 00000004 b maxAddr
0018dc48 00000004 b minAddr
0018dc4c 00000004 b ptmSysmRefCount
0018dc50 00000004 b ptmSysmHandle
0018dc54 00000004 b srvPmHandle
0018dc58 00000004 V __ctru_linear_heap_size
0018dc5c 00000004 V __ctru_heap_size
0018dc60 00000004 B __ctru_linear_heap
0018dc64 00000004 B __ctru_heap
0018dc68 000005c0 b archive_devices
0018e228 00000004 b archive_device_cwd
0018e22c 00000001 b archive_initialized
0018e230 00000028 B __gnu_internal::buf_wcerr_sync
0018e258 00000028 B __gnu_internal::buf_wcin_sync
0018e280 00000028 B __gnu_internal::buf_wcout_sync
0018e2a8 00000028 B __gnu_internal::buf_cerr_sync
0018e2d0 00000028 B __gnu_internal::buf_cin_sync
0018e2f8 00000028 B __gnu_internal::buf_cout_sync
0018e320 00000001 b std::__ioinit
0018e324 00000090 B std::wclog
0018e3b4 00000090 B std::wcerr
0018e444 00000090 B std::wcout
0018e4d4 00000094 B std::wcin
0018e568 0000008c B std::clog
0018e5f4 0000008c B std::cerr
0018e680 0000008c B std::cout
0018e70c 00000090 B std::cin
0018e79c 00000004 B std::locale::id::_S_refcount
0018e7a0 00000004 B std::locale::facet::_S_once
0018e7a4 00000004 B std::locale::facet::_S_c_locale
0018e7a8 00000004 B std::locale::_S_once
0018e7ac 00000004 B std::locale::_S_global
0018e7b0 00000004 B std::locale::_S_classic
0018e7b4 00000004 b guard variable for (anonymous namespace)::get_locale_cache_mutex()::locale_cache_mutex
0018e7b8 00000010 b (anonymous namespace)::get_locale_cache_mutex()::locale_cache_mutex
0018e7c8 00000010 V std::string::_Rep::_S_empty_rep_storage
0018e7d8 00000010 V std::basic_string<wchar_t, std::char_traits<wchar_t>, std::allocator<wchar_t> >::_Rep::_S_empty_rep_storage
0018e7e8 00000004 B std::ctype<wchar_t>::id
0018e7ec 00000004 B std::ctype<char>::id
0018e7f0 00000004 V guard variable for std::__cxx11::collate<wchar_t>::id
0018e7f4 00000004 V guard variable for std::__cxx11::messages<wchar_t>::id
0018e7f8 00000004 V guard variable for std::__cxx11::time_get<wchar_t, std::istreambuf_iterator<wchar_t, std::char_traits<wchar_t> > >::id
0018e7fc 00000004 V guard variable for std::__cxx11::numpunct<wchar_t>::id
0018e800 00000004 V guard variable for std::__cxx11::moneypunct<wchar_t, true>::id
0018e804 00000004 V guard variable for std::__cxx11::moneypunct<wchar_t, false>::id
0018e808 00000004 V guard variable for std::__cxx11::money_put<wchar_t, std::ostreambuf_iterator<wchar_t, std::char_traits<wchar_t> > >::id
0018e80c 00000004 V guard variable for std::__cxx11::money_get<wchar_t, std::istreambuf_iterator<wchar_t, std::char_traits<wchar_t> > >::id
0018e810 00000004 V std::__cxx11::collate<wchar_t>::id
0018e814 00000004 V std::__cxx11::messages<wchar_t>::id
0018e818 00000004 V std::__cxx11::time_get<wchar_t, std::istreambuf_iterator<wchar_t, std::char_traits<wchar_t> > >::id
0018e81c 00000004 V std::__cxx11::numpunct<wchar_t>::id
0018e820 00000004 V std::__cxx11::moneypunct<wchar_t, true>::id
0018e824 00000004 V std::__cxx11::moneypunct<wchar_t, false>::id
0018e828 00000004 V std::__cxx11::money_put<wchar_t, std::ostreambuf_iterator<wchar_t, std::char_traits<wchar_t> > >::id
0018e82c 00000004 V std::__cxx11::money_get<wchar_t, std::istreambuf_iterator<wchar_t, std::char_traits<wchar_t> > >::id
0018e830 00000004 B std::ios_base::Init::_S_refcount
0018e834 00000004 V guard variable for std::collate<char>::id
0018e838 00000004 V guard variable for std::messages<char>::id
0018e83c 00000004 V guard variable for std::time_get<char, std::istreambuf_iterator<char, std::char_traits<char> > >::id
0018e840 00000004 V guard variable for std::time_put<char, std::ostreambuf_iterator<char, std::char_traits<char> > >::id
0018e844 00000004 V guard variable for std::__timepunct<char>::id
0018e848 00000004 V guard variable for std::numpunct<char>::id
0018e84c 00000004 V guard variable for std::moneypunct<char, true>::id
0018e850 00000004 V guard variable for std::moneypunct<char, false>::id
0018e854 00000004 V guard variable for std::money_put<char, std::ostreambuf_iterator<char, std::char_traits<char> > >::id
0018e858 00000004 V guard variable for std::money_get<char, std::istreambuf_iterator<char, std::char_traits<char> > >::id
0018e85c 00000004 V guard variable for std::num_put<char, std::ostreambuf_iterator<char, std::char_traits<char> > >::id
0018e860 00000004 V guard variable for std::num_get<char, std::istreambuf_iterator<char, std::char_traits<char> > >::id
0018e864 00000004 V std::collate<char>::id
0018e868 00000004 V std::messages<char>::id
0018e86c 00000004 V std::time_get<char, std::istreambuf_iterator<char, std::char_traits<char> > >::id
0018e870 00000004 V std::time_put<char, std::ostreambuf_iterator<char, std::char_traits<char> > >::id
0018e874 00000004 V std::__timepunct<char>::id
0018e878 00000004 V std::numpunct<char>::id
0018e87c 00000004 V std::moneypunct<char, true>::id
0018e880 00000004 V std::moneypunct<char, false>::id
0018e884 00000004 V std::money_put<char, std::ostreambuf_iterator<char, std::char_traits<char> > >::id
0018e888 00000004 V std::money_get<char, std::istreambuf_iterator<char, std::char_traits<char> > >::id
0018e88c 00000004 V std::num_put<char, std::ostreambuf_iterator<char, std::char_traits<char> > >::id
0018e890 00000004 V std::num_get<char, std::istreambuf_iterator<char, std::char_traits<char> > >::id
0018e898 000000c8 b (anonymous namespace)::timepunct_cache_w
0018e960 00000070 b (anonymous namespace)::moneypunct_cache_wf
0018e9d0 00000070 b (anonymous namespace)::moneypunct_cache_wt
0018ea40 00000128 b (anonymous namespace)::numpunct_cache_w
0018eb68 000000c8 b (anonymous namespace)::timepunct_cache_c
0018ec30 00000044 b (anonymous namespace)::moneypunct_cache_cf
0018ec74 00000044 b (anonymous namespace)::moneypunct_cache_ct
0018ecb8 00000068 b (anonymous namespace)::numpunct_cache_c
0018ed20 00000008 b (anonymous namespace)::codecvt_c32_c8
0018ed28 00000008 b (anonymous namespace)::codecvt_c16_c8
0018ed30 00000008 b (anonymous namespace)::codecvt_c32
0018ed38 00000008 b (anonymous namespace)::codecvt_c16
0018ed40 00000010 b (anonymous namespace)::messages_w
0018ed50 00000008 b (anonymous namespace)::time_put_w
0018ed58 00000008 b (anonymous namespace)::time_get_w
0018ed60 00000014 b (anonymous namespace)::timepunct_w
0018ed74 00000008 b (anonymous namespace)::money_put_w
0018ed7c 00000008 b (anonymous namespace)::money_get_w
0018ed84 0000000c b (anonymous namespace)::moneypunct_wf
0018ed90 0000000c b (anonymous namespace)::moneypunct_wt
0018ed9c 0000000c b (anonymous namespace)::codecvt_w
0018eda8 00000008 b (anonymous namespace)::num_put_w
0018edb0 00000008 b (anonymous namespace)::num_get_w
0018edb8 0000000c b (anonymous namespace)::numpunct_w
0018edc4 0000000c b (anonymous namespace)::collate_w
0018edd0 000004e0 b (anonymous namespace)::ctype_w
0018f2b0 00000010 b (anonymous namespace)::messages_c
0018f2c0 00000008 b (anonymous namespace)::time_put_c
0018f2c8 00000008 b (anonymous namespace)::time_get_c
0018f2d0 00000014 b (anonymous namespace)::timepunct_c
0018f2e4 00000008 b (anonymous namespace)::money_put_c
0018f2ec 00000008 b (anonymous namespace)::money_get_c
0018f2f4 0000000c b (anonymous namespace)::moneypunct_cf
0018f300 0000000c b (anonymous namespace)::moneypunct_ct
0018f30c 0000000c b (anonymous namespace)::codecvt_c
0018f318 00000008 b (anonymous namespace)::num_put_c
0018f320 00000008 b (anonymous namespace)::num_get_c
0018f328 0000000c b (anonymous namespace)::numpunct_c
0018f334 0000000c b (anonymous namespace)::collate_c
0018f340 00000220 b (anonymous namespace)::ctype_c
0018f560 000000c0 b (anonymous namespace)::cache_vec
0018f620 000000c0 b (anonymous namespace)::facet_vec
0018f6e0 0000000c b (anonymous namespace)::name_c
0018f6ec 00000018 b (anonymous namespace)::name_vec
0018f704 00000004 b (anonymous namespace)::c_locale
0018f708 00000014 b (anonymous namespace)::c_locale_impl
0018f71c 00000004 b guard variable for (anonymous namespace)::get_locale_mutex()::locale_mutex
0018f720 00000010 b (anonymous namespace)::get_locale_mutex()::locale_mutex
0018f730 00000004 V guard variable for std::collate<wchar_t>::id
0018f734 00000004 V guard variable for std::messages<wchar_t>::id
0018f738 00000004 V guard variable for std::time_get<wchar_t, std::istreambuf_iterator<wchar_t, std::char_traits<wchar_t> > >::id
0018f73c 00000004 V guard variable for std::time_put<wchar_t, std::ostreambuf_iterator<wchar_t, std::char_traits<wchar_t> > >::id
0018f740 00000004 V guard variable for std::__timepunct<wchar_t>::id
0018f744 00000004 V guard variable for std::numpunct<wchar_t>::id
0018f748 00000004 V guard variable for std::moneypunct<wchar_t, true>::id
0018f74c 00000004 V guard variable for std::moneypunct<wchar_t, false>::id
0018f750 00000004 V guard variable for std::money_put<wchar_t, std::ostreambuf_iterator<wchar_t, std::char_traits<wchar_t> > >::id
0018f754 00000004 V guard variable for std::money_get<wchar_t, std::istreambuf_iterator<wchar_t, std::char_traits<wchar_t> > >::id
0018f758 00000004 V guard variable for std::num_put<wchar_t, std::ostreambuf_iterator<wchar_t, std::char_traits<wchar_t> > >::id
0018f75c 00000004 V guard variable for std::num_get<wchar_t, std::istreambuf_iterator<wchar_t, std::char_traits<wchar_t> > >::id
0018f760 00000004 V std::collate<wchar_t>::id
0018f764 00000004 V std::messages<wchar_t>::id
0018f768 00000004 V std::time_get<wchar_t, std::istreambuf_iterator<wchar_t, std::char_traits<wchar_t> > >::id
0018f76c 00000004 V std::time_put<wchar_t, std::ostreambuf_iterator<wchar_t, std::char_traits<wchar_t> > >::id
0018f770 00000004 V std::__timepunct<wchar_t>::id
0018f774 00000004 V std::numpunct<wchar_t>::id
0018f778 00000004 V std::moneypunct<wchar_t, true>::id
0018f77c 00000004 V std::moneypunct<wchar_t, false>::id
0018f780 00000004 V std::money_put<wchar_t, std::ostreambuf_iterator<wchar_t, std::char_traits<wchar_t> > >::id
0018f784 00000004 V std::money_get<wchar_t, std::istreambuf_iterator<wchar_t, std::char_traits<wchar_t> > >::id
0018f788 00000004 V std::num_put<wchar_t, std::ostreambuf_iterator<wchar_t, std::char_traits<wchar_t> > >::id
0018f78c 00000004 V std::num_get<wchar_t, std::istreambuf_iterator<wchar_t, std::char_traits<wchar_t> > >::id
0018f790 0000001c b (anonymous namespace)::emergency_pool
0018f7ac 00000004 b init
0018f7b0 00000001 B __eh_globals_init::_S_init
0018f7b4 0000000c b (anonymous namespace)::eh_globals
0018f7c0 00000004 b (anonymous namespace)::get_static_cond()::once
0018f7c8 00000008 b (anonymous namespace)::fake_cond
0018f7d0 00000004 b (anonymous namespace)::static_cond
0018f7d4 00000004 b (anonymous namespace)::get_static_mutex()::once
0018f7d8 00000010 b (anonymous namespace)::fake_mutex
0018f7e8 00000004 b (anonymous namespace)::static_mutex
0018f7ec 00000004 b (anonymous namespace)::__new_handler
0018f7f0 00000004 B std::codecvt<wchar_t, char, _mbstate_t>::id
0018f7f4 00000004 B std::codecvt<char, char, _mbstate_t>::id
0018f7f8 00000004 B std::codecvt<char32_t, char8_t, _mbstate_t>::id
0018f7fc 00000004 B std::codecvt<char16_t, char8_t, _mbstate_t>::id
0018f800 00000004 B std::codecvt<char32_t, char, _mbstate_t>::id
0018f804 00000004 B std::codecvt<char16_t, char, _mbstate_t>::id
0018f808 00000010 b std::(anonymous namespace)::messages_w
0018f818 00000008 b std::(anonymous namespace)::time_get_w
0018f820 00000008 b std::(anonymous namespace)::money_put_w
0018f828 00000008 b std::(anonymous namespace)::money_get_w
0018f830 0000000c b std::(anonymous namespace)::moneypunct_wf
0018f83c 0000000c b std::(anonymous namespace)::moneypunct_wt
0018f848 0000000c b std::(anonymous namespace)::numpunct_w
0018f854 0000000c b std::(anonymous namespace)::collate_w
0018f860 00000010 b std::(anonymous namespace)::messages_c
0018f870 00000008 b std::(anonymous namespace)::time_get_c
0018f878 00000008 b std::(anonymous namespace)::money_put_c
0018f880 00000008 b std::(anonymous namespace)::money_get_c
0018f888 0000000c b std::(anonymous namespace)::moneypunct_cf
0018f894 0000000c b std::(anonymous namespace)::moneypunct_ct
0018f8a0 0000000c b std::(anonymous namespace)::numpunct_c
0018f8ac 0000000c b std::(anonymous namespace)::collate_c
0018f8b8 00000004 V guard variable for std::__cxx11::collate<char>::id
0018f8bc 00000004 V guard variable for std::__cxx11::messages<char>::id
0018f8c0 00000004 V guard variable for std::__cxx11::time_get<char, std::istreambuf_iterator<char, std::char_traits<char> > >::id
0018f8c4 00000004 V guard variable for std::__cxx11::numpunct<char>::id
0018f8c8 00000004 V guard variable for std::__cxx11::moneypunct<char, true>::id
0018f8cc 00000004 V guard variable for std::__cxx11::moneypunct<char, false>::id
0018f8d0 00000004 V guard variable for std::__cxx11::money_put<char, std::ostreambuf_iterator<char, std::char_traits<char> > >::id
0018f8d4 00000004 V guard variable for std::__cxx11::money_get<char, std::istreambuf_iterator<char, std::char_traits<char> > >::id
0018f8d8 00000004 V std::__cxx11::collate<char>::id
0018f8dc 00000004 V std::__cxx11::messages<char>::id
0018f8e0 00000004 V std::__cxx11::time_get<char, std::istreambuf_iterator<char, std::char_traits<char> > >::id
0018f8e4 00000004 V std::__cxx11::numpunct<char>::id
0018f8e8 00000004 V std::__cxx11::moneypunct<char, true>::id
0018f8ec 00000004 V std::__cxx11::moneypunct<char, false>::id
0018f8f0 00000004 V std::__cxx11::money_put<char, std::ostreambuf_iterator<char, std::char_traits<char> > >::id
0018f8f4 00000004 V std::__cxx11::money_get<char, std::istreambuf_iterator<char, std::char_traits<char> > >::id
0018f8f8 000000e0 b saved_categories.0
0018f9d8 000000e0 b new_categories.1
0018fab8 0000000c b __sfp_recursive_mutex
0018fac8 00000168 B __sf
0018fc30 00000004 B __stdio_exit_handler
0018fc34 00000004 b __tz_mutex
0018fc38 00000028 B __malloc_current_mallinfo
0018fc60 00000004 B __malloc_max_total_mem
0018fc64 00000004 B __malloc_max_sbrked_mem
0018fc68 00000004 B __malloc_top_pad
0018fc6c 00000004 b prev_tzenv
0018fc70 0000000c b __tzname_dst
0018fc7c 0000000c b __tzname_std
0018fc88 0000000c b __malloc_recursive_mutex
0018fc94 00000004 B _timezone
0018fc98 00000004 B _daylight
0018fc9c 0000000c b __env_recursive_mutex
0018fca8 00000004 b initial_env
0018fcac 00000400 b temp_cwd
001900ac 00000004 b __hndl_lock
001900b0 00000004 B fake_heap_start
001900b4 00000004 B fake_heap_end
001900b8 00000004 b heap_start.0
001900bc B __tls_start
00190cc4 B __bss_end__
00190cc4 A __end__
00190cc4 B __tls_end
